id,ratio_TSS_0,ratio_TSS_1
ENST00000615943.1,,
ENST00000635667.1,,
ENST00000624155.2,,
ENST00000422332.1,,
ENST00000612732.1,,
ENST00000672261.1,,
ENST00000657566.1,,
ENST00000657645.1,,
ENST00000634617.1,,
ENST00000613107.1,,
ENST00000623391.1,,
ENST00000448473.1,,
ENST00000623199.1,,
ENST00000425869.1,,
ENST00000441221.1,,
ENST00000429435.1,,
ENST00000643195.1,,
ENST00000412729.1,,
ENST00000443989.1,,
ENST00000444162.1,,
ENST00000417863.1,,
ENST00000456143.1,,
ENST00000447704.1,,
ENST00000428118.1,,
ENST00000438441.1,,
ENST00000440999.1,,
ENST00000426025.1,,
ENST00000435410.1,,
ENST00000343518.11,,
ENST00000621704.4,,301.0
ENST00000390914.1,,
ENST00000422014.1,,
ENST00000417657.1,,
ENST00000453395.5,,
ENST00000423297.1,,
ENST00000438574.1,,
ENST00000413768.5,2001.0000000000002,2501.0
ENST00000437781.5,9.955223880597016,2501.0
ENST00000661115.1,4.990024937655861,6.236907730673318
ENST00000447898.5,3.495840266222962,6.236907730673318
ENST00000661156.1,1.2591632728619029,1.0357015351660122
ENST00000657965.1,0.8889505830094392,1.3996003996003996
ENST00000414726.1,1.2498750624687656,1.3682272488164124
ENST00000440946.5,2.4962593516209477,1.0
ENST00000609679.1,1.9950248756218907,1.1663893510815309
ENST00000608286.1,1.4541326067211628,1.8515364679748239
ENST00000456786.2,1.0999000999000998,1.1153402537485582
ENST00000420638.2,,1.9950248756218907
ENST00000398242.2,,
ENST00000448070.1,,
ENST00000424770.1,,
ENST00000612550.1,,
ENST00000399687.3,1.3322259136212624,
ENST00000427602.1,,
ENST00000426076.1,,
ENST00000421957.1,,
ENST00000623630.1,,
ENST00000450340.1,,
ENST00000609641.1,,
ENST00000454360.1,,
ENST00000493696.2,,
ENST00000359963.4,,
ENST00000656324.1,,
ENST00000430910.1,,
ENST00000558085.6,,
ENST00000592918.5,,
ENST00000592107.5,,
ENST00000591299.1,,1.9950248756218907
ENST00000588548.1,1.0,1.0
ENST00000438850.1,1.4975124378109452,
ENST00000636884.1,4.96039603960396,2.492537313432836
ENST00000508033.1,1.9950248756218907,0.7146932952924394
ENST00000510265.2,,
ENST00000456726.5,,
ENST00000434304.2,,
ENST00000423580.2,,
ENST00000457911.1,,
ENST00000670988.1,,
ENST00000665507.1,,
ENST00000331428.5,,
ENST00000684488.1,,
ENST00000425038.1,,
ENST00000423928.2,,
ENST00000442797.1,,
ENST00000637740.1,,
ENST00000422608.1,,
ENST00000404435.1,,
ENST00000442403.1,,
ENST00000448961.1,,
ENST00000412238.1,,
ENST00000427470.1,,
ENST00000458718.2,,
ENST00000523309.2,,
ENST00000521969.2,,
ENST00000517943.2,,
ENST00000521497.2,,
ENST00000643267.1,,
ENST00000643316.1,,
ENST00000400588.5,,
ENST00000605217.1,,
ENST00000614184.1,,
ENST00000441006.5,,
ENST00000609932.5,,1.1996007984031936
ENST00000636648.1,,2.9900497512437814
ENST00000608373.1,,
ENST00000609791.1,1.0,
ENST00000612619.1,,
ENST00000319363.11,,
ENST00000429106.1,,
ENST00000331437.4,,
ENST00000399875.1,,
ENST00000654656.1,,
ENST00000399852.3,301.0,
ENST00000336737.8,,
ENST00000431923.1,,
ENST00000155674.9,,1.0
ENST00000428401.1,,
ENST00000330232.8,,
ENST00000262607.3,,
ENST00000344033.5,,
ENST00000649540.1,,
ENST00000399837.8,,
ENST00000610390.4,,
ENST00000449907.7,,
ENST00000399839.5,,
ENST00000428828.1,,
ENST00000453421.1,,
ENST00000485262.3,,
ENST00000400585.7,,
ENST00000262608.13,,
ENST00000342247.10,,
ENST00000455617.1,,
ENST00000455251.1,,
ENST00000612582.1,,
ENST00000437347.1,1.0,1.0
ENST00000399813.1,,
ENST00000327451.11,,
ENST00000651475.1,,
ENST00000443935.5,,
ENST00000399796.6,14.432835820895525,36.64356435643564
ENST00000253413.10,14.432835820895525,36.64356435643564
ENST00000399798.6,14.432835820895525,36.64356435643564
ENST00000399782.5,,
ENST00000611738.4,,
ENST00000618481.4,,
ENST00000616863.4,,
ENST00000543133.5,,
ENST00000538149.5,,
ENST00000418951.6,,
ENST00000337612.9,,
ENST00000317582.10,601.0,6.472636815920398
ENST00000493680.5,601.0,5.983388704318938
ENST00000355028.4,1.9966777408637875,2.711840228245364
ENST00000583102.1,1.0,1.0
ENST00000317361.11,1.2496878901373283,1.0
ENST00000342111.9,1.598802395209581,2.32890365448505
ENST00000622694.5,801.0,701.0
ENST00000399765.5,801.0,701.0
ENST00000399767.6,801.0,601.0
ENST00000614949.4,801.0,601.0
ENST00000551952.5,,
ENST00000600723.1,,
ENST00000657505.1,,0.7146932952924394
ENST00000476405.1,1.3322259136212624,
ENST00000414725.6,1.2493765586034913,1.8455034588777866
ENST00000383094.7,1.9966777408637875,1.9990917347865578
ENST00000400561.6,2.9900497512437814,2.098901098901099
ENST00000585038.1,3.9702970297029703,1.5549389567147613
ENST00000385046.1,,1.0
ENST00000429618.1,,1.2853067047075606
ENST00000441167.1,,
ENST00000411920.1,,
ENST00000441493.7,,
ENST00000443243.1,,
ENST00000426483.1,,
ENST00000329627.11,2.98019801980198,
ENST00000474897.6,1.9950248756218907,301.0
ENST00000399744.8,1.9950248756218907,301.0
ENST00000428061.2,0.7506234413965087,1.0
ENST00000607927.1,,1.1996007984031936
ENST00000427227.2,,1.0999000999000998
ENST00000450866.1,,1.0
ENST00000446487.1,,0.8336106489184693
ENST00000679963.1,,
ENST00000680175.1,,
ENST00000316027.10,,
ENST00000330423.8,,
ENST00000416740.2,,
ENST00000623543.1,,
ENST00000215794.8,,0.8003992015968063
ENST00000434390.1,,1.0
ENST00000617623.1,,1.3992015968063873
ENST00000622906.1,,
ENST00000618517.4,,
ENST00000619172.5,,
ENST00000612861.1,,
ENST00000624459.2,2.98019801980198,
ENST00000624001.2,,
ENST00000614584.1,1.0,
ENST00000620909.1,,
ENST00000621762.1,,
ENST00000619998.1,,
ENST00000618466.1,,
ENST00000359859.4,,
ENST00000612978.5,,
ENST00000613597.1,,
ENST00000610959.4,1.664451827242525,
ENST00000612579.4,2.1412268188302424,1.461183704842429
ENST00000611748.1,,
ENST00000614296.1,,
ENST00000410698.2,,
ENST00000619918.1,,
ENST00000611762.1,,
ENST00000611186.1,,
ENST00000652395.1,,
ENST00000611168.1,,
ENST00000611403.1,,
ENST00000619065.1,,
ENST00000342888.3,301.0,
ENST00000611876.1,,
ENST00000453783.2,,
ENST00000437537.1,,
ENST00000412448.5,,
ENST00000428850.2,,
ENST00000445651.1,,
ENST00000419447.5,,
ENST00000342005.5,,
ENST00000412938.5,,
ENST00000511549.1,,
ENST00000623570.1,,
ENST00000614596.2,,
ENST00000413981.5,,
ENST00000638240.1,,
ENST00000331444.12,,
ENST00000608842.1,,
ENST00000357068.11,,
ENST00000420436.5,,
ENST00000334029.6,,
ENST00000640084.1,,
ENST00000610940.4,,
ENST00000624224.1,,
ENST00000675671.1,,
ENST00000438934.5,,
ENST00000636418.1,,
ENST00000399539.4,,
ENST00000604539.1,,
ENST00000637415.1,,
ENST00000603208.1,,
ENST00000652053.1,,
ENST00000481698.1,,
ENST00000384012.1,1.1175778953556732,0.8636983189459336
ENST00000609958.1,0.7392438070404173,0.8519067012217697
ENST00000412461.2,1.0,1.0
ENST00000629517.1,1.0,0.9231360491929285
ENST00000456035.1,0.8572448251249107,0.782703172533681
ENST00000263196.12,,901.0
ENST00000545799.5,,901.0
ENST00000537045.5,,901.0
ENST00000450724.1,,
ENST00000609936.1,,
ENST00000399635.4,,
ENST00000252137.11,,400.99999999999994
ENST00000086933.3,,
ENST00000565162.2,,
ENST00000451283.5,1.0,1.2724795640326976
ENST00000215882.10,,
ENST00000658236.1,1.3322259136212624,0.4293865905848787
ENST00000617926.4,,
ENST00000622493.4,,
ENST00000433141.1,,
ENST00000516131.1,,
ENST00000446618.1,1.0,1.0
ENST00000621271.4,3.4875621890547266,
ENST00000427926.6,500.99999999999994,
ENST00000664918.1,,
ENST00000463821.3,1.2997002997002998,1.3568879371877232
ENST00000340170.8,,
ENST00000263208.5,,
ENST00000333130.4,6.970149253731344,5.488778054862844
ENST00000399568.5,,2.98019801980198
ENST00000399562.9,,301.0
ENST00000431090.1,,
ENST00000607934.1,1.1537870049980776,1.0322476620445016
ENST00000608816.1,1.1363016810540663,1.0277700638711469
ENST00000399523.5,1901.0000000000002,22.782178217821784
ENST00000263202.15,1401.0,19.811881188118814
ENST00000407835.6,,1.9950248756218907
ENST00000437685.6,,1.4975124378109452
ENST00000263201.7,701.0,5.318936877076413
ENST00000404724.7,3.4875621890547266,3.992518703241896
ENST00000661478.1,,
ENST00000618236.2,,
ENST00000403084.1,,
ENST00000413119.2,,
ENST00000406028.1,,
ENST00000629028.1,,
ENST00000420012.1,,
ENST00000452326.1,,
ENST00000455784.7,,
ENST00000406395.5,,
ENST00000455843.5,,
ENST00000383045.7,,1001.0
ENST00000438754.6,,1201.0
ENST00000366425.4,,2.492537313432836
ENST00000359500.7,,
ENST00000332710.8,,
ENST00000329705.11,,
ENST00000649276.2,,
ENST00000424559.2,1.9950248756218907,1.0
ENST00000403325.5,5.9504950495049505,1001.0
ENST00000329517.11,601.0,701.0
ENST00000328554.9,601.0,701.0
ENST00000405640.1,601.0,601.0
ENST00000407472.5,500.99999999999994,400.99999999999994
ENST00000405009.5,,
ENST00000485358.5,1.5706134094151212,0.8573466476462197
ENST00000462330.5,0.6670366259711432,1.1426533523537803
ENST00000420617.1,1.4987531172069826,1.3322259136212624
ENST00000400518.5,1.4987531172069826,
ENST00000491939.6,1.3322259136212624,
ENST00000542719.6,1.0,
ENST00000676678.1,1.0,
ENST00000400519.6,0.3340732519422863,
ENST00000334363.14,0.3340732519422863,
ENST00000400521.7,0.7780244173140954,
ENST00000400525.6,0.7780244173140954,
ENST00000403184.5,1.9966777408637875,601.0
ENST00000361682.11,2.32890365448505,901.0
ENST00000403710.5,2.32890365448505,901.0
ENST00000407537.5,1.7481296758104738,1101.0
ENST00000678868.1,2.993355481727575,1501.0
ENST00000678769.1,1.4991680532445923,2.497504159733777
ENST00000428707.2,1.2853067047075606,1.6659267480577136
ENST00000406520.7,1.0,1.1665741254858413
ENST00000678255.1,1.0713775874375446,1.0
ENST00000449653.5,2.498501498501499,1.3476749239461103
ENST00000585066.1,0.7242330230954843,0.6714755034995
ENST00000401994.5,1.4975124378109452,
ENST00000406522.5,1.4975124378109452,
ENST00000406259.1,,1.9950248756218907
ENST00000263207.8,,
ENST00000401886.5,,
ENST00000420290.6,,
ENST00000432883.5,,
ENST00000434570.6,,
ENST00000447208.6,,
ENST00000456048.5,,
ENST00000398042.6,,
ENST00000327374.9,,
ENST00000401833.5,,
ENST00000385288.3,,
ENST00000628442.1,1.664451827242525,1.4991680532445923
ENST00000600090.1,0.4550408719346049,0.8947922146238821
ENST00000609644.5,,
ENST00000600617.5,,
ENST00000601746.5,,
ENST00000598339.5,,
ENST00000609191.1,,
ENST00000596334.5,,
ENST00000619837.1,,
ENST00000383024.6,,
ENST00000351989.8,400.99999999999994,
ENST00000580330.1,0.7502081598667777,1.1996007984031936
ENST00000407755.1,1.0,1.1996007984031936
ENST00000408439.3,1.1665278934221481,1.6993006993006996
ENST00000412713.1,0.8003992015968063,0.5388162951575711
ENST00000620368.1,0.6317727511835876,0.6786861835058907
ENST00000430524.6,0.8572448251249107,1.0344708721130644
ENST00000439169.2,,
ENST00000252136.12,,
ENST00000404751.7,,
ENST00000403707.7,,
ENST00000402752.5,,
ENST00000331821.7,3300.9999999999995,3001.0
ENST00000578179.1,0.572631841002448,0.5702367911013736
ENST00000334554.12,,
ENST00000320602.11,301.0,301.0
ENST00000405930.3,301.0,301.0
ENST00000439765.4,,
ENST00000506039.1,,
ENST00000609602.1,,0.6007984031936128
ENST00000408112.3,,
ENST00000043402.8,,
ENST00000438948.1,,
ENST00000608275.1,1.0,1.039984006397441
ENST00000405465.3,7.930693069306931,500.99999999999994
ENST00000248879.8,601.0,400.99999999999994
ENST00000609632.1,,
ENST00000617303.4,,
ENST00000583722.5,,
ENST00000610338.1,,
ENST00000458154.1,,
ENST00000667786.1,,
ENST00000292729.12,,
ENST00000611540.4,,
ENST00000403682.7,,
ENST00000400451.7,301.0,
ENST00000357502.5,400.99999999999994,
ENST00000405993.2,0.750156152404747,0.6672212978369384
ENST00000384613.1,,
ENST00000622235.5,,
ENST00000623402.1,,
ENST00000429594.1,2.32890365448505,1.2496878901373283
ENST00000426448.1,,1.3327787021630615
ENST00000532431.1,1.0,1.0
ENST00000365046.1,1.0,1.1996007984031936
ENST00000493791.3,1.0,1.1663893510815309
ENST00000436075.1,0.6672212978369384,1.0
ENST00000328879.9,,
ENST00000292733.11,601.0,7.930693069306931
ENST00000263205.11,1201.0,4.4825870646766175
ENST00000406969.5,1301.0,2.2468827930174564
ENST00000382974.6,2001.0000000000002,2.9950124688279303
ENST00000420225.1,0.9565406345067362,0.9286224125624554
ENST00000508880.1,,
ENST00000416717.6,,
ENST00000614590.1,,
ENST00000447821.1,,
ENST00000443839.1,,
ENST00000411545.2,,
ENST00000427789.3,,
ENST00000514371.1,,
ENST00000450925.6,,
ENST00000637163.1,1.0,
ENST00000452055.5,,
ENST00000419950.5,,
ENST00000215727.10,1.4115226337448559,1.2997002997002998
ENST00000406799.1,1.0,0.9286224125624554
ENST00000255882.11,,
ENST00000215730.12,,601.0
ENST00000608856.1,301.0,500.99999999999994
ENST00000354336.8,701.0,601.0
ENST00000444039.1,,
ENST00000399167.6,,
ENST00000399163.6,,
ENST00000434714.6,,
ENST00000683034.1,,
ENST00000440238.4,,
ENST00000405089.5,,
ENST00000479606.5,,
ENST00000610278.1,,
ENST00000646124.2,400.99999999999994,400.99999999999994
ENST00000436079.1,0.7146932952924394,
ENST00000215742.9,400.99999999999994,
ENST00000399133.2,,
ENST00000452284.1,,
ENST00000442739.1,2.98019801980198,
ENST00000640124.1,2.492537313432836,
ENST00000292748.7,400.99999999999994,
ENST00000413302.6,,
ENST00000401443.5,1.0,
ENST00000450652.2,,
ENST00000403586.5,,
ENST00000382932.3,,
ENST00000384843.1,,
ENST00000439119.5,,
ENST00000450626.1,,
ENST00000442047.2,,
ENST00000410028.3,,
ENST00000641915.1,,
ENST00000461808.5,,
ENST00000447763.1,,
ENST00000398241.3,,
ENST00000420508.1,,
ENST00000329949.3,,
ENST00000420708.1,,
ENST00000451257.5,,
ENST00000415376.5,301.0,
ENST00000415704.5,301.0,
ENST00000421576.5,2.98019801980198,
ENST00000424410.1,,
ENST00000417463.1,,
ENST00000639755.1,,
ENST00000639507.1,,
ENST00000405188.8,,
ENST00000401924.5,,
ENST00000637734.1,,
ENST00000441743.1,,
ENST00000417732.1,,
ENST00000510112.1,,
ENST00000436681.5,,
ENST00000434730.1,,
ENST00000452952.1,301.0,
ENST00000416615.5,,
ENST00000447720.5,,
ENST00000416640.2,,
ENST00000666255.1,,
ENST00000652479.1,,
ENST00000422450.1,,
ENST00000617743.1,,
ENST00000620804.1,,
ENST00000363187.1,,
ENST00000516211.1,,
ENST00000621315.1,,
ENST00000407464.7,,
ENST00000407598.2,,
ENST00000443632.2,,
ENST00000612964.1,,
ENST00000682920.1,,
ENST00000432134.8,,
ENST00000536718.3,,
ENST00000621561.5,,
ENST00000486209.5,1.1248439450686643,1.2220988339811216
ENST00000360806.9,2.99667221297837,1.3997335109926716
ENST00000450651.5,,
ENST00000516334.1,,
ENST00000410420.1,,
ENST00000458578.6,,
ENST00000433039.2,,
ENST00000619894.1,,
ENST00000545681.2,,
ENST00000342192.9,2801.0,5001.0
ENST00000292778.11,400.99999999999994,16.84158415841584
ENST00000398873.4,400.99999999999994,1701.0000000000002
ENST00000607942.5,,
ENST00000292779.4,,
ENST00000609038.1,,
ENST00000248958.5,500.99999999999994,701.0
ENST00000498589.1,,
ENST00000390813.1,,
ENST00000385018.1,,2.98019801980198
ENST00000641967.1,,
ENST00000641933.1,,
ENST00000641242.1,,
ENST00000641337.1,,1.3992015968063873
ENST00000610143.1,2.492537313432836,0.7146932952924394
ENST00000680393.1,1201.0,1201.0
ENST00000679795.1,1201.0,1201.0
ENST00000679540.1,1201.0,1201.0
ENST00000680061.1,1201.0,1201.0
ENST00000681338.1,1201.0,1201.0
ENST00000681956.1,1201.0,1201.0
ENST00000679827.1,1201.0,1201.0
ENST00000679534.1,1201.0,1201.0
ENST00000335025.12,1401.0,1401.0
ENST00000398831.8,1401.0,1401.0
ENST00000679477.1,1401.0,1701.0000000000002
ENST00000626352.2,6.970149253731344,16.84158415841584
ENST00000680094.1,4.98671096345515,17.831683168316832
ENST00000680109.1,3.743142144638404,9.45771144278607
ENST00000406385.1,3.743142144638404,9.45771144278607
ENST00000680860.1,1.873907615480649,4.74064837905237
ENST00000672036.2,2.98019801980198,1.4975124378109452
ENST00000662004.1,,
ENST00000496490.3,,
ENST00000403503.1,,
ENST00000339468.8,,
ENST00000652589.1,,
ENST00000364115.1,1.1249609497032178,1.0
ENST00000544786.1,1.9975062344139651,1301.0
ENST00000215832.11,2.6611295681063125,
ENST00000398822.7,801.0,
ENST00000435222.1,,
ENST00000653280.1,1.3322259136212624,1.0
ENST00000458178.2,1.3322259136212624,1.0
ENST00000407142.5,1.1996007984031936,1.0
ENST00000397495.8,301.0,2.492537313432836
ENST00000263212.10,301.0,500.99999999999994
ENST00000398793.6,1.3992015968063873,2.6611295681063125
ENST00000357179.10,601.0,701.0
ENST00000548391.1,,
ENST00000523272.1,,
ENST00000390282.2,,
ENST00000519525.1,,
ENST00000620649.1,,
ENST00000423821.2,,
ENST00000519446.1,,
ENST00000419303.5,,
ENST00000337471.8,,
ENST00000413294.1,,
ENST00000521832.1,,
ENST00000523818.1,,
ENST00000517313.1,,
ENST00000518581.1,,
ENST00000524184.1,,
ENST00000518003.1,1.9950248756218907,
ENST00000611529.1,,
ENST00000390283.2,,
ENST00000444224.1,,
ENST00000580133.2,,
ENST00000448601.1,,
ENST00000440562.1,,
ENST00000390284.2,,
ENST00000442890.1,,
ENST00000458366.1,,
ENST00000520218.1,,
ENST00000520445.1,,
ENST00000431230.1,,
ENST00000390285.4,,
ENST00000521342.1,,
ENST00000390286.3,,
ENST00000390287.2,,
ENST00000520107.1,,
ENST00000420768.1,,
ENST00000432623.1,,
ENST00000302273.2,,
ENST00000403807.4,,
ENST00000624350.1,,1.4975124378109452
ENST00000610778.1,,
ENST00000412149.1,,
ENST00000652112.1,1101.0,801.0
ENST00000413293.1,1.666111573688593,2.498751040799334
ENST00000390289.2,0.8003992015968063,1.0768639508070714
ENST00000390290.3,,
ENST00000390291.2,,
ENST00000436538.1,,
ENST00000427632.2,,
ENST00000440829.1,,
ENST00000390293.1,,
ENST00000390294.2,,
ENST00000453999.1,,
ENST00000390295.3,,
ENST00000443400.1,,
ENST00000390296.2,,
ENST00000390297.3,,
ENST00000390298.2,,
ENST00000522485.1,,
ENST00000518405.1,,
ENST00000519790.1,,
ENST00000390299.2,,
ENST00000438037.1,,
ENST00000519982.1,,
ENST00000390300.2,,
ENST00000390301.3,,
ENST00000451224.1,,
ENST00000523314.1,,
ENST00000419501.1,,
ENST00000613655.1,1.9975062344139651,3.6578073089700998
ENST00000626650.3,,301.0
ENST00000302097.3,,301.0
ENST00000398741.5,1.3322259136212624,1.1427551748750893
ENST00000405655.8,,1301.0
ENST00000406503.1,,1301.0
ENST00000402697.5,,801.0
ENST00000543184.5,,801.0
ENST00000398743.6,,
ENST00000407120.1,,
ENST00000490007.2,,
ENST00000390302.3,,
ENST00000390303.3,,
ENST00000523713.1,,
ENST00000524362.1,,
ENST00000506079.2,,
ENST00000661466.1,,
ENST00000605258.1,,
ENST00000402027.1,,
ENST00000618722.4,,
ENST00000480559.6,,
ENST00000448514.2,,
ENST00000613850.4,,
ENST00000417145.2,,
ENST00000520084.1,,
ENST00000520681.1,1.0,1.0
ENST00000390304.2,1.0,1.0
ENST00000520756.1,1.0,1.0
ENST00000521893.1,1.0,1.0
ENST00000390305.2,1.0051149586967085,1.0
ENST00000418731.1,1.0,1.0
ENST00000438185.1,1.0,1.0
ENST00000517477.1,1.0,1.0
ENST00000390306.2,1.0,1.0
ENST00000521183.1,1.0,1.0
ENST00000390307.2,1.0,1.0
ENST00000390308.2,1.0,1.0
ENST00000519296.1,1.0,1.0
ENST00000390309.2,1.0,1.0
ENST00000620749.1,1.0,1.0
ENST00000390310.3,1.0,1.0
ENST00000519099.1,1.0,1.0
ENST00000390311.3,1.0,1.0
ENST00000518356.1,1.0,1.0
ENST00000390312.2,3.1399910833704863,3.2333991976528353
ENST00000518475.1,1.0,1.0
ENST00000390313.3,1.0,1.0
ENST00000415642.1,1.0,1.0
ENST00000616239.1,0.9333555481506165,1.0
ENST00000390314.2,1.0,1.0
ENST00000618197.1,1.0,1.0
ENST00000390315.3,1.0,1.0
ENST00000423259.1,1.0,1.0
ENST00000390316.2,1.0,1.0
ENST00000620395.2,1.0344708721130644,1.0
ENST00000385101.1,0.9666777740753082,1.0
ENST00000458673.1,,
ENST00000522952.1,,
ENST00000523937.1,,
ENST00000522922.1,,
ENST00000432300.1,,
ENST00000390318.2,,
ENST00000519345.1,,
ENST00000390319.2,,
ENST00000577998.1,,
ENST00000532223.2,,
ENST00000526893.6,,
ENST00000531372.1,,
ENST00000390320.2,,
ENST00000390321.2,1.0,1.0
ENST00000390322.2,1.0,1.0
ENST00000390323.2,19.927735621587125,10.665662017242589
ENST00000390324.2,0.9729802756011888,1.0
ENST00000390325.2,22.888940163051835,6.83405699850004
ENST00000390326.2,1.0,1.0
ENST00000517690.1,1.0,1.0
ENST00000390327.2,0.9995483308566808,1.0
ENST00000519670.1,1.0,1.0
ENST00000390328.2,1.0009945251391092,1.0059726792585915
ENST00000410078.2,1.0,1.0
ENST00000390330.2,1.0,1.0
ENST00000390331.3,1.018956447561727,1.0338156083186396
ENST00000415639.1,,
ENST00000420944.1,,
ENST00000615612.2,,
ENST00000635920.1,,
ENST00000459276.2,,
ENST00000216036.9,,
ENST00000406876.1,,
ENST00000341989.9,,
ENST00000263116.8,,
ENST00000412037.2,,
ENST00000359540.7,,
ENST00000305877.13,,
ENST00000467969.3,1.0,0.8965873836608066
ENST00000426721.2,1.0,1.0
ENST00000440602.1,,
ENST00000450776.1,,
ENST00000400418.7,,
ENST00000415114.1,,
ENST00000512987.2,,
ENST00000418264.1,,
ENST00000255890.8,,
ENST00000433168.5,,
ENST00000449711.1,,
ENST00000454268.1,,
ENST00000457193.1,4.96039603960396,
ENST00000426024.1,,
ENST00000320372.9,,
ENST00000653461.1,,1.3322259136212624
ENST00000432249.2,0.7506234413965087,0.7506234413965087
ENST00000629869.1,7.930693069306931,901.0
ENST00000626825.1,2.2468827930174564,6.970149253731344
ENST00000627127.1,1.0,0.7273966378918674
ENST00000454863.4,,
ENST00000249053.3,,
ENST00000330377.3,,
ENST00000608615.1,,
ENST00000614827.1,,
ENST00000622821.1,,
ENST00000614553.1,,
ENST00000317749.9,,
ENST00000390329.3,3.4875621890547266,1.4995004995004995
ENST00000425948.2,1.3322259136212624,1.0
ENST00000430707.2,1.4987531172069826,1.1998001998001997
ENST00000428790.1,1.2493765586034913,1.36330608537693
ENST00000401461.5,0.7506234413965087,1.0
ENST00000612432.4,1.0,1.0
ENST00000615003.4,1.0,1.0
ENST00000290691.10,1.1248439450686643,1.0999000999000998
ENST00000417194.5,2.2468827930174564,1.3745318352059925
ENST00000651432.1,1.9950248756218907,1.0
ENST00000435868.1,,400.99999999999994
ENST00000437294.1,,
ENST00000341976.5,,
ENST00000398465.3,,
ENST00000248948.4,,
ENST00000402217.8,,
ENST00000305199.9,,
ENST00000382821.3,,
ENST00000520222.1,,
ENST00000401675.7,,
ENST00000484558.3,,
ENST00000215743.8,,
ENST00000407422.8,,
ENST00000344921.11,,400.99999999999994
ENST00000644036.2,,400.99999999999994
ENST00000263121.12,,7.930693069306931
ENST00000318109.12,400.99999999999994,500.99999999999994
ENST00000404056.1,400.99999999999994,500.99999999999994
ENST00000406855.7,400.99999999999994,500.99999999999994
ENST00000476077.1,400.99999999999994,500.99999999999994
ENST00000345044.10,,
ENST00000403208.7,,
ENST00000398356.6,,
ENST00000405847.5,,
ENST00000609825.1,,
ENST00000611880.4,,
ENST00000316185.8,,1.9950248756218907
ENST00000433835.3,0.8336106489184693,0.6670366259711432
ENST00000624923.1,1.0,1.0
ENST00000491172.3,,0.5008319467554077
ENST00000215754.8,63.68656716417911,55.114713216957604
ENST00000406213.1,2.9900497512437814,
ENST00000609510.1,,0.7506234413965087
ENST00000439492.1,,
ENST00000443377.1,,
ENST00000440099.1,,
ENST00000404172.3,1.664451827242525,
ENST00000290765.9,500.99999999999994,
ENST00000423307.1,,
ENST00000215770.6,3200.9999999999995,4601.0
ENST00000609736.1,,
ENST00000398344.9,3200.9999999999995,4901.0
ENST00000430101.2,2801.0,4201.0
ENST00000403754.7,2801.0,4201.0
ENST00000506097.1,,
ENST00000350608.7,,
ENST00000402588.6,,
ENST00000634759.1,,
ENST00000621118.4,400.99999999999994,
ENST00000404092.5,,
ENST00000437021.2,,
ENST00000621179.5,,
ENST00000440539.1,,
ENST00000263119.10,,
ENST00000617531.4,,
ENST00000405822.6,2.492537313432836,2.9900497512437814
ENST00000398319.6,2.9900497512437814,4.980099502487563
ENST00000444093.1,0.8751560549313359,0.8667554963357762
ENST00000337989.11,0.9231360491929285,1.0
ENST00000358321.4,,
ENST00000398292.3,,
ENST00000263112.11,,
ENST00000327365.10,,
ENST00000402176.3,,
ENST00000414583.6,,
ENST00000441984.1,,
ENST00000444246.1,,
ENST00000396982.3,,
ENST00000437398.5,500.99999999999994,
ENST00000314328.14,601.0,301.0
ENST00000651059.1,601.0,301.0
ENST00000541492.1,1.7481296758104738,3.985074626865672
ENST00000358654.2,1.7481296758104738,3.985074626865672
ENST00000611543.4,,
ENST00000337539.12,,
ENST00000610595.4,,
ENST00000618076.3,,
ENST00000326341.8,,
ENST00000427813.6,,
ENST00000382760.2,,
ENST00000326010.10,,
ENST00000432032.1,,
ENST00000447813.6,,2.3311148086522464
ENST00000402766.5,,2.596806387225549
ENST00000435822.6,,2.596806387225549
ENST00000407471.7,,1.1996007984031936
ENST00000621833.4,0.07564610450858328,0.12743137611343391
ENST00000404664.7,0.07564610450858328,0.12743137611343391
ENST00000215829.8,8.547169811320755,8.160699417152374
ENST00000402849.5,6.903723887375114,5.155707522356654
ENST00000652248.1,6.903723887375114,5.155707522356654
ENST00000318753.13,,
ENST00000438893.2,,
ENST00000400382.6,3.9702970297029703,4.96039603960396
ENST00000400380.5,2.492537313432836,6.9405940594059405
ENST00000401885.5,1.0,1.0
ENST00000404532.5,1.0,1.0
ENST00000403838.5,1.0,1.0
ENST00000404223.5,1.1996007984031936,1.9983361064891847
ENST00000404920.1,1.1663893510815309,1.7769145394006662
ENST00000621462.4,,
ENST00000639500.1,2.98019801980198,
ENST00000382243.5,,
ENST00000614808.1,,
ENST00000639904.1,,0.7506234413965087
ENST00000436994.1,,
ENST00000430731.1,,
ENST00000409926.2,,
ENST00000633827.1,,
ENST00000456260.1,,
ENST00000442565.1,,
ENST00000616349.4,,
ENST00000527701.5,,
ENST00000533313.5,,
ENST00000332271.9,,
ENST00000610372.4,,
ENST00000400358.9,,
ENST00000400359.4,,
ENST00000362913.1,,
ENST00000423535.1,,
ENST00000640159.2,,
ENST00000407886.1,,
ENST00000358431.8,,
ENST00000406486.8,,
ENST00000623888.1,1.2493765586034913,
ENST00000624101.1,1.1996007984031936,1.4975124378109452
ENST00000623239.1,,1.0
ENST00000623980.1,1.664451827242525,0.8003992015968063
ENST00000401395.1,,1.0
ENST00000637069.1,,1.2493765586034913
ENST00000366110.4,,1.4987531172069826
ENST00000604037.1,,
ENST00000215855.7,,
ENST00000404334.1,,
ENST00000651679.1,,
ENST00000651629.1,,
ENST00000398215.3,,
ENST00000623422.1,,
ENST00000411511.5,,
ENST00000432495.1,,
ENST00000650352.1,,
ENST00000649082.1,,
ENST00000412472.2,,
ENST00000433457.2,,
ENST00000434827.1,,
ENST00000467672.5,0.7506234413965087,1.1663893510815309
ENST00000650500.2,,
ENST00000650168.1,,
ENST00000444995.7,,
ENST00000609330.1,,
ENST00000609964.1,,
ENST00000603243.1,,
ENST00000382734.9,4.4825870646766175,
ENST00000615588.1,1.1663893510815309,1.1996007984031936
ENST00000415709.5,1.3992015968063873,3.2443890274314215
ENST00000509460.2,0.4293865905848787,0.9231360491929285
ENST00000609475.1,,
ENST00000453811.1,,
ENST00000668059.1,,
ENST00000661676.1,,
ENST00000324198.11,,
ENST00000619906.4,,
ENST00000413494.1,1.0,1.9950248756218907
ENST00000418510.1,,1.0
ENST00000410653.1,1.0,1.0
ENST00000536101.5,,
ENST00000335473.12,,
ENST00000407587.6,1.4975124378109452,
ENST00000624255.1,,
ENST00000596813.1,1.0,
ENST00000609820.5,1.0,
ENST00000608921.5,1.0,
ENST00000597614.6,1.0,
ENST00000609809.1,1.0,
ENST00000595102.5,1.0,
ENST00000595093.1,1.0,
ENST00000597548.5,1.0,
ENST00000609157.5,1.0,
ENST00000597284.5,1.0,
ENST00000600211.5,1.0,
ENST00000609275.5,1.0,
ENST00000411124.1,,
ENST00000436423.1,,
ENST00000440996.1,,1.0
ENST00000420391.1,,
ENST00000652418.1,,
ENST00000434510.2,,
ENST00000248933.11,,
ENST00000404234.7,,
ENST00000529632.6,,
ENST00000360929.7,,
ENST00000629590.2,,
ENST00000343706.8,,
ENST00000414989.2,,
ENST00000402979.1,,
ENST00000403121.5,,
ENST00000516458.1,,
ENST00000450463.1,,
ENST00000215906.6,,
ENST00000402105.7,0.846272098385857,0.9286224125624554
ENST00000398145.7,400.99999999999994,6.472636815920398
ENST00000336873.9,400.99999999999994,10.900990099009901
ENST00000215917.11,,
ENST00000619735.4,1.4663557628247836,1.408905043162199
ENST00000407431.5,1.0,1.0
ENST00000407690.6,901.0,6.9405940594059405
ENST00000407148.5,901.0,4.96039603960396
ENST00000405938.5,901.0,4.96039603960396
ENST00000566814.1,,
ENST00000565764.1,,
ENST00000408833.1,0.7506234413965087,0.7146932952924394
ENST00000395823.2,1.0,1.0
ENST00000398110.6,1.0,0.6672212978369384
ENST00000338754.9,301.0,301.0
ENST00000403880.5,,
ENST00000668614.1,,
ENST00000647684.1,,301.0
ENST00000354760.4,,
ENST00000425548.1,,
ENST00000643270.1,,
ENST00000613780.4,,
ENST00000617016.1,,
ENST00000618919.1,,
ENST00000613562.1,,
ENST00000382641.1,1.7481296758104738,1.0
ENST00000444388.5,1.0,1.664451827242525
ENST00000449017.6,1.7481296758104738,1.664451827242525
ENST00000613656.1,1.0,
ENST00000668496.1,1.0,1.4975124378109452
ENST00000417083.1,,
ENST00000669899.1,1.0,
ENST00000434868.1,,
ENST00000670559.1,,
ENST00000664057.1,,
ENST00000422915.1,,
ENST00000438113.2,,
ENST00000623027.1,,
ENST00000363573.1,,
ENST00000623814.1,,
ENST00000624792.1,,
ENST00000453934.1,,
ENST00000658755.1,,
ENST00000623947.1,,
ENST00000430468.1,,
ENST00000427360.1,,
ENST00000650737.1,,
ENST00000444114.5,,
ENST00000449126.1,,
ENST00000657960.1,,
ENST00000426467.1,,
ENST00000454387.1,,
ENST00000668323.1,,
ENST00000625043.1,,
ENST00000623572.1,,
ENST00000654206.1,,
ENST00000440477.1,,
ENST00000415655.1,,
ENST00000422833.1,,
ENST00000440255.1,,
ENST00000417957.1,,
ENST00000302326.5,,
ENST00000634017.1,400.99999999999994,2.98019801980198
ENST00000320996.14,400.99999999999994,301.0
ENST00000335272.10,400.99999999999994,301.0
ENST00000455418.7,,
ENST00000614690.1,,
ENST00000665376.1,,601.0
ENST00000665505.1,,801.0
ENST00000435348.6,,901.0
ENST00000670661.1,,8.92079207920792
ENST00000582434.1,,0.9167360532889259
ENST00000636243.1,,0.7144896502498216
ENST00000611117.1,3.3255813953488373,1.9988901220865707
ENST00000428584.5,,
ENST00000615579.1,1.0,
ENST00000619378.1,,0.7506234413965087
ENST00000466709.3,,1.0
ENST00000364339.1,,1.0
ENST00000362927.1,1.0,1.0
ENST00000612946.4,400.99999999999994,1.4995004995004995
ENST00000619803.1,1.4975124378109452,1.0
ENST00000579233.2,,
ENST00000397906.6,,
ENST00000464581.6,0.9500249875062469,1.0
ENST00000403642.5,1.7266121707538602,2.6229712858926346
ENST00000402731.6,1.8174386920980927,2.9971469329529246
ENST00000405598.5,4.96039603960396,400.99999999999994
ENST00000650281.1,4.96039603960396,400.99999999999994
ENST00000649563.1,4.96039603960396,400.99999999999994
ENST00000425190.7,500.99999999999994,400.99999999999994
ENST00000404276.6,500.99999999999994,400.99999999999994
ENST00000348295.7,500.99999999999994,400.99999999999994
ENST00000382580.6,500.99999999999994,400.99999999999994
ENST00000216027.8,1.9950248756218907,
ENST00000398941.6,1.4975124378109452,
ENST00000421503.6,,
ENST00000448492.6,,
ENST00000249064.9,,
ENST00000405219.7,1.01999600079984,1.0116265550517383
ENST00000344347.5,3.992518703241896,7.9767441860465125
ENST00000403532.7,1001.0,1201.0
ENST00000611155.4,901.0,1001.0
ENST00000216037.10,601.0,801.0
ENST00000458080.1,,301.0
ENST00000418292.1,,4.96039603960396
ENST00000585003.1,,4.96039603960396
ENST00000607919.1,,1.3322259136212624
ENST00000422972.1,,
ENST00000447099.1,,
ENST00000544604.7,,
ENST00000402174.5,1.0,
ENST00000406323.3,1.4987531172069826,
ENST00000412798.1,1.0,
ENST00000325660.3,1.0,
ENST00000216071.5,,
ENST00000400335.9,,
ENST00000327813.9,,
ENST00000407188.5,,
ENST00000456740.1,1.0,1.0
ENST00000364001.1,,1.0
ENST00000516143.1,,1.0
ENST00000334018.11,,
ENST00000404755.7,,
ENST00000404820.7,,
ENST00000433125.1,,1.0
ENST00000216085.12,2.98019801980198,301.0
ENST00000332050.10,,
ENST00000629659.2,,
ENST00000397938.7,21.895522388059703,4301.0
ENST00000406548.5,43.57425742574257,4301.0
ENST00000331029.11,14.621262458471762,8.584830339321357
ENST00000414183.6,3.141327623126338,3.212705210563883
ENST00000333395.10,2.7489069331667704,3.212705210563883
ENST00000332035.10,2.199400299850075,2.6460905349794235
ENST00000616432.4,,
ENST00000406549.7,,
ENST00000610653.4,,
ENST00000621062.4,,
ENST00000611648.2,,
ENST00000618518.3,,
ENST00000401450.3,,
ENST00000216101.7,,
ENST00000608014.1,,
ENST00000459538.1,1.0768639508070714,1.0
ENST00000625572.1,1.0768639508070714,1.0
ENST00000650462.1,1.0,1.0
ENST00000357586.7,1.4581424406497292,1.6397441023590562
ENST00000317368.11,1.3331945022907121,1.5997600959616152
ENST00000432560.6,1.3331945022907121,1.5997600959616152
ENST00000405198.6,1.3331945022907121,1.5997600959616152
ENST00000649455.1,1.0,1.0
ENST00000439655.1,2901.0,2301.0
ENST00000616792.1,,
ENST00000354373.2,,
ENST00000461286.4,,
ENST00000658349.1,,
ENST00000310624.7,,
ENST00000634116.1,,
ENST00000411969.1,0.9375390381011867,1.0
ENST00000397871.5,1.0,1.2496878901373283
ENST00000397872.5,1.0,1.2496878901373283
ENST00000490103.6,12.881188118811881,801.0
ENST00000397873.6,12.881188118811881,801.0
ENST00000216121.12,1101.0,1101.0
ENST00000413209.6,,
ENST00000403435.5,,400.99999999999994
ENST00000361452.8,,400.99999999999994
ENST00000403999.7,,500.99999999999994
ENST00000338641.10,,500.99999999999994
ENST00000672896.1,,500.99999999999994
ENST00000334961.11,3.4875621890547266,2.197604790419162
ENST00000353887.8,3.3255813953488373,2.596806387225549
ENST00000361676.8,1.1499250374812593,1.7773459189339254
ENST00000397789.3,1.1499250374812593,1.7773459189339254
ENST00000437636.1,1.0,1.0
ENST00000420180.1,,
ENST00000416352.1,,
ENST00000216144.4,,
ENST00000364106.1,1.0,1.0
ENST00000344318.4,701.0,6.9405940594059405
ENST00000330029.6,5801.0,9101.0
ENST00000401406.3,6301.0,10501.0
ENST00000668996.1,1.0172384071711773,1.0235266439242443
ENST00000307790.8,,400.99999999999994
ENST00000397771.6,,400.99999999999994
ENST00000542393.5,,
ENST00000333027.7,,
ENST00000401950.7,,
ENST00000323630.9,,
ENST00000351488.7,,
ENST00000384724.1,,0.8003992015968063
ENST00000406629.1,1.2853067047075606,0.5560488346281909
ENST00000621576.1,2.492537313432836,1.0
ENST00000624945.1,301.0,
ENST00000453616.1,,
ENST00000429350.5,,
ENST00000432568.1,,
ENST00000336726.11,,
ENST00000403975.1,,
ENST00000423857.1,,
ENST00000451219.1,,
ENST00000432360.2,,
ENST00000447565.1,,
ENST00000608354.1,0.8751560549313359,1.3992015968063873
ENST00000403987.3,3.9702970297029703,4.96039603960396
ENST00000249075.4,400.99999999999994,4.96039603960396
ENST00000403389.1,,
ENST00000403463.1,,
ENST00000215781.3,,
ENST00000623328.1,,
ENST00000407689.8,,1.3322259136212624
ENST00000404953.7,,1.0
ENST00000434291.5,1.1426533523537803,1.0
ENST00000403362.5,1.3322259136212624,1.0
ENST00000403477.7,500.99999999999994,301.0
ENST00000215790.12,301.0,
ENST00000399824.6,1.0,0.8751560549313359
ENST00000405659.5,1.0,0.8751560549313359
ENST00000215793.13,500.99999999999994,301.0
ENST00000338306.8,,
ENST00000619645.1,,
ENST00000382363.8,,
ENST00000617837.4,301.0,400.99999999999994
ENST00000615189.5,301.0,500.99999999999994
ENST00000405717.7,1.9950248756218907,500.99999999999994
ENST00000402592.7,1.9950248756218907,1.2493765586034913
ENST00000439838.5,,1.9950248756218907
ENST00000608677.1,1.4987531172069826,1.664451827242525
ENST00000410983.1,,
ENST00000608952.1,1.0,
ENST00000629597.2,,
ENST00000266263.10,4.96039603960396,
ENST00000355143.8,4.96039603960396,
ENST00000407550.3,6.9405940594059405,
ENST00000607893.2,,
ENST00000426397.1,,
ENST00000540910.5,,
ENST00000401751.5,,
ENST00000402286.5,,
ENST00000403066.5,,
ENST00000215812.9,,
ENST00000610936.4,,
ENST00000453285.1,,
ENST00000610737.1,,
ENST00000381982.3,,
ENST00000255858.12,,
ENST00000448467.1,,
ENST00000402034.6,,
ENST00000338911.6,,
ENST00000406955.5,,
ENST00000401975.5,,
ENST00000402321.5,,
ENST00000402369.5,,
ENST00000406361.6,,
ENST00000335214.8,2.99667221297837,2.2208657047724754
ENST00000402284.7,5.983388704318938,6.647840531561463
ENST00000354694.12,1501.0,2001.0000000000002
ENST00000432130.1,,
ENST00000405677.5,,
ENST00000402281.5,,
ENST00000450638.5,,
ENST00000405742.7,,3.9702970297029703
ENST00000215838.8,301.0,3.9702970297029703
ENST00000407817.3,400.99999999999994,1.4975124378109452
ENST00000343605.5,,
ENST00000406566.1,2.492537313432836,0.5008319467554077
ENST00000510957.1,,
ENST00000673554.1,,1.0
ENST00000404885.5,,
ENST00000403268.1,,
ENST00000407308.1,,
ENST00000334679.4,,
ENST00000438716.3,,
ENST00000407373.5,,
ENST00000403222.7,,
ENST00000332585.11,1.0,
ENST00000446658.6,1.0,
ENST00000580767.3,1.0,
ENST00000401475.5,,
ENST00000437268.6,,
ENST00000535268.5,,1.6655574043261232
ENST00000424380.1,1.4987531172069826,1.1109877913429522
ENST00000422995.2,,
ENST00000215862.8,0.7780244173140954,0.7502081598667777
ENST00000397641.8,,3.9702970297029703
ENST00000644773.2,,
ENST00000610654.1,1.3331482509716823,0.9697061496516207
ENST00000614234.1,1.4543389368468875,1.0856898029134534
ENST00000616187.1,1.9468700683850602,1.2888247056209732
ENST00000619464.1,1.0249937515621095,1.3042816778961095
ENST00000602955.1,1.1934859722670106,1.1166472254624231
ENST00000602847.1,6.985037406483792,13.967581047381547
ENST00000623789.1,,
ENST00000488974.3,,
ENST00000333137.12,2.98019801980198,7.930693069306931
ENST00000358743.5,2.98019801980198,8.92079207920792
ENST00000347557.6,2.98019801980198,8.92079207920792
ENST00000619644.4,1.3322259136212624,0.9000999000999002
ENST00000609017.1,1.0,1.0908265213442325
ENST00000612341.4,1.0,1.1109877913429522
ENST00000404574.5,1.0,1.2496878901373283
ENST00000400299.6,,301.0
ENST00000611680.1,,301.0
ENST00000420779.2,,
ENST00000402395.5,,
ENST00000412277.6,,
ENST00000620191.4,,
ENST00000331075.10,,
ENST00000400294.6,,
ENST00000404390.7,,
ENST00000405300.5,,
ENST00000402238.5,,
ENST00000404453.5,,
ENST00000401755.1,,
ENST00000215885.4,,
ENST00000397595.2,,
ENST00000583386.1,,
ENST00000326132.11,301.0,601.0
ENST00000426256.6,2.492537313432836,5.9504950495049505
ENST00000266252.8,2.492537313432836,1.9966777408637875
ENST00000526089.1,1.3331112591605598,1.0
ENST00000406516.5,,
ENST00000331728.9,,
ENST00000362825.1,,
ENST00000365149.1,,1.0
ENST00000333611.8,,1.0
ENST00000340552.4,,1.664451827242525
ENST00000402249.7,,
ENST00000215912.10,,
ENST00000441972.5,,
ENST00000440456.5,,
ENST00000391240.1,,
ENST00000215919.3,,
ENST00000351933.8,,
ENST00000405309.7,,
ENST00000266269.10,,
ENST00000504184.3,,
ENST00000383888.1,,
ENST00000331457.9,2601.0,2001.0000000000002
ENST00000655902.1,1.0,1.0
ENST00000362378.1,1.2493765586034913,1.0
ENST00000397523.5,1.9950248756218907,601.0
ENST00000397525.5,,
ENST00000344710.9,,
ENST00000330125.10,,
ENST00000665497.1,,
ENST00000540643.5,,
ENST00000432498.5,,
ENST00000443011.5,,
ENST00000400288.7,3.9702970297029703,500.99999999999994
ENST00000400289.5,3.9702970297029703,500.99999999999994
ENST00000629688.1,1.598802395209581,1.9983361064891847
ENST00000444403.1,1.0,1.0
ENST00000416920.1,1.0,1.0
ENST00000445477.1,,1.1426533523537803
ENST00000613748.1,1.3322259136212624,0.7275204359673024
ENST00000382151.6,1.3327787021630615,1.1109877913429522
ENST00000266095.9,,1.3322259136212624
ENST00000397500.5,,1.3322259136212624
ENST00000439502.6,,
ENST00000327423.11,,
ENST00000535622.6,,
ENST00000642974.1,,
ENST00000645711.1,,
ENST00000644331.1,,
ENST00000645560.1,,
ENST00000437411.6,,
ENST00000433147.2,,
ENST00000646755.1,,
ENST00000382112.8,,
ENST00000647438.1,,
ENST00000400248.7,,
ENST00000646969.1,,
ENST00000642696.1,,
ENST00000651528.2,,
ENST00000400242.8,,
ENST00000645015.1,,
ENST00000646465.1,,
ENST00000400249.7,,
ENST00000382111.6,601.0,301.0
ENST00000646701.1,6.9405940594059405,4.96039603960396
ENST00000645407.1,2.6611295681063125,4.96039603960396
ENST00000488827.3,1.0,0.8003992015968063
ENST00000429025.1,1.0,1.3322259136212624
ENST00000517100.1,,1.0
ENST00000454534.1,,1.0
ENST00000654264.1,,
ENST00000676309.1,,
ENST00000667186.2,,
ENST00000641789.2,,
ENST00000397492.1,,
ENST00000248975.6,,
ENST00000484682.2,1.14278914802475,0.8928953945019635
ENST00000623735.2,1.0951927653498335,0.8928953945019635
ENST00000430449.1,,
ENST00000416995.2,,
ENST00000658411.1,,
ENST00000436395.1,,
ENST00000464862.3,,
ENST00000423610.1,,
ENST00000266088.9,,
ENST00000543737.2,,
ENST00000432373.1,,
ENST00000423412.1,,
ENST00000448124.1,,
ENST00000416196.1,,
ENST00000436294.1,,
ENST00000382097.4,,
ENST00000426354.1,,
ENST00000618747.1,,
ENST00000523725.1,,
ENST00000248983.8,,
ENST00000400237.2,,
ENST00000652607.1,,
ENST00000452181.2,,
ENST00000266086.6,,
ENST00000397477.2,,
ENST00000608926.1,,
ENST00000668765.1,,
ENST00000397468.5,,
ENST00000605398.1,,
ENST00000249007.4,,
ENST00000617561.1,,
ENST00000658273.1,,
ENST00000617624.1,,
ENST00000659039.1,,
ENST00000420171.1,,
ENST00000430579.1,,
ENST00000655996.1,,
ENST00000444848.1,,
ENST00000453679.1,,1.4975124378109452
ENST00000216038.6,1801.0000000000002,4401.0
ENST00000397450.2,,
ENST00000300399.8,,
ENST00000397452.5,,
ENST00000266087.12,,
ENST00000452138.3,1.5549389567147613,1.36330608537693
ENST00000397426.5,1.6659267480577136,1.635785649409628
ENST00000332840.9,,
ENST00000619146.1,,
ENST00000428201.1,,
ENST00000516081.1,,
ENST00000444982.1,,
ENST00000266085.7,,
ENST00000446798.1,,
ENST00000358763.7,,
ENST00000653890.1,,
ENST00000447396.1,,
ENST00000421145.1,,
ENST00000434741.1,,0.6007984031936128
ENST00000453924.1,,0.6672212978369384
ENST00000580680.1,,1.0
ENST00000674780.1,1.0,1.0
ENST00000674999.1,1.0,1.0
ENST00000517198.2,1.0,1.1663893510815309
ENST00000630737.1,1.0,1.1663893510815309
ENST00000445391.1,1.0,1.0
ENST00000448275.6,1.0,1.0
ENST00000453336.5,1.0,1.0
ENST00000610186.6,1.7132667617689017,2.6611295681063125
ENST00000608642.6,1.7132667617689017,2.6611295681063125
ENST00000476315.2,1.7132667617689017,2.6611295681063125
ENST00000609799.6,1.7132667617689017,2.6611295681063125
ENST00000676126.1,7.930693069306931,301.0
ENST00000674668.1,7.930693069306931,301.0
ENST00000676132.1,0.8573466476462197,
ENST00000675416.1,1.3327787021630615,
ENST00000402320.6,,
ENST00000354992.7,,
ENST00000397394.8,,
ENST00000610170.1,,1.0
ENST00000675277.1,,
ENST00000674789.1,,
ENST00000676370.1,,
ENST00000676070.1,,
ENST00000413114.6,,
ENST00000654009.1,,
ENST00000665458.1,,
ENST00000668175.1,,
ENST00000658408.1,,
ENST00000661218.1,,
ENST00000457251.1,,
ENST00000624442.1,,
ENST00000423712.1,,
ENST00000440858.1,,
ENST00000668433.1,,
ENST00000308700.6,,
ENST00000404699.7,,
ENST00000610215.1,,
ENST00000414048.1,,
ENST00000458450.1,1.4975124378109452,3.985074626865672
ENST00000423311.1,,
ENST00000459160.1,,
ENST00000216106.6,301.0,
ENST00000447733.5,,
ENST00000609073.1,,
ENST00000411850.5,,
ENST00000425375.5,,
ENST00000449058.7,,1401.0
ENST00000579518.1,1.0,1.3322259136212624
ENST00000620069.1,1.0,1.0
ENST00000632196.1,,
ENST00000631502.1,,
ENST00000216117.9,301.0,500.99999999999994
ENST00000677931.1,301.0,500.99999999999994
ENST00000679074.1,301.0,500.99999999999994
ENST00000382011.9,1201.0,14.861386138613861
ENST00000216122.9,1201.0,14.861386138613861
ENST00000417397.2,,
ENST00000610000.1,,
ENST00000216127.5,,
ENST00000401702.5,,
ENST00000397326.7,1.3322259136212624,
ENST00000397328.5,1.0,
ENST00000406324.5,1.4975124378109452,
ENST00000359787.5,,
ENST00000472240.1,,
ENST00000409652.5,2.1412268188302424,6.472636815920398
ENST00000417782.1,,
ENST00000415961.2,,
ENST00000249044.2,,
ENST00000397303.6,1.832639467110741,2.2078300708038316
ENST00000414461.6,1.4163197335553708,0.9655291278869356
ENST00000416721.6,1.9987515605493136,1.5497251374312844
ENST00000449924.6,1.0,1.582847626977519
ENST00000262829.11,1.0,1.582847626977519
ENST00000405409.6,1.0,1.0
ENST00000436210.1,1.0,1.0908265213442325
ENST00000359369.8,1.9975062344139651,2.1647254575707153
ENST00000625157.1,1.0,0.8573466476462197
ENST00000438146.7,,
ENST00000623420.1,,
ENST00000624264.1,,
ENST00000623490.1,,
ENST00000624395.1,,
ENST00000424878.3,2.6611295681063125,2.492537313432836
ENST00000349314.6,,
ENST00000397293.6,,
ENST00000361710.6,,
ENST00000397287.6,,
ENST00000425366.1,,
ENST00000437339.1,,
ENST00000414147.1,,
ENST00000454926.1,,
ENST00000439552.1,,
ENST00000426108.1,,
ENST00000683024.1,,
ENST00000684666.1,,
ENST00000397275.6,,
ENST00000332987.5,,
ENST00000352371.5,,
ENST00000616056.4,,
ENST00000358502.10,6.970149253731344,5.975124378109453
ENST00000451256.6,6.970149253731344,5.975124378109453
ENST00000249066.10,,
ENST00000422706.5,8.92079207920792,400.99999999999994
ENST00000426053.5,8.92079207920792,400.99999999999994
ENST00000319136.8,8.92079207920792,400.99999999999994
ENST00000397278.8,4.98671096345515,2.9900497512437814
ENST00000397279.8,4.98671096345515,2.9900497512437814
ENST00000622122.1,1.3477504890241252,1.5881488016468166
ENST00000663925.1,0.9848507801848205,1.0108683838713184
ENST00000401701.1,1.0,0.9500083319446759
ENST00000216181.11,20.801980198019802,30.353233830845774
ENST00000424761.1,,1.9950248756218907
ENST00000413110.1,,
ENST00000516416.1,,
ENST00000442579.1,,
ENST00000403313.5,4.96039603960396,1.3996003996003996
ENST00000416967.1,,4.4825870646766175
ENST00000216185.7,,4.4825870646766175
ENST00000397223.4,0.5008319467554077,0.8336106489184693
ENST00000216187.10,,
ENST00000397224.9,,
ENST00000405442.5,1.0644953240890034,1.0425441395447776
ENST00000216190.13,15.427860696517415,4501.0
ENST00000339367.4,,
ENST00000433970.1,,
ENST00000562756.1,,
ENST00000300105.7,,
ENST00000430281.1,,
ENST00000656882.1,,
ENST00000667675.1,1.0908265213442325,0.7780244173140954
ENST00000433985.7,400.99999999999994,301.0
ENST00000340630.9,301.0,301.0
ENST00000404171.1,1.0,1.0
ENST00000417792.1,1.0,1.0
ENST00000417718.7,1001.0,1001.0
ENST00000216200.9,,
ENST00000397147.7,,
ENST00000248899.11,,3.9702970297029703
ENST00000650827.1,1.4975124378109452,1.0
ENST00000650698.1,,1.0
ENST00000619915.1,0.4293865905848787,
ENST00000403662.8,,
ENST00000262825.9,,
ENST00000406230.5,3.9702970297029703,1.9975062344139651
ENST00000447905.1,,
ENST00000400221.1,,
ENST00000402860.7,,
ENST00000405091.6,,
ENST00000381821.2,,
ENST00000516603.1,1.0,0.9231064975009612
ENST00000249042.8,,301.0
ENST00000403892.7,,301.0
ENST00000401419.7,,
ENST00000404802.7,,
ENST00000429360.6,,
ENST00000341116.7,,
ENST00000404393.5,,
ENST00000622841.1,,
ENST00000397225.2,,
ENST00000628507.1,,
ENST00000666567.1,,
ENST00000610767.4,,
ENST00000402077.7,,
ENST00000403888.7,,
ENST00000364208.1,1.0,1.0
ENST00000414203.2,,
ENST00000346753.9,,
ENST00000381792.6,,
ENST00000442782.7,,
ENST00000406725.6,,
ENST00000676104.1,,
ENST00000406856.7,,
ENST00000216223.10,,
ENST00000419128.1,,
ENST00000434784.1,1.0,
ENST00000337843.7,1.0,
ENST00000397110.6,1.0,
ENST00000617123.1,,
ENST00000610913.2,,
ENST00000436709.1,,
ENST00000401529.3,7.930693069306931,1801.0000000000002
ENST00000249071.11,601.0,1401.0
ENST00000405484.5,,
ENST00000406508.5,,
ENST00000402997.5,,
ENST00000405206.3,,
ENST00000248901.11,301.0,
ENST00000445088.1,,
ENST00000666674.1,,
ENST00000609322.1,,
ENST00000430883.5,0.6007984031936128,
ENST00000402918.7,,
ENST00000356998.8,,2.993355481727575
ENST00000416983.7,,3.985074626865672
ENST00000406271.7,,
ENST00000251973.10,,500.99999999999994
ENST00000403299.5,,
ENST00000428838.1,,
ENST00000249014.5,,
ENST00000615981.1,,
ENST00000215886.6,,
ENST00000381756.9,,
ENST00000405147.7,301.0,
ENST00000343632.9,301.0,
ENST00000325180.12,301.0,
ENST00000406772.5,2.993355481727575,5.9504950495049505
ENST00000649765.2,,
ENST00000451997.6,,400.99999999999994
ENST00000456099.1,,
ENST00000215904.7,,
ENST00000403251.1,1.1996007984031936,0.8572448251249107
ENST00000468873.3,,
ENST00000215909.10,99.50746268656717,26801.0
ENST00000359114.9,601.0,1001.0
ENST00000611699.1,5.9504950495049505,9.91089108910891
ENST00000455236.4,1.7481296758104738,1.8319467554076538
ENST00000644935.1,,
ENST00000403663.6,,
ENST00000407319.7,,
ENST00000340857.4,,
ENST00000323205.10,,
ENST00000248924.11,,301.0
ENST00000249041.3,,
ENST00000406423.5,1.4975124378109452,0.7146932952924394
ENST00000411961.6,,
ENST00000215941.9,,
ENST00000385210.1,,
ENST00000384963.1,,
ENST00000412331.6,,2.9900497512437814
ENST00000609454.5,,
ENST00000624234.3,2901.0,4701.0
ENST00000381683.10,3900.9999999999995,6001.0
ENST00000652021.1,3900.9999999999995,6101.0
ENST00000406934.5,1.0,1.0517152215135321
ENST00000623726.1,1.0,1.0
ENST00000384498.1,,
ENST00000454685.6,,
ENST00000215957.10,,
ENST00000445494.6,,500.99999999999994
ENST00000680578.1,,500.99999999999994
ENST00000424008.2,,500.99999999999994
ENST00000624344.1,,0.7503121098626716
ENST00000609976.1,,
ENST00000249079.6,,
ENST00000403305.6,,
ENST00000403026.5,,
ENST00000619227.4,,
ENST00000460648.5,18.821782178217823,12.960132890365449
ENST00000407936.5,18.821782178217823,12.960132890365449
ENST00000488684.5,18.821782178217823,13.292358803986712
ENST00000442738.7,18.821782178217823,13.292358803986712
ENST00000606538.5,19.811881188118814,4.773584905660377
ENST00000405557.5,19.811881188118814,4.773584905660377
ENST00000470701.1,2.49812734082397,3.0699500356887937
ENST00000611508.1,1.2630886608787162,1.2285061411025422
ENST00000396884.8,,301.0
ENST00000360880.6,1.4975124378109452,1.4975124378109452
ENST00000578108.1,,1.2493765586034913
ENST00000410099.1,1.4975124378109452,1.9950248756218907
ENST00000609265.1,,
ENST00000404072.7,,
ENST00000356976.8,2.98019801980198,1.9950248756218907
ENST00000445483.1,0.7506234413965087,1.181653042688465
ENST00000320521.10,,
ENST00000609162.1,,
ENST00000381669.8,,
ENST00000624072.1,1.0,1.3322259136212624
ENST00000668949.1,1.0,1.0
ENST00000335539.7,1.3322259136212624,1.0
ENST00000667521.1,3.9702970297029703,1.4975124378109452
ENST00000663895.1,400.99999999999994,301.0
ENST00000402064.5,400.99999999999994,301.0
ENST00000332509.8,400.99999999999994,301.0
ENST00000664587.1,400.99999999999994,301.0
ENST00000538999.1,,
ENST00000538320.5,,
ENST00000338483.7,,301.0
ENST00000426621.6,1.0,1.0
ENST00000407965.1,0.7275204359673024,0.7858672376873662
ENST00000660610.1,,400.99999999999994
ENST00000420172.1,0.8572108519752499,0.6001599360255897
ENST00000478699.2,0.9412110523221634,1.0
ENST00000361684.8,1.0,1.0
ENST00000361906.8,301.0,301.0
ENST00000622344.1,,
ENST00000413574.6,,
ENST00000396832.6,,
ENST00000403904.5,,
ENST00000405675.7,,
ENST00000359867.7,,
ENST00000381646.6,1.9966777408637875,
ENST00000454123.1,1.0,1.4975124378109452
ENST00000400206.7,,
ENST00000428294.5,,2.98019801980198
ENST00000443658.5,,301.0
ENST00000652019.1,,
ENST00000433230.1,,
ENST00000662373.1,,
ENST00000303592.3,,
ENST00000409006.3,301.0,400.99999999999994
ENST00000216014.9,301.0,2.492537313432836
ENST00000396821.8,4501.0,29.358208955223883
ENST00000428462.6,,
ENST00000216024.7,,500.99999999999994
ENST00000616615.4,,500.99999999999994
ENST00000446147.2,,
ENST00000355830.11,,
ENST00000535113.7,,
ENST00000540952.6,,
ENST00000216029.7,,701.0
ENST00000619293.1,1.664451827242525,1.0
ENST00000423346.1,1.9950248756218907,0.9231360491929285
ENST00000653554.1,1.7481296758104738,1.0
ENST00000666731.1,,
ENST00000444381.1,,
ENST00000656432.1,,
ENST00000216034.6,2601.0,4201.0
ENST00000216039.9,2.98019801980198,
ENST00000683374.1,,
ENST00000216044.10,,
ENST00000418695.1,0.7060552616108171,0.9200319872051179
ENST00000420118.1,2.32890365448505,7.586826347305389
ENST00000418803.1,2.32890365448505,4.745318352059925
ENST00000609428.1,1.0,0.9285969296679757
ENST00000416406.1,0.4784876140808344,0.4092251760963418
ENST00000609212.1,0.7501041232819659,0.7556098644745612
ENST00000607991.1,1.0,1.0
ENST00000405510.5,1.4975124378109452,1.1663893510815309
ENST00000405018.5,,
ENST00000406622.5,400.99999999999994,4.96039603960396
ENST00000216068.9,400.99999999999994,4.96039603960396
ENST00000406199.3,,500.99999999999994
ENST00000333039.4,,
ENST00000407418.8,601.0,500.99999999999994
ENST00000216083.6,601.0,500.99999999999994
ENST00000656940.1,,
ENST00000450216.1,,
ENST00000402255.5,,
ENST00000618553.1,,
ENST00000249116.7,,
ENST00000333467.4,1301.0,601.0
ENST00000407298.7,1301.0,601.0
ENST00000402182.7,1901.0000000000002,1501.0
ENST00000513758.2,1.0,1.0
ENST00000361441.5,2.109877913429523,1.8174386920980927
ENST00000381568.9,0.9473961073119411,1.0999500249875063
ENST00000427494.6,1.0,0.7144896502498216
ENST00000216099.13,1.0,0.7144896502498216
ENST00000622217.3,1.4995836802664448,1.0713775874375446
ENST00000381565.2,4.74064837905237,1.7132667617689017
ENST00000308521.10,4.74064837905237,2.3311148086522464
ENST00000558766.1,1.0,1.0
ENST00000407997.4,1.7266121707538602,1.2664890073284478
ENST00000560933.5,,
ENST00000424436.1,,
ENST00000348946.8,,
ENST00000613677.4,,
ENST00000421988.6,,
ENST00000442487.8,,
ENST00000401756.5,,
ENST00000613996.1,,
ENST00000414780.1,,
ENST00000624656.1,,
ENST00000401405.7,,
ENST00000216133.10,,
ENST00000441207.1,,
ENST00000381551.8,,
ENST00000641466.1,,
ENST00000331163.11,,
ENST00000642075.1,,
ENST00000434516.1,,
ENST00000641533.1,,
ENST00000386745.1,1.006507451031431,1.0147490449993364
ENST00000386747.1,0.7312413743008643,0.769723031513594
ENST00000401609.5,2.664364186566673,2.8119619563174316
ENST00000583861.1,0.9870138302707616,0.9884174356202463
ENST00000216146.9,15300.999999999998,26001.0
ENST00000318801.8,,
ENST00000216155.11,,301.0
ENST00000406293.7,400.99999999999994,500.99999999999994
ENST00000328933.10,400.99999999999994,500.99999999999994
ENST00000381535.4,1.0,1.0
ENST00000623458.1,,
ENST00000216160.11,,
ENST00000331454.3,,
ENST00000341184.7,,
ENST00000432239.1,,
ENST00000402881.5,,
ENST00000325301.7,,601.0
ENST00000404569.5,,1.3992015968063873
ENST00000637854.1,6.9405940594059405,2.8544935805991445
ENST00000404241.6,,
ENST00000674920.3,12601.0,15000.999999999998
ENST00000679776.1,12601.0,15000.999999999998
ENST00000675582.2,12800.999999999998,15200.999999999998
ENST00000337304.2,12800.999999999998,15200.999999999998
ENST00000676346.2,132.68316831683168,16300.999999999998
ENST00000396680.3,132.68316831683168,16300.999999999998
ENST00000680446.1,67.16915422885572,163.37623762376236
ENST00000674568.2,11.324729392173188,41.14962593516209
ENST00000680748.1,3.915856706470425,3.489287900428484
ENST00000674835.2,2.348280563550977,2.244041390535984
ENST00000676430.1,0.4918310474837441,0.5145429650221983
ENST00000334678.8,10.900990099009901,11.89108910891089
ENST00000407673.5,,
ENST00000401624.5,,
ENST00000404898.5,,
ENST00000402142.4,,
ENST00000458183.1,,1.0
ENST00000459176.1,,
ENST00000435169.1,,
ENST00000325157.7,,
ENST00000344138.9,,
ENST00000407075.3,,1.9975062344139651
ENST00000424496.2,0.8890122086570478,1.6655574043261232
ENST00000333407.11,,
ENST00000473717.1,,
ENST00000569912.1,,
ENST00000301923.13,,4.96039603960396
ENST00000402203.5,,
ENST00000449200.1,,
ENST00000454349.7,,3.4875621890547266
ENST00000335727.13,,2.32890365448505
ENST00000623632.4,701.0,1601.0000000000002
ENST00000625194.4,1101.0,3001.0
ENST00000637666.2,1101.0,3001.0
ENST00000680978.1,1101.0,3001.0
ENST00000623063.3,1101.0,3001.0
ENST00000679723.1,1101.0,3001.0
ENST00000342312.9,1101.0,3001.0
ENST00000636714.1,1301.0,3300.9999999999995
ENST00000216194.11,13.87128712871287,3500.9999999999995
ENST00000639722.1,13.87128712871287,3500.9999999999995
ENST00000680378.1,2.569186875891584,2.7489069331667704
ENST00000248929.14,601.0,1301.0
ENST00000607915.5,1.0,1.0
ENST00000609279.1,1.0,1.083263946711074
ENST00000442557.1,1.3327787021630615,1.0
ENST00000614754.4,,0.846272098385857
ENST00000620651.4,,0.846272098385857
ENST00000402630.5,1.9950248756218907,1.083263946711074
ENST00000407029.7,1.4975124378109452,1.0
ENST00000417123.1,,1.0
ENST00000652095.2,1.9950248756218907,1.083263946711074
ENST00000618417.1,1.4279600570613409,2.2208657047724754
ENST00000312310.3,,1.0
ENST00000438116.2,1.4975124378109452,1.2853067047075606
ENST00000651595.2,,2.492537313432836
ENST00000396617.7,,2.492537313432836
ENST00000402042.7,,4.96039603960396
ENST00000355630.10,,400.99999999999994
ENST00000442317.2,,
ENST00000249016.4,,
ENST00000381433.2,,
ENST00000402844.7,0.7780244173140954,0.8890122086570478
ENST00000424746.1,1.1426533523537803,1.0999000999000998
ENST00000441314.1,0.9167360532889259,1.153727901614143
ENST00000584704.1,0.7780244173140954,0.9375390381011867
ENST00000435456.7,400.99999999999994,1601.0000000000002
ENST00000544408.5,,701.0
ENST00000620312.4,2.292108906322104,2.9241652518392756
ENST00000216218.8,82.1881188118812,7801.0
ENST00000614001.1,701.0,1201.0
ENST00000357137.9,9.91089108910891,17.831683168316832
ENST00000307221.5,0.9091734786557675,1.0
ENST00000616394.1,1.0,1.0
ENST00000363813.1,1.0,1.0
ENST00000216225.9,16.422885572139304,4901.0
ENST00000410766.1,,
ENST00000418783.1,,
ENST00000362645.1,,
ENST00000423293.1,,
ENST00000408233.1,,1.4975124378109452
ENST00000263253.9,1.4975124378109452,1.3322259136212624
ENST00000674155.1,3.3255813953488373,1.8328706274292057
ENST00000517050.1,1.0999000999000998,1.0
ENST00000415054.1,1.0,
ENST00000452297.1,,
ENST00000420537.1,,
ENST00000216237.10,400.99999999999994,801.0
ENST00000441316.2,0.750156152404747,0.8573466476462197
ENST00000658453.1,1.2724795640326976,1.1109877913429522
ENST00000216241.14,,
ENST00000613185.1,1.5860048259220956,1.5776494112419464
ENST00000455915.6,1.0,0.9705968832696266
ENST00000405486.5,0.6552912788693555,0.6047430830039526
ENST00000356244.8,5.318936877076413,23.772277227722775
ENST00000352645.5,,4.96039603960396
ENST00000406644.7,,
ENST00000362995.1,,
ENST00000266304.9,,
ENST00000609612.1,,
ENST00000327492.4,,
ENST00000676748.1,,
ENST00000216252.4,1701.0000000000002,14.432835820895525
ENST00000677554.1,1801.0000000000002,1701.0000000000002
ENST00000678788.1,1801.0000000000002,1701.0000000000002
ENST00000676792.1,1801.0000000000002,1701.0000000000002
ENST00000216254.9,1801.0000000000002,1701.0000000000002
ENST00000466237.2,1801.0000000000002,1701.0000000000002
ENST00000677153.1,1801.0000000000002,1701.0000000000002
ENST00000396512.3,17.831683168316832,1701.0000000000002
ENST00000678269.1,17.831683168316832,1701.0000000000002
ENST00000677532.1,4.491271820448879,4.241895261845388
ENST00000337566.9,,
ENST00000355209.9,,
ENST00000396504.6,,
ENST00000407461.5,,
ENST00000664614.1,,
ENST00000306149.12,,
ENST00000216259.8,500.99999999999994,701.0
ENST00000263256.7,601.0,2.98019801980198
ENST00000428575.6,,
ENST00000360079.8,3700.9999999999995,13.624584717607974
ENST00000402580.7,3700.9999999999995,13.624584717607974
ENST00000359308.8,1.0856898029134534,1.1950743721043648
ENST00000405878.5,1.0,1.0612119975515202
ENST00000405506.2,3.2375624851225897,3.8229758870809647
ENST00000363462.1,0.9805844092806524,0.9781037880446682
ENST00000647971.1,1.0,1.0
ENST00000384726.1,1.0327815112276677,1.0
ENST00000215956.10,1.0740466493891152,1.0769033581133043
ENST00000463675.6,1.4283674440742504,1.4813032210292483
ENST00000649479.1,2.725703905540418,2.4990630855715175
ENST00000469522.1,4.993344425956739,4.44062153163152
ENST00000401959.6,14.93034825870647,9.977556109725686
ENST00000648674.1,3001.0,38.62376237623762
ENST00000664954.1,,
ENST00000656592.1,,
ENST00000648350.1,1.9950248756218907,1.664451827242525
ENST00000402458.1,1.4975124378109452,5.9504950495049505
ENST00000668666.1,,
ENST00000654032.1,,
ENST00000401548.8,,
ENST00000540833.1,,
ENST00000448085.1,,
ENST00000516794.1,,
ENST00000384086.1,,
ENST00000402061.7,3.9702970297029703,
ENST00000255784.6,3.9702970297029703,
ENST00000612482.4,,
ENST00000361204.9,,
ENST00000333487.2,1.2853067047075606,1.0999500249875063
ENST00000385197.1,1.0,0.9629766753054424
ENST00000621082.2,,
ENST00000582688.1,0.7506234413965087,
ENST00000291232.5,,
ENST00000472374.6,1.0,0.8890122086570478
ENST00000404067.5,1.4991680532445923,1.2853067047075606
ENST00000402338.5,1.4991680532445923,1.2853067047075606
ENST00000402420.1,1.598802395209581,1.1426533523537803
ENST00000407253.7,400.99999999999994,8.92079207920792
ENST00000215980.10,400.99999999999994,901.0
ENST00000381348.4,,
ENST00000669957.1,,
ENST00000644076.1,,
ENST00000396426.7,,
ENST00000406029.5,,
ENST00000396425.7,,301.0
ENST00000424613.1,1.0,1.0
ENST00000328823.13,,
ENST00000450250.1,,
ENST00000652665.1,,
ENST00000543212.5,1.4975124378109452,
ENST00000396398.8,400.99999999999994,
ENST00000403363.5,400.99999999999994,
ENST00000402937.1,301.0,
ENST00000662963.1,,
ENST00000321753.8,,
ENST00000458891.1,,
ENST00000331479.4,,
ENST00000470753.1,0.9722299361288531,0.9473776530433258
ENST00000602718.1,0.9729802756011888,1.086192035855887
ENST00000498737.8,28.722772277227723,5001.0
ENST00000617763.1,,
ENST00000439129.5,,
ENST00000595777.5,,
ENST00000600968.5,3.4875621890547266,1.4975124378109452
ENST00000396387.2,1.0,1.0
ENST00000645361.2,0.8573466476462197,1.0
ENST00000359033.4,1.1663893510815309,1.0
ENST00000621190.1,1.1663893510815309,1.0
ENST00000417586.1,0.8573466476462197,0.9130812690134724
ENST00000626627.1,1.0,0.8334258745141587
ENST00000428786.1,1.0,1.052603892688059
ENST00000358097.8,,
ENST00000614967.4,,
ENST00000433992.2,,
ENST00000612115.1,,
ENST00000433633.1,,
ENST00000682224.1,1.0,1.0
ENST00000404876.1,1.9985734664764623,1.133288903698767
ENST00000335626.8,1.2493765586034913,
ENST00000683686.1,1.2493765586034913,
ENST00000332965.4,1.0,
ENST00000446578.1,1.0,
ENST00000677622.1,,
ENST00000359486.8,,
ENST00000669665.1,,
ENST00000329021.10,,
ENST00000428765.1,,
ENST00000652221.1,,
ENST00000359906.6,,
ENST00000642172.1,,
ENST00000323013.7,5.239401496259353,1.9994739610731191
ENST00000340239.8,,1.0
ENST00000327678.10,,1.0555247084952804
ENST00000407614.8,,1.0
ENST00000335879.5,,1.0
ENST00000365188.1,1.0,1.0
ENST00000516104.1,0.5006242197253433,0.9091322126306225
ENST00000566851.5,,601.0
ENST00000357802.6,,601.0
ENST00000339677.10,3.2443890274314215,3.2443890274314215
ENST00000252115.10,12.881188118811881,1301.0
ENST00000617178.4,1101.0,5.477611940298508
ENST00000348657.6,901.0,4.4825870646766175
ENST00000451060.6,400.99999999999994,
ENST00000362512.1,601.0,12.442786069651744
ENST00000602478.1,601.0,12.442786069651744
ENST00000407332.5,1.8991008991008993,1.922367409684858
ENST00000505920.1,1.0,1.0
ENST00000361740.8,1.0,0.9333777481678881
ENST00000402438.5,1.0,1.0
ENST00000407623.7,1.0,1.0
ENST00000352397.10,901.0,1301.0
ENST00000401850.5,1.0,1.0
ENST00000249005.3,2.492537313432836,801.0
ENST00000381278.4,,
ENST00000642412.2,,
ENST00000363578.1,,
ENST00000426545.1,,
ENST00000441462.1,,
ENST00000616842.1,,
ENST00000423154.1,0.7780244173140954,1.0
ENST00000437119.6,4.4825870646766175,4.6544850498338874
ENST00000263245.10,601.0,901.0
ENST00000337959.8,0.9333777481678881,1.0
ENST00000403744.7,0.9333777481678881,1.0
ENST00000402229.5,1.0555247084952804,1.0624609618988132
ENST00000407585.5,1.0555247084952804,1.0
ENST00000263246.8,1101.0,1601.0000000000002
ENST00000443063.1,1.4975124378109452,
ENST00000331018.8,301.0,1.3992015968063873
ENST00000266254.12,,
ENST00000446663.1,,
ENST00000216115.3,,
ENST00000327555.5,,
ENST00000290429.11,,
ENST00000583777.5,,10.900990099009901
ENST00000337554.8,,2.197604790419162
ENST00000329563.8,,1.0
ENST00000396265.4,,1.0
ENST00000494035.1,1.0,0.7778394890308249
ENST00000216129.7,,
ENST00000420269.1,,
ENST00000419643.1,,
ENST00000458463.1,,
ENST00000615096.4,,
ENST00000290460.7,,
ENST00000360835.9,,
ENST00000450750.1,,
ENST00000417669.6,,
ENST00000443721.2,,
ENST00000667077.1,,
ENST00000431327.4,,
ENST00000656483.1,,
ENST00000419730.1,,
ENST00000476875.1,,
ENST00000396231.6,,
ENST00000356087.8,,
ENST00000262726.12,,
ENST00000563715.1,,
ENST00000564696.1,,
ENST00000330884.9,,
ENST00000381198.6,,
ENST00000593866.5,,
ENST00000597664.6,,
ENST00000216177.8,,
ENST00000423180.2,,
ENST00000216180.8,,
ENST00000350028.5,400.99999999999994,2.2468827930174564
ENST00000430869.2,1.0,1.0
ENST00000406477.7,,
ENST00000338758.12,1401.0,601.0
ENST00000619710.4,1.0,0.9000999000999002
ENST00000404989.1,1.0,1.0
ENST00000623440.1,1.0,1.0
ENST00000624919.1,1.0,0.9524036173250833
ENST00000422871.5,,
ENST00000444313.8,1.0,
ENST00000415224.5,1.1663893510815309,2.98019801980198
ENST00000466375.2,0.8573466476462197,1.3322259136212624
ENST00000623969.1,0.6672212978369384,1.9966777408637875
ENST00000624215.1,,
ENST00000381176.5,,1.0
ENST00000406912.1,,
ENST00000434327.1,,
ENST00000415702.1,,
ENST00000423587.1,,
ENST00000624619.1,,
ENST00000341255.4,,
ENST00000435622.1,,
ENST00000605505.1,,
ENST00000460077.1,,
ENST00000666755.1,2.492537313432836,
ENST00000443783.1,,
ENST00000454525.1,,
ENST00000611394.4,,
ENST00000617066.4,,
ENST00000624862.3,,
ENST00000006251.11,,
ENST00000403581.5,,
ENST00000336985.11,,
ENST00000361473.9,,
ENST00000352766.11,,2.98019801980198
ENST00000389774.6,,
ENST00000356099.11,,
ENST00000336963.8,,
ENST00000431036.1,,
ENST00000456225.1,,
ENST00000424580.1,,
ENST00000396103.7,,
ENST00000403565.5,,
ENST00000629843.2,,
ENST00000313237.10,,
ENST00000609432.1,,1.2493765586034913
ENST00000426282.6,2.98019801980198,
ENST00000347635.9,,601.0
ENST00000407019.6,5.9504950495049505,4.980099502487563
ENST00000396096.6,1.0,1.0
ENST00000610217.1,0.7223764575235979,0.8621165115477422
ENST00000408671.3,1.0713775874375446,1.0
ENST00000492273.1,,1.1996007984031936
ENST00000496226.1,,1.1996007984031936
ENST00000251993.11,,1.0
ENST00000391627.6,,1.0
ENST00000336156.10,,
ENST00000609206.2,,
ENST00000445867.1,,
ENST00000216211.9,,
ENST00000396082.2,,
ENST00000216214.7,,
ENST00000441876.7,,
ENST00000405673.5,,2.492537313432836
ENST00000357450.9,,
ENST00000404354.3,,
ENST00000614167.2,,
ENST00000454439.1,,
ENST00000402984.7,,
ENST00000262722.11,,
ENST00000327858.11,,
ENST00000442170.6,,
ENST00000340923.9,,
ENST00000422971.1,,
ENST00000516176.1,,
ENST00000623075.1,,
ENST00000381061.8,301.0,400.99999999999994
ENST00000252934.10,400.99999999999994,601.0
ENST00000640901.1,1.2305918524212145,1.3156233561283535
ENST00000585261.1,1.0454338936846888,1.0
ENST00000438230.1,0.9565406345067362,1.0
ENST00000402380.3,1.0454338936846888,1.0
ENST00000623717.1,,
ENST00000650444.1,,
ENST00000409496.7,,
ENST00000410089.5,,
ENST00000410058.1,,
ENST00000339464.9,,
ENST00000624893.1,,
ENST00000608290.1,1.4975124378109452,
ENST00000444890.1,,
ENST00000608644.1,,
ENST00000649288.1,,1.0
ENST00000451166.5,,1.0
ENST00000439423.1,,
ENST00000412643.1,,400.99999999999994
ENST00000435439.5,,1.3745318352059925
ENST00000360737.4,,1.3745318352059925
ENST00000579667.1,,1.0768639508070714
ENST00000362116.3,,
ENST00000581461.1,1.4975124378109452,1.664451827242525
ENST00000385140.1,,
ENST00000262735.9,,
ENST00000407236.5,2.98019801980198,2.9900497512437814
ENST00000624818.1,,1.0
ENST00000402126.1,1.4975124378109452,1.2493765586034913
ENST00000404744.1,,2.2468827930174564
ENST00000404583.5,,2.2468827930174564
ENST00000314567.8,,
ENST00000253255.7,,
ENST00000381031.8,7.930693069306931,4.980099502487563
ENST00000629918.1,1.9975062344139651,1.998003992015968
ENST00000623117.1,,
ENST00000454366.2,,
ENST00000645190.1,400.99999999999994,1201.0
ENST00000381019.3,601.0,1701.0000000000002
ENST00000643137.1,1.0,0.9444752915047196
ENST00000447383.1,,1.0
ENST00000454637.2,,
ENST00000262738.9,,
ENST00000674500.2,,
ENST00000426112.1,,
ENST00000406902.6,,1.2493765586034913
ENST00000361034.7,3.6578073089700998,4.6544850498338874
ENST00000408031.1,1.3327787021630615,1.9988901220865707
ENST00000216264.13,,
ENST00000564152.1,,301.0
ENST00000380995.5,,
ENST00000337137.9,2.98019801980198,
ENST00000407381.7,1.4975124378109452,
ENST00000355704.7,1.0,301.0
ENST00000406733.1,0.7506234413965087,0.8751560549313359
ENST00000640274.1,1.1663893510815309,
ENST00000623531.1,1.0,0.9286224125624554
ENST00000624605.1,,
ENST00000434707.1,,
ENST00000405369.3,,
ENST00000426452.2,,
ENST00000664761.1,,
ENST00000380990.5,,
ENST00000665418.1,,
ENST00000652072.1,,
ENST00000651445.1,,
ENST00000423737.5,,
ENST00000652399.1,,2.98019801980198
ENST00000651458.1,,2.98019801980198
ENST00000651884.1,,2.98019801980198
ENST00000650895.1,,2.98019801980198
ENST00000651403.1,,2.98019801980198
ENST00000650924.1,,2.98019801980198
ENST00000651948.2,,4.96039603960396
ENST00000651939.1,,4.96039603960396
ENST00000652080.1,,4.96039603960396
ENST00000651538.1,1.0,
ENST00000413815.2,1.0,
ENST00000438810.1,1.2853067047075606,2.98019801980198
ENST00000650884.1,,
ENST00000651270.1,,
ENST00000623760.1,,
ENST00000457518.1,,
ENST00000624219.1,,
ENST00000414483.1,,
ENST00000446364.1,,
ENST00000648313.1,,
ENST00000578320.1,,
ENST00000673993.1,,
ENST00000648629.1,,
ENST00000453866.1,,
ENST00000666116.1,,
ENST00000402357.6,,
ENST00000630584.1,,
ENST00000626321.1,,
ENST00000358295.9,,
ENST00000406880.1,3.9702970297029703,3.9702970297029703
ENST00000580946.1,,
ENST00000380981.3,,
ENST00000660776.1,,
ENST00000667851.1,,
ENST00000647629.1,,
ENST00000433284.1,,
ENST00000623446.1,,
ENST00000649077.1,,
ENST00000625038.1,,
ENST00000623197.1,,
ENST00000581025.1,,
ENST00000391625.2,,
ENST00000393264.2,,
ENST00000420902.1,,
ENST00000343999.1,,
ENST00000405854.5,,
ENST00000414287.5,,
ENST00000662299.1,,
ENST00000447372.1,,
ENST00000411210.1,,
ENST00000398869.2,,
ENST00000624882.1,1.0,1.0
ENST00000444011.1,0.5836802664446294,1.4975124378109452
ENST00000216267.12,,
ENST00000457780.3,,
ENST00000404034.5,,0.7506234413965087
ENST00000404760.5,,
ENST00000666898.1,,
ENST00000422315.1,,
ENST00000621807.1,,
ENST00000624617.1,,
ENST00000216268.6,,
ENST00000610245.1,,1.4975124378109452
ENST00000330817.11,,
ENST00000328268.9,,
ENST00000404488.7,,
ENST00000403427.3,,
ENST00000407217.7,,
ENST00000623759.1,1.3992015968063873,
ENST00000360612.5,,
ENST00000617625.1,1.0,0.6610743941704795
ENST00000341280.5,,
ENST00000389983.6,,
ENST00000266182.10,,
ENST00000395876.6,,
ENST00000311597.10,,
ENST00000545383.5,,
ENST00000262794.10,,
ENST00000395858.7,,
ENST00000540615.5,,
ENST00000623740.1,,
ENST00000395852.5,,
ENST00000354853.2,,
ENST00000159647.9,,
ENST00000395842.3,,
ENST00000380909.9,,901.0
ENST00000303434.8,,901.0
ENST00000395827.5,,1.181653042688465
ENST00000607943.1,1.664451827242525,1.0
ENST00000395829.1,1.998003992015968,1.7769145394006662
ENST00000608025.2,,
ENST00000611222.1,,
ENST00000380903.7,,
ENST00000610050.1,1.0,0.818346957311535
ENST00000608016.1,0.7506234413965087,1.1998001998001997
ENST00000439308.6,3.9702970297029703,3.395209580838324
ENST00000248846.10,1.4975124378109452,9.91089108910891
ENST00000349505.4,1.4279600570613409,1.4975124378109452
ENST00000448072.5,3.9702970297029703,
ENST00000216271.10,3.9702970297029703,
ENST00000626012.2,,
ENST00000395780.5,2.492537313432836,3.985074626865672
ENST00000395778.3,,2.98019801980198
ENST00000215659.13,,
ENST00000622558.4,,
ENST00000330651.11,,
ENST00000449103.5,,3.9702970297029703
ENST00000359337.9,,3.9702970297029703
ENST00000453835.1,,2.492537313432836
ENST00000623684.1,,1.4975124378109452
ENST00000413817.8,,
ENST00000359139.7,,
ENST00000395741.7,,
ENST00000612753.5,,
ENST00000395744.7,,
ENST00000216061.9,3.6578073089700998,3.2443890274314215
ENST00000348911.10,,
ENST00000380817.8,,
ENST00000395737.2,,
ENST00000395738.2,,
ENST00000395733.7,,
ENST00000216075.11,,
ENST00000395732.7,,
ENST00000216080.5,,
ENST00000474879.7,,
ENST00000420993.7,301.0,901.0
ENST00000395698.7,301.0,1401.0
ENST00000395701.7,301.0,1501.0
ENST00000299821.15,301.0,1901.0000000000002
ENST00000608319.1,1.2997002997002998,1.049975012493753
ENST00000395693.8,,1.3322259136212624
ENST00000252785.3,,1.9950248756218907
ENST00000535425.5,,
ENST00000543927.6,,
ENST00000487577.5,,5.477611940298508
ENST00000395681.6,,901.0
ENST00000395680.6,,901.0
ENST00000252029.8,,901.0
ENST00000395678.7,,901.0
ENST00000428989.3,,
ENST00000403326.5,,
ENST00000405135.5,,
ENST00000401779.5,,
ENST00000682240.1,,
ENST00000329363.9,,
ENST00000609268.2,,
ENST00000609178.1,,
ENST00000648057.3,,
ENST00000395676.4,,
ENST00000402753.1,,
ENST00000406915.4,,
ENST00000360719.6,1.4279600570613409,1.2497918401332224
ENST00000457250.5,1.4279600570613409,1.2497918401332224
ENST00000405237.7,1.1663893510815309,1.0908265213442325
ENST00000312108.12,0.6254681647940075,0.9167360532889259
ENST00000395650.6,0.6254681647940075,0.846272098385857
ENST00000453634.5,0.4784876140808344,0.6429846483398787
ENST00000406938.3,,500.99999999999994
ENST00000656328.1,,
ENST00000654355.1,,
ENST00000662119.1,,
ENST00000652967.1,,
ENST00000609758.1,,
ENST00000329492.6,,301.0
ENST00000216124.10,3.9702970297029703,6.9405940594059405
ENST00000395621.7,400.99999999999994,6.9405940594059405
ENST00000395619.3,400.99999999999994,701.0
ENST00000356098.9,400.99999999999994,601.0
ENST00000453344.6,400.99999999999994,601.0
ENST00000391267.1,,
ENST00000661649.1,,
ENST00000445220.5,,
ENST00000262795.6,,
ENST00000384114.1,,
ENST00000664402.1,1.4975124378109452,
ENST00000659388.1,4.96039603960396,1.9975062344139651
ENST00000449652.1,,
ENST00000216139.10,,
ENST00000529621.1,,
ENST00000532913.1,,
ENST00000395613.2,,
ENST00000496652.5,,
ENST00000354869.7,,
ENST00000395590.5,,
ENST00000395595.8,,
ENST00000395593.7,,
ENST00000395598.7,,
ENST00000435118.5,,
ENST00000395591.5,,
ENST00000480246.1,1.664451827242525,
ENST00000427528.1,2.9900497512437814,1.7481296758104738
