target_id	length	eff_length	est_counts	tpm
ENST00000615943.1	113	7.62512	0	0
ENST00000635667.1	749	579.126	0	0
ENST00000624155.2	288	124.266	0	0
ENST00000422332.1	1241	1071.13	1	25.7706
ENST00000612732.1	151	23.0886	0	0
ENST00000672261.1	2720	2550.13	0	0
ENST00000657566.1	3183	3013.13	1	9.1611
ENST00000657645.1	2954	2784.13	0	0
ENST00000634617.1	774	604.126	0	0
ENST00000613107.1	107	5.42045	0	0
ENST00000623391.1	6114	5944.13	29.9878	139.258
ENST00000448473.1	371	202.023	0	0
ENST00000623199.1	6179	6009.13	21.3093	97.8866
ENST00000425869.1	1908	1738.13	1	15.8812
ENST00000441221.1	577	407.16	2	135.591
ENST00000429435.1	297	132.454	0	0
ENST00000643195.1	948	778.126	0	0
ENST00000412729.1	568	398.16	1	69.3277
ENST00000443989.1	2508	2338.13	2	23.6117
ENST00000444162.1	1294	1124.13	1	24.5555
ENST00000417863.1	2260	2090.13	2	26.4133
ENST00000456143.1	1177	1007.13	0	0
ENST00000447704.1	118	9.5077	0	0
ENST00000428118.1	1730	1560.13	5.14157	90.9706
ENST00000438441.1	1338	1168.13	1	23.6306
ENST00000440999.1	177	37.8241	0	0
ENST00000426025.1	1649	1479.13	3	55.9862
ENST00000435410.1	822	652.126	0	0
ENST00000343518.11	2037	1867.13	8	118.272
ENST00000621704.4	1874	1704.13	0	0
ENST00000422014.1	2566	2396.13	2	23.0401
ENST00000390914.1	107	5.42045	0	0
ENST00000417657.1	1123	953.126	2	57.9221
ENST00000453395.5	624	454.16	1	60.7793
ENST00000423297.1	1097	927.126	1	29.7732
ENST00000438574.1	519	349.242	0	0
ENST00000413768.5	2102	1932.13	49.082	701.215
ENST00000437781.5	2398	2228.13	60.9103	754.598
ENST00000661115.1	2206	2036.13	22.4486	304.333
ENST00000447898.5	4136	3966.13	47.8577	333.081
ENST00000661156.1	2754	2584.13	21.2755	227.264
ENST00000657965.1	2144	1974.13	24	335.584
ENST00000440946.5	1160	990.126	13.5714	378.355
ENST00000609679.1	552	382.16	1.42856	103.186
ENST00000414726.1	313	147.161	7	1313.01
ENST00000608286.1	694	524.126	38	2001.3
ENST00000456786.2	622	452.16	0	0
ENST00000420638.2	1493	1323.13	5	104.312
ENST00000398242.2	1049	879.126	6	188.393
ENST00000448070.1	121	10.7398	0	0
ENST00000424770.1	586	416.16	3	198.987
ENST00000612550.1	106	5.00858	0	0
ENST00000399687.3	604	434.16	2	127.158
ENST00000427602.1	88	41.6667	0	0
ENST00000426076.1	1612	1442.13	1	19.1409
ENST00000421957.1	1288	1118.13	1	24.6873
ENST00000623630.1	1338	1168.13	0	0
ENST00000450340.1	246	87.5718	0	0
ENST00000609641.1	661	491.126	0	0
ENST00000454360.1	617	447.16	0	0
ENST00000493696.2	3389	3219.13	0	0
ENST00000359963.4	2060	1890.13	2	29.2081
ENST00000656324.1	772	602.126	0	0
ENST00000430910.1	397	227.345	0	0
ENST00000558085.6	1738	1568.13	1.0199	17.9533
ENST00000592918.5	1576	1406.13	5.15877	101.271
ENST00000592107.5	1019	849.126	4.18672	136.103
ENST00000591299.1	751	581.126	3.32227	157.808
ENST00000588548.1	2523	2353.13	5.33224	62.5502
ENST00000438850.1	546	376.188	3	220.131
ENST00000636884.1	213	61.5146	3.9801	1786
ENST00000508033.1	253	93.3438	2	591.438
ENST00000510265.2	317	150.824	1	183.018
ENST00000456726.5	1181	1011.13	4	109.199
ENST00000434304.2	1623	1453.13	0	0
ENST00000423580.2	875	705.126	0.305978	11.9781
ENST00000457911.1	2907	2737.13	2.69402	27.1688
ENST00000670988.1	1005	835.126	0	0
ENST00000665507.1	1386	1216.13	0	0
ENST00000331428.5	1690	1520.13	2.09758e-08	3.80893e-07
ENST00000684488.1	1650	1480.13	4	74.5978
ENST00000425038.1	1381	1211.13	0	0
ENST00000423928.2	1178	1008.13	0	0
ENST00000442797.1	145	20.2767	0	0
ENST00000637740.1	555	385.16	0	0
ENST00000422608.1	359	190.475	0	0
ENST00000404435.1	3100	2930.13	1	9.4206
ENST00000442403.1	500	330.242	0	0
ENST00000448961.1	204	54.9616	0	0
ENST00000412238.1	351	182.976	0	0
ENST00000427470.1	102	3.65678	0	0
ENST00000458718.2	354	185.825	0	0
ENST00000523309.2	367	198.202	0	0
ENST00000521969.2	360	191.404	0	0
ENST00000517943.2	313	147.161	1	187.573
ENST00000521497.2	360	191.404	0	0
ENST00000643267.1	852	682.126	0	0
ENST00000400588.5	2630	2460.13	0	0
ENST00000643316.1	2055	1885.13	0	0
ENST00000605217.1	529	359.242	0	0
ENST00000614184.1	867	697.126	0	0
ENST00000441006.5	2726	2556.13	12	129.588
ENST00000609932.5	568	398.16	3	207.983
ENST00000636648.1	330	162.855	0	0
ENST00000608373.1	2855	2685.13	3.01103	30.9539
ENST00000609791.1	756	586.126	3	141.285
ENST00000612619.1	8506	8336.13	3.51503e-05	0.000116394
ENST00000319363.11	8566	8396.13	76.8311	252.594
ENST00000429106.1	328	161.049	1	171.399
ENST00000331437.4	5064	4894.13	0	0
ENST00000399875.1	3961	3791.13	6	43.6866
ENST00000654656.1	1481	1311.13	2	42.1066
ENST00000155674.9	1735	1565.13	21.0915	371.983
ENST00000336737.8	1799	1629.13	50.9085	862.582
ENST00000399852.3	1118	948.126	0	0
ENST00000431923.1	616	446.16	2	123.738
ENST00000399837.8	4355	4185.13	3.55717	23.4618
ENST00000610390.4	4137	3967.13	15.1038	105.093
ENST00000399839.5	3986	3816.13	0	0
ENST00000330232.8	3195	3025.13	0.889448	8.11599
ENST00000262607.3	3925	3755.13	12.4496	91.5156
ENST00000449907.7	2072	1902.13	0	0
ENST00000649540.1	1932	1762.13	0	0
ENST00000428401.1	373	203.948	0	0
ENST00000344033.5	333	165.769	0	0
ENST00000428828.1	1915	1745.13	1	15.8175
ENST00000453421.1	199	51.3784	0	0
ENST00000485262.3	297	132.454	0	0
ENST00000400585.7	9652	9482.13	30.2926	88.1853
ENST00000262608.13	10030	9860.13	0	0
ENST00000342247.10	10090	9920.13	0	0
ENST00000455617.1	1132	962.126	1	28.6901
ENST00000455251.1	388	218.558	0	0
ENST00000612582.1	9645	9475.13	51.3639	149.637
ENST00000437347.1	354	185.825	0	0
ENST00000651475.1	1500	1330.13	9.58829	198.982
ENST00000399813.1	2057	1887.13	0	0
ENST00000327451.11	2186	2016.13	6	82.1482
ENST00000443935.5	1838	1668.13	6.20218	102.631
ENST00000253413.10	1333	1163.13	169.203	4015.55
ENST00000399796.6	1208	1038.13	5.29852	140.886
ENST00000399798.6	994	824.126	6.49877	217.672
ENST00000399782.5	1381	1211.13	3.31777	75.6173
ENST00000337612.9	4905	4735.13	0	0
ENST00000418951.6	5062	4892.13	29.6725	167.425
ENST00000538149.5	4797	4627.13	0	0
ENST00000543133.5	4975	4805.13	24.4584	140.504
ENST00000611738.4	4817	4647.13	0	0
ENST00000616863.4	4761	4591.13	0	0
ENST00000618481.4	4961	4791.13	0	0
ENST00000317582.10	4959	4789.13	91.4354	527.015
ENST00000493680.5	2112	1942.13	15.4677	219.843
ENST00000355028.4	4458	4288.13	4.86793	31.3358
ENST00000317361.11	2495	2325.13	4.2145	50.0339
ENST00000622694.5	2177	2007.13	25.7657	354.35
ENST00000614949.4	1988	1818.13	0	0
ENST00000399765.5	1879	1709.13	13.0102	210.124
ENST00000399767.6	907	737.126	20.2669	758.944
ENST00000342111.9	854	684.126	0	0
ENST00000551952.5	700	530.126	10.7427	559.368
ENST00000583102.1	80	33.6667	0	0
ENST00000600723.1	2160	1990.13	3	41.6107
ENST00000441493.7	9447	9277.13	93.6538	278.661
ENST00000476405.1	4328	4158.13	9.68847	64.3165
ENST00000657505.1	991	821.126	1.91388	64.3382
ENST00000400561.6	3046	2876.13	13.026	125.016
ENST00000414725.6	4756	4586.13	9.2375	55.5998
ENST00000383094.7	2963	2793.13	0	0
ENST00000585038.1	3323	3153.13	27.5073	240.808
ENST00000385046.1	94	36.75	0	0
ENST00000429618.1	361	192.347	1	143.509
ENST00000441167.1	2493	2323.13	2.07294	24.6308
ENST00000411920.1	351	182.976	0	0
ENST00000443243.1	2379	2209.13	3.07123	38.3757
ENST00000426483.1	805	635.126	0	0
ENST00000607927.1	1699	1529.13	6.09106	109.955
ENST00000329627.11	18445	18275.1	0.00187543	0.00283274
ENST00000474897.6	2885	2715.13	0	0
ENST00000399744.8	18626	18456.1	169.577	253.625
ENST00000428061.2	815	645.126	0.795913	34.0554
ENST00000427227.2	210	59.2509	0	0
ENST00000450866.1	277	114.492	0	0
ENST00000446487.1	531	361.242	0	0
ENST00000679963.1	2558	2388.13	2.52382	29.172
ENST00000680175.1	3026	2856.13	3.79565	36.6837
ENST00000316027.10	1518	1348.13	0	0
ENST00000623543.1	20396	20226.1	33.3583	45.5257
ENST00000330423.8	2003	1833.13	0	0
ENST00000416740.2	1998	1828.13	0	0
ENST00000215794.8	1858	1688.13	20.6028	336.888
ENST00000434390.1	1859	1689.13	0	0
ENST00000617623.1	998	828.126	0	0
ENST00000619172.5	3575	3405.13	0	0
ENST00000618517.4	1859	1689.13	0	0
ENST00000622906.1	375	205.887	0	0
ENST00000612861.1	3800	3630.13	0	0
ENST00000624459.2	3186	3016.13	1.06116	9.71169
ENST00000624001.2	714	544.126	2.93884	149.088
ENST00000614584.1	375	205.887	0	0
ENST00000620909.1	820	650.126	2	84.9175
ENST00000621762.1	358	189.574	0	0
ENST00000619998.1	968	798.126	0	0
ENST00000618466.1	316	149.937	0.985462	181.424
ENST00000359859.4	470	300.242	0	0
ENST00000612978.5	1334	1164.13	1.86105	44.1288
ENST00000613597.1	366	197.26	0	0
ENST00000610959.4	2425	2255.13	61.8401	756.945
ENST00000612579.4	1703	1533.13	0	0
ENST00000611748.1	1906	1736.13	17.8803	284.288
ENST00000614296.1	143	19.3673	0	0
ENST00000410698.2	301	136.137	0	0
ENST00000619918.1	6105	5935.13	13.9216	64.7474
ENST00000611762.1	320	153.641	0	0
ENST00000611186.1	758	588.126	0	0
ENST00000652395.1	699	529.126	0	0
ENST00000611168.1	834	664.126	0	0
ENST00000611403.1	3595	3425.13	1.1862e-06	9.55976e-06
ENST00000619065.1	3527	3357.13	2	16.4447
ENST00000342888.3	1859	1689.13	0	0
ENST00000611876.1	1559	1389.13	4	79.4846
ENST00000412448.5	2340	2170.13	0	0
ENST00000453783.2	1714	1544.13	1	17.8765
ENST00000437537.1	391	221.46	0	0
ENST00000445651.1	368	199.202	0	0
ENST00000428850.2	745	575.126	0	0
ENST00000419447.5	2068	1898.13	0	0
ENST00000342005.5	1389	1219.13	1	22.6421
ENST00000412938.5	5920	5750.13	11.5953	55.6632
ENST00000511549.1	544	374.188	0	0
ENST00000614596.2	535	365.242	0	0
ENST00000623570.1	1181	1011.13	3	81.8994
ENST00000413981.5	1039	869.126	8.39941	266.766
ENST00000638240.1	1669	1499.13	0	0
ENST00000331444.12	1117	947.126	0	0
ENST00000608842.1	1837	1667.13	7	115.903
ENST00000610940.4	2405	2235.13	0	0
ENST00000357068.11	2203	2033.13	9.32627	126.622
ENST00000420436.5	2034	1864.13	6.24804e-08	9.25194e-07
ENST00000334029.6	1985	1815.13	11.6737	177.528
ENST00000640084.1	1382	1212.13	17	387.138
ENST00000624224.1	7579	7409.13	6	22.3537
ENST00000675671.1	4432	4262.13	3	19.4294
ENST00000438934.5	5492	5322.13	14.3627	74.493
ENST00000636418.1	176	37.2392	0	0
ENST00000399539.4	862	692.126	0	0
ENST00000604539.1	458	288.242	0	0
ENST00000637415.1	154	24.6554	0	0
ENST00000603208.1	874	704.126	0	0
ENST00000652053.1	1719	1549.13	4	71.2751
ENST00000481698.1	905	735.126	1	37.5494
ENST00000537045.5	4361	4191.13	0	0
ENST00000545799.5	4484	4314.13	36.3193	232.386
ENST00000263196.12	4438	4268.13	133.681	864.562
ENST00000384012.1	112	7.20215	1	3832.68
ENST00000609958.1	2214	2044.13	6	81.023
ENST00000412461.2	403	233.26	0	0
ENST00000629517.1	803	633.126	2	87.1976
ENST00000456035.1	582	412.16	3	200.918
ENST00000609936.1	1514	1344.13	2.24749	46.1553
ENST00000450724.1	768	598.126	2	92.3
ENST00000252137.11	5359	5189.13	40	212.78
ENST00000399635.4	1315	1145.13	0	0
ENST00000086933.3	2625	2455.13	1	11.2432
ENST00000565162.2	1445	1275.13	8	173.182
ENST00000215882.10	1548	1378.13	137	2744.08
ENST00000451283.5	1514	1344.13	0	0
ENST00000621271.4	5313	5143.13	2.3091e-05	0.000123931
ENST00000427926.6	5518	5348.13	53.5955	276.625
ENST00000622493.4	1714	1544.13	0	0
ENST00000617926.4	1695	1525.13	0	0
ENST00000658236.1	964	794.126	5.40444	187.856
ENST00000433141.1	297	132.454	1	208.401
ENST00000516131.1	94	36.75	0	0
ENST00000446618.1	1287	1117.13	0	0
ENST00000664918.1	866	696.126	2	79.3061
ENST00000340170.8	3395	3225.13	0	0
ENST00000263208.5	4053	3883.13	156	1108.94
ENST00000463821.3	279	116.233	2	474.967
ENST00000333130.4	744	574.126	64	3077.07
ENST00000399568.5	1005	835.126	19.564	646.65
ENST00000399562.9	3720	3550.13	82.436	640.971
ENST00000431090.1	2097	1927.13	8	114.589
ENST00000263202.15	1791	1621.13	57.8974	985.841
ENST00000399523.5	1007	837.126	55.1026	1816.96
ENST00000607934.1	427	257.242	17	1824.19
ENST00000608816.1	460	290.242	2	190.21
ENST00000407835.6	1898	1728.13	0	0
ENST00000437685.6	2072	1902.13	35.6123	516.804
ENST00000263201.7	1879	1709.13	115.388	1863.59
ENST00000404724.7	1693	1523.13	0	0
ENST00000661478.1	525	355.242	0	0
ENST00000406028.1	2548	2378.13	0	0
ENST00000618236.2	1384	1214.13	0	0
ENST00000403084.1	2357	2187.13	2	25.2418
ENST00000413119.2	1760	1590.13	0	0
ENST00000629028.1	1637	1467.13	3.38889	63.7609
ENST00000420012.1	953	783.126	1	35.2479
ENST00000452326.1	287	123.352	0	0
ENST00000455784.7	2031	1861.13	94.1197	1395.95
ENST00000406395.5	1974	1804.13	0	0
ENST00000455843.5	4113	3943.13	16.7218	117.06
ENST00000383045.7	1588	1418.13	7.15842	139.337
ENST00000438754.6	2241	2071.13	0	0
ENST00000366425.4	959	789.126	8	279.839
ENST00000332710.8	2084	1914.13	0	0
ENST00000329705.11	1465	1295.13	0.0013205	0.0281443
ENST00000359500.7	1538	1368.13	9.60903	193.873
ENST00000649276.2	2048	1878.13	0	0
ENST00000329517.11	6642	6472.13	11.4069	48.6505
ENST00000403325.5	1699	1529.13	31.8132	574.287
ENST00000405009.5	1076	906.126	0	0
ENST00000424559.2	801	631.126	1	43.7369
ENST00000407472.5	6523	6353.13	155.856	677.173
ENST00000328554.9	6653	6483.13	0	0
ENST00000405640.1	6785	6615.13	5.17842e-06	2.16085e-05
ENST00000400518.5	2025	1855.13	15.8687	236.12
ENST00000542719.6	2024	1854.13	7.96414	118.567
ENST00000462330.5	1129	959.126	3.56266	102.533
ENST00000400519.6	3155	2985.13	13.1329	121.44
ENST00000400521.7	1941	1771.13	8.88727	138.511
ENST00000400525.6	1874	1704.13	0	0
ENST00000485358.5	850	680.126	3.07536	124.816
ENST00000420617.1	682	512.126	4	215.599
ENST00000491939.6	2238	2068.13	8.35929	111.572
ENST00000334363.14	1893	1723.13	2.85572	45.747
ENST00000676678.1	1405	1235.13	0	0
ENST00000403184.5	2217	2047.13	17.7322	239.102
ENST00000361682.11	2272	2102.13	0	0
ENST00000403710.5	1548	1378.13	0.000673313	0.0134863
ENST00000407537.5	1457	1287.13	0.290157	6.22267
ENST00000678868.1	2405	2235.13	4.66474	57.609
ENST00000678769.1	2202	2032.13	0	0
ENST00000428707.2	2492	2322.13	4.89672	58.2082
ENST00000406520.7	1339	1169.13	3.0534	72.0919
ENST00000678255.1	3119	2949.13	21.2306	198.716
ENST00000449653.5	1035	865.126	76.1315	2429.12
ENST00000585066.1	82	35.6667	0	0
ENST00000263207.8	4056	3886.13	21.8172	154.97
ENST00000401994.5	2700	2530.13	0	0
ENST00000406522.5	2682	2512.13	6.12099	67.2582
ENST00000406259.1	2871	2701.13	0.0618251	0.631807
ENST00000401886.5	1559	1389.13	0	0
ENST00000420290.6	1859	1689.13	0.662996	10.8346
ENST00000432883.5	2084	1914.13	28.8441	415.96
ENST00000434570.6	2180	2010.13	0.00567971	0.0779951
ENST00000447208.6	2086	1916.13	7.58191	109.224
ENST00000456048.5	2439	2269.13	17.1042	208.07
ENST00000398042.6	2011	1841.13	0	0
ENST00000327374.9	3509	3339.13	17.5753	145.289
ENST00000401833.5	1920	1750.13	0	0
ENST00000385288.3	82	35.6667	0	0
ENST00000628442.1	550	380.16	3	217.831
ENST00000600617.5	878	708.126	0	0
ENST00000601746.5	930	760.126	3	108.943
ENST00000598339.5	805	635.126	0	0
ENST00000596334.5	996	826.126	0	0
ENST00000609644.5	589	419.16	0	0
ENST00000609191.1	828	658.126	0	0
ENST00000600090.1	583	413.16	0	0
ENST00000619837.1	250	90.8358	3.30492	1004.31
ENST00000383024.6	4419	4249.13	0	0
ENST00000351989.8	4506	4336.13	166	1056.75
ENST00000580330.1	88	41.6667	0	0
ENST00000407755.1	4129	3959.13	8.9316e-05	0.000622723
ENST00000408439.3	85	38.6667	0	0
ENST00000412713.1	526	356.242	0	0
ENST00000252136.12	2886	2716.13	62.1146	631.26
ENST00000403707.7	2928	2758.13	0	0
ENST00000404751.7	2498	2328.13	0	0
ENST00000439169.2	2473	2303.13	27.8854	334.213
ENST00000620368.1	66	35.5	0	0
ENST00000430524.6	1221	1051.13	0	0
ENST00000402752.5	1132	962.126	138.754	3980.87
ENST00000331821.7	837	667.126	247.246	10230.3
ENST00000578179.1	125	12.1295	4	9102.94
ENST00000334554.12	5049	4879.13	17.2014	97.3166
ENST00000320602.11	3072	2902.13	51.2135	487.117
ENST00000405930.3	3112	2942.13	12.585	118.075
ENST00000439765.4	1476	1306.13	3	63.4017
ENST00000506039.1	2228	2058.13	1.34712	18.0675
ENST00000609602.1	2128	1958.13	4	56.3877
ENST00000043402.8	1944	1774.13	9	140.031
ENST00000408112.3	78	47.5	0	0
ENST00000438948.1	1240	1070.13	3	77.384
ENST00000248879.8	1172	1002.13	52.6006	1448.88
ENST00000405465.3	962	792.126	0	0
ENST00000608275.1	631	461.126	1	59.8611
ENST00000609632.1	465	295.242	0	0
ENST00000617303.4	578	408.16	1	67.6292
ENST00000583722.5	474	304.242	0	0
ENST00000610338.1	1870	1700.13	1.4969	24.3039
ENST00000458154.1	446	276.242	0	0
ENST00000667786.1	1102	932.126	2	59.227
ENST00000292729.12	920	750.126	1.39724	51.4163
ENST00000611540.4	3714	3544.13	0	0
ENST00000403682.7	2789	2619.13	14.6146	154.027
ENST00000400451.7	3900	3730.13	58.3854	432.061
ENST00000357502.5	2788	2618.13	0	0
ENST00000405993.2	1839	1669.13	0	0
ENST00000384613.1	103	4.08214	0	0
ENST00000622235.5	3463	3293.13	20.3089	170.232
ENST00000623402.1	3248	3078.13	6.69111	60.0035
ENST00000429594.1	644	474.126	0	0
ENST00000328879.9	2528	2358.13	43	503.345
ENST00000426448.1	1703	1533.13	5	90.0237
ENST00000532431.1	109	6.12722	0	0
ENST00000365046.1	111	6.77791	0	0
ENST00000493791.3	279	116.233	0	0
ENST00000436075.1	1291	1121.13	3	73.8638
ENST00000292733.11	3252	3082.13	0.00138997	0.0124486
ENST00000263205.11	3351	3181.13	87.5054	759.309
ENST00000406969.5	3210	3040.13	25.4932	231.471
ENST00000382974.6	2235	2065.13	0	0
ENST00000420225.1	652	482.126	4	229.015
ENST00000508880.1	1123	953.126	0	0
ENST00000416717.6	2263	2093.13	2	26.3754
ENST00000443839.1	2108	1938.13	2	28.4848
ENST00000614590.1	133	15.1109	1	1826.73
ENST00000447821.1	2021	1851.13	0	0
ENST00000411545.2	909	739.126	1	37.3462
ENST00000427789.3	1891	1721.13	0	0
ENST00000514371.1	253	93.3438	0	0
ENST00000450925.6	1961	1791.13	3	46.2338
ENST00000637163.1	1067	897.126	0	0
ENST00000452055.5	788	618.126	2.45039	109.427
ENST00000419950.5	663	493.126	0	0
ENST00000255882.11	6751	6581.13	313.788	1316.14
ENST00000215727.10	2203	2033.13	108	1466.3
ENST00000406799.1	1798	1628.13	0	0
ENST00000215730.12	4259	4089.13	91.603	618.364
ENST00000608856.1	373	203.948	0	0
ENST00000354336.8	5342	5172.13	483.954	2582.85
ENST00000444039.1	684	514.126	6	322.141
ENST00000399167.6	2387	2217.13	0	0
ENST00000399163.6	2309	2139.13	0	0
ENST00000434714.6	2292	2122.13	10	130.075
ENST00000683034.1	2270	2100.13	0	0
ENST00000440238.4	2334	2164.13	0	0
ENST00000405089.5	2333	2163.13	0	0
ENST00000479606.5	3442	3272.13	0	0
ENST00000610278.1	395	225.361	2	244.971
ENST00000646124.2	4282	4112.13	169	1134.45
ENST00000215742.9	1913	1743.13	14.4472	228.781
ENST00000399133.2	1144	974.126	51.5528	1460.84
ENST00000436079.1	1720	1550.13	0	0
ENST00000452284.1	2298	2128.13	1.33505	17.3166
ENST00000442739.1	958	788.126	0	0
ENST00000292748.7	1678	1508.13	7.67061	140.397
ENST00000640124.1	621	451.16	1	61.1834
ENST00000413302.6	3687	3517.13	13.2865	104.277
ENST00000401443.5	1834	1664.13	3.7135	61.5973
ENST00000403586.5	2307	2137.13	2.85836	36.9192
ENST00000382932.3	2316	2146.13	0.141638	1.82175
ENST00000450652.2	714	544.126	3	152.19
ENST00000384843.1	97	11.4667	0	0
ENST00000439119.5	468	298.242	1	92.554
ENST00000450626.1	357	188.644	0	0
ENST00000442047.2	1179	1009.13	1	27.3539
ENST00000410028.3	1325	1155.13	0	0
ENST00000641915.1	272	109.97	1	251.01
ENST00000461808.5	1832	1662.13	3.1083	51.6206
ENST00000420508.1	4833	4663.13	4.4158	26.1395
ENST00000447763.1	634	464.126	0	0
ENST00000398241.3	1842	1672.13	0.000387952	0.00640434
ENST00000329949.3	2404	2234.13	2.02927	25.0725
ENST00000420708.1	748	578.126	0	0
ENST00000451257.5	3566	3396.13	0	0
ENST00000415376.5	1859	1689.13	1.12628	18.4056
ENST00000415704.5	396	226.361	0	0
ENST00000421576.5	598	428.16	0	0
ENST00000424410.1	1856	1686.13	1.5031	24.6072
ENST00000417463.1	774	604.126	0	0
ENST00000639507.1	358	189.574	0	0
ENST00000639755.1	178	38.3856	0	0
ENST00000405188.8	1845	1675.13	0	0
ENST00000401924.5	2366	2196.13	0	0
ENST00000637734.1	379	209.779	0	0
ENST00000441743.1	743	573.126	0	0
ENST00000417732.1	1281	1111.13	0	0
ENST00000510112.1	632	462.126	0	0
ENST00000447720.5	3215	3045.13	0	0
ENST00000436681.5	3714	3544.13	0	0
ENST00000416615.5	1930	1760.13	0	0
ENST00000434730.1	775	605.126	0	0
ENST00000452952.1	576	406.16	1.87372	127.342
ENST00000416640.2	3664	3494.13	1	7.89998
ENST00000666255.1	566	396.16	1	69.6777
ENST00000652479.1	699	529.126	0	0
ENST00000422450.1	689	519.126	0	0
ENST00000617743.1	320	153.641	0	0
ENST00000620804.1	6105	5935.13	9.28104	43.165
ENST00000363187.1	301	136.137	0	0
ENST00000516211.1	143	19.3673	0	0
ENST00000621315.1	318	151.756	5.70396	1037.52
ENST00000407464.7	6831	6661.13	0.608527	2.52172
ENST00000407598.2	4734	4564.13	11.6085	70.2077
ENST00000443632.2	6940	6770.13	95.7829	390.532
ENST00000612964.1	317	150.824	0.0145381	2.66073
ENST00000432134.8	1185	1015.13	0	0
ENST00000682920.1	1110	940.126	0	0
ENST00000621561.5	1080	910.126	0.743887	22.5616
ENST00000536718.3	1096	926.126	0.944672	28.1563
ENST00000486209.5	3213	3043.13	28.9095	262.232
ENST00000450651.5	2294	2124.13	25.2654	328.331
ENST00000360806.9	2080	1910.13	42.5148	614.388
ENST00000516334.1	143	19.3673	0	0
ENST00000410420.1	301	136.137	0	0
ENST00000433039.2	5796	5626.13	3.79741	18.6313
ENST00000458578.6	3007	2837.13	0	0
ENST00000619894.1	320	153.641	0	0
ENST00000545681.2	2932	2762.13	0	0
ENST00000342192.9	2861	2691.13	308	3159.23
ENST00000292778.11	1309	1139.13	71.834	1740.7
ENST00000398873.4	1066	896.126	10.166	313.145
ENST00000607942.5	1913	1743.13	1.56237	24.7411
ENST00000292779.4	2231	2061.13	1.43763	19.2534
ENST00000609038.1	441	271.242	1	101.767
ENST00000248958.5	825	655.126	33	1390.44
ENST00000498589.1	1093	923.126	4	119.609
ENST00000390813.1	78	47.5	0	0
ENST00000385018.1	82	35.6667	0	0
ENST00000641967.1	471	301.242	0	0
ENST00000641933.1	54	23.5	0	0
ENST00000641242.1	118	9.5077	0	0
ENST00000641337.1	71	40.5	0	0
ENST00000610143.1	430	260.242	5	530.343
ENST00000680393.1	2840	2670.13	0	0
ENST00000679534.1	3507	3337.13	0	0
ENST00000679827.1	2692	2522.13	2.0985	22.9671
ENST00000681956.1	4168	3998.13	1.46044e-06	1.00831e-05
ENST00000681338.1	3025	2855.13	7.84971e-06	7.58915e-05
ENST00000680061.1	3080	2910.13	0	0
ENST00000679540.1	3005	2835.13	1.89262e-07	1.8427e-06
ENST00000679795.1	4051	3881.13	0	0
ENST00000335025.12	4929	4759.13	2.40221	13.9331
ENST00000398831.8	4068	3898.13	107.131	758.62
ENST00000679477.1	3237	3067.13	0	0
ENST00000626352.2	2625	2455.13	0	0
ENST00000680094.1	3343	3173.13	1.92083	16.7096
ENST00000680109.1	3076	2906.13	23.294	221.255
ENST00000406385.1	3875	3705.13	0	0
ENST00000680860.1	3062	2892.13	5.70161	54.4183
ENST00000339468.8	4297	4127.13	17.9442	120.017
ENST00000672036.2	465	295.242	2.70632	253.026
ENST00000403503.1	466	296.242	0.040459	3.76993
ENST00000662004.1	968	798.126	1	34.5854
ENST00000496490.3	288	124.266	0	0
ENST00000652589.1	1138	968.126	1.07777	30.7296
ENST00000215832.11	5881	5711.13	440.569	2129.4
ENST00000398822.7	1487	1317.13	39.4315	826.381
ENST00000544786.1	951	781.126	0	0
ENST00000364115.1	91	33.75	3	2453.65
ENST00000435222.1	392	222.411	0	0
ENST00000263212.10	5149	4979.13	153.26	849.652
ENST00000407142.5	5587	5417.13	0	0
ENST00000397495.8	1778	1608.13	4.70249	80.7183
ENST00000653280.1	2256	2086.13	0	0
ENST00000458178.2	37852	37682.1	179.059	131.168
ENST00000357179.10	2834	2664.13	89.2168	924.393
ENST00000398793.6	3107	2937.13	22.4525	211.012
ENST00000419303.5	1869	1699.13	0	0
ENST00000337471.8	3038	2868.13	1	9.62424
ENST00000548391.1	1445	1275.13	0	0
ENST00000523272.1	390	220.46	1	125.209
ENST00000390282.2	419	249.242	0	0
ENST00000519525.1	345	177.245	0	0
ENST00000620649.1	780	610.126	1	45.2423
ENST00000423821.2	375	205.887	1	134.071
ENST00000519446.1	325	158.324	1	174.348
ENST00000413294.1	162	28.9773	0	0
ENST00000521832.1	460	290.242	0	0
ENST00000523818.1	341	173.402	0	0
ENST00000517313.1	360	191.404	0	0
ENST00000518581.1	301	136.137	0	0
ENST00000524184.1	384	214.638	1	128.605
ENST00000518003.1	441	271.242	2	203.534
ENST00000611529.1	162	28.9773	0	0
ENST00000390283.2	414	244.242	0	0
ENST00000444224.1	1262	1092.13	0	0
ENST00000580133.2	923	753.126	0	0
ENST00000448601.1	281	117.972	0	0
ENST00000440562.1	250	90.8358	0	0
ENST00000390284.2	362	193.333	0	0
ENST00000442890.1	346	178.205	0	0
ENST00000458366.1	574	404.16	1	68.2985
ENST00000520218.1	250	90.8358	0	0
ENST00000520445.1	304	138.928	0	0
ENST00000431230.1	679	509.126	0	0
ENST00000390285.4	353	184.908	0	0
ENST00000521342.1	342	174.376	0	0
ENST00000390286.3	381	211.701	0	0
ENST00000390287.2	365	196.289	0	0
ENST00000520107.1	367	198.202	1	139.27
ENST00000420768.1	1380	1210.13	1.23408	28.15
ENST00000432623.1	1242	1072.13	0	0
ENST00000302273.2	626	456.16	0	0
ENST00000403807.4	644	474.126	0	0
ENST00000624350.1	8420	8250.13	36.1856	121.071
ENST00000610778.1	3293	3123.13	9	79.5459
ENST00000412149.1	524	354.242	0	0
ENST00000652112.1	2895	2725.13	29.2763	296.548
ENST00000413293.1	1121	951.126	31.9773	928.045
ENST00000390289.2	379	209.779	0.746318	98.2034
ENST00000390290.3	389	219.558	0	0
ENST00000390291.2	405	235.26	0	0
ENST00000436538.1	1642	1472.13	1	18.7508
ENST00000427632.2	409	239.26	1	115.37
ENST00000440829.1	358	189.574	0	0
ENST00000390293.1	369	200.142	0	0
ENST00000390294.2	407	237.26	0	0
ENST00000453999.1	1561	1391.13	1	19.8426
ENST00000390295.3	385	215.622	0	0
ENST00000443400.1	292	127.881	0	0
ENST00000390296.2	397	227.345	0	0
ENST00000390297.3	467	297.242	0	0
ENST00000390298.2	385	215.622	0	0
ENST00000522485.1	381	211.701	0	0
ENST00000518405.1	151	23.0886	0	0
ENST00000519790.1	406	236.26	0	0
ENST00000390299.2	407	237.26	0	0
ENST00000438037.1	985	815.126	0	0
ENST00000519982.1	385	215.622	1	128.018
ENST00000390300.2	374	204.918	0	0
ENST00000390301.3	393	223.411	1	123.555
ENST00000451224.1	1651	1481.13	1	18.6369
ENST00000523314.1	340	172.427	0	0
ENST00000419501.1	328	161.049	1	171.399
ENST00000626650.3	5309	5139.13	47.9613	257.612
ENST00000613655.1	3714	3544.13	8.03874	62.61
ENST00000302097.3	2148	1978.13	11	153.498
ENST00000405655.8	2304	2134.13	69.614	900.412
ENST00000398743.6	2196	2026.13	165.444	2253.97
ENST00000398741.5	2202	2032.13	118.396	1608.24
ENST00000543184.5	2758	2588.13	105.961	1130.12
ENST00000402697.5	2057	1887.13	3.70229	54.1545
ENST00000406503.1	740	570.126	1.88273	91.1552
ENST00000407120.1	3111	2941.13	5	46.9268
ENST00000490007.2	283	119.707	0	0
ENST00000390302.3	412	242.242	0	0
ENST00000390303.3	383	213.67	0	0
ENST00000523713.1	297	132.454	0	0
ENST00000524362.1	298	133.343	0	0
ENST00000506079.2	804	634.126	0	0
ENST00000661466.1	2412	2242.13	2.81533	34.6604
ENST00000402027.1	1934	1764.13	0	0
ENST00000605258.1	1835	1665.13	2	33.1549
ENST00000618722.4	1047	877.126	0	0
ENST00000480559.6	895	725.126	0	0
ENST00000448514.2	901	731.126	0	0
ENST00000613850.4	973	803.126	1.17983	40.5508
ENST00000417145.2	952	782.126	0	0
ENST00000520084.1	244	85.9643	1	321.105
ENST00000520681.1	304	138.928	0	0
ENST00000390304.2	377	207.841	0	0
ENST00000520756.1	302	137.086	0	0
ENST00000521893.1	249	90.0093	0	0
ENST00000390305.2	380	210.733	2	261.977
ENST00000418731.1	148	21.71	0	0
ENST00000438185.1	451	281.242	0	0
ENST00000517477.1	197	50.1422	0	0
ENST00000390306.2	502	332.242	0	0
ENST00000521183.1	211	60.0271	0	0
ENST00000390307.2	409	239.26	0	0
ENST00000390308.2	602	432.16	0	0
ENST00000519296.1	130	14.0466	0	0
ENST00000390309.2	377	207.841	1	132.811
ENST00000620749.1	366	197.26	0	0
ENST00000390310.3	367	198.202	0	0
ENST00000519099.1	244	85.9643	0	0
ENST00000390311.3	385	215.622	0	0
ENST00000518356.1	244	85.9643	0	0
ENST00000390312.2	402	232.26	6	713.084
ENST00000518475.1	223	69.0656	0	0
ENST00000390313.3	356	187.7	0	0
ENST00000415642.1	163	29.5212	0	0
ENST00000616239.1	1006	836.126	0	0
ENST00000390314.2	400	230.26	0	0
ENST00000618197.1	285	121.586	0	0
ENST00000390315.3	382	212.686	0	0
ENST00000423259.1	256	95.8571	0	0
ENST00000390316.2	461	291.242	1	94.7785
ENST00000620395.2	517	347.242	1	79.4936
ENST00000385101.1	96	26.1667	0	0
ENST00000458673.1	253	93.3438	1	295.719
ENST00000522952.1	271	109.089	0	0
ENST00000523937.1	250	90.8358	0	0
ENST00000522922.1	277	114.492	1	241.096
ENST00000432300.1	244	85.9643	0	0
ENST00000390318.2	403	233.26	0	0
ENST00000519345.1	229	73.8695	0	0
ENST00000390319.2	398	228.311	0	0
ENST00000577998.1	113	7.62512	0	0
ENST00000532223.2	1335	1165.13	0	0
ENST00000526893.6	1300	1130.13	0	0
ENST00000531372.1	882	712.126	0	0
ENST00000390320.2	127	12.8571	0	0
ENST00000390321.2	460	290.242	0	0
ENST00000390322.2	175	36.6089	0	0
ENST00000390323.2	462	292.242	1664.09	157180
ENST00000390324.2	176	37.2392	0	0
ENST00000390325.2	462	292.242	233.913	22094.1
ENST00000390326.2	33	2.5	0	0
ENST00000517690.1	248	89.1743	0	0
ENST00000390327.2	72	41.5	0	0
ENST00000519670.1	293	128.822	0	0
ENST00000390328.2	70	39.5	0	0
ENST00000410078.2	317	150.824	0	0
ENST00000390330.2	46	15.5	0	0
ENST00000390331.3	441	271.242	4	407.068
ENST00000415639.1	319	152.71	0	0
ENST00000420944.1	258	97.6281	0	0
ENST00000216036.9	1188	1018.13	0	0
ENST00000615612.2	3170	3000.13	18	165.614
ENST00000635920.1	276	113.563	0	0
ENST00000406876.1	519	349.242	0	0
ENST00000459276.2	60	29.5	0	0
ENST00000341989.9	936	766.126	4.017	144.733
ENST00000263116.8	4990	4820.13	12.4761	71.4474
ENST00000412037.2	255	95.0006	0	0
ENST00000359540.7	4708	4538.13	103.162	627.493
ENST00000305877.13	6783	6613.13	101.564	423.933
ENST00000467969.3	290	126.055	0	0
ENST00000426721.2	2239	2069.13	6	80.044
ENST00000440602.1	385	215.622	0	0
ENST00000450776.1	346	178.205	0	0
ENST00000400418.7	859	689.126	1	40.0558
ENST00000415114.1	974	804.126	0	0
ENST00000255890.8	2382	2212.13	0	0
ENST00000433168.5	2309	2139.13	0	0
ENST00000512987.2	1202	1032.13	0	0
ENST00000418264.1	1403	1233.13	2	44.77
ENST00000449711.1	917	747.126	1	36.9463
ENST00000454268.1	641	471.126	0	0
ENST00000457193.1	586	416.16	2	132.658
ENST00000426024.1	163	29.5212	0	0
ENST00000320372.9	1578	1408.13	1	19.603
ENST00000653461.1	967	797.126	5	173.144
ENST00000432249.2	477	307.242	1	89.8428
ENST00000629869.1	976	806.126	46.7604	1601.18
ENST00000626825.1	1077	907.126	1.62475	49.4407
ENST00000627127.1	3935	3765.13	115.827	849.174
ENST00000454863.4	569	399.16	2	138.308
ENST00000249053.3	716	546.126	0	0
ENST00000330377.3	883	713.126	0	0
ENST00000608615.1	1081	911.126	1	30.2961
ENST00000614827.1	381	211.701	0	0
ENST00000317749.9	1300	1130.13	1.8436	45.0302
ENST00000622821.1	210	59.2509	0	0
ENST00000614553.1	687	517.126	1.1564	61.7272
ENST00000390329.3	1087	917.126	3	90.2936
ENST00000430707.2	906	736.126	9.8628	369.839
ENST00000425948.2	383	213.67	0.137199	17.7245
ENST00000428790.1	637	467.126	4	236.369
ENST00000651432.1	5858	5688.13	54.0284	262.191
ENST00000417194.5	5004	4834.13	24.0026	137.058
ENST00000435868.1	847	677.126	3.24368	132.231
ENST00000401461.5	2420	2250.13	5.25301	64.4415
ENST00000612432.4	2649	2479.13	3.43968	38.2987
ENST00000615003.4	3014	2844.13	5.22989	50.7585
ENST00000290691.10	2725	2555.13	0	0
ENST00000437294.1	557	387.16	5.75632	410.411
ENST00000341976.5	6940	6770.13	68.1831	278
ENST00000398465.3	503	333.242	0	0
ENST00000248948.4	567	397.16	0	0
ENST00000402217.8	895	725.126	0	0
ENST00000305199.9	681	511.126	2	108.011
ENST00000382821.3	646	476.126	0	0
ENST00000520222.1	384	214.638	36.3197	4670.89
ENST00000401675.7	691	521.126	0	0
ENST00000484558.3	700	530.126	1.68034	87.4947
ENST00000215743.8	2261	2091.13	20	264.006
ENST00000407422.8	1730	1560.13	94.299	1668.45
ENST00000344921.11	1717	1547.13	0	0
ENST00000644036.2	5191	5021.13	37.8446	208.05
ENST00000263121.12	1500	1330.13	16.0148	332.349
ENST00000318109.12	3093	2923.13	0	0
ENST00000404056.1	3113	2943.13	0	0
ENST00000406855.7	1063	893.126	6.15505	190.232
ENST00000476077.1	969	799.126	16.6865	576.388
ENST00000609825.1	613	443.16	0	0
ENST00000345044.10	3219	3049.13	22.0154	199.304
ENST00000403208.7	564	394.16	0	0
ENST00000398356.6	2388	2218.13	4.01645	49.9828
ENST00000405847.5	730	560.126	13.8077	680.458
ENST00000611880.4	3264	3094.13	0	0
ENST00000316185.8	1555	1385.13	3.89489	77.6195
ENST00000433835.3	788	618.126	0	0
ENST00000624923.1	8030	7860.13	19.9421	70.0335
ENST00000491172.3	298	133.343	1	207.012
ENST00000215754.8	557	387.16	342.639	24429.3
ENST00000406213.1	1476	1306.13	18.361	388.04
ENST00000609510.1	5637	5467.13	25	126.225
ENST00000439492.1	1763	1593.13	1	17.3266
ENST00000443377.1	532	362.242	0	0
ENST00000440099.1	289	125.19	0	0
ENST00000290765.9	1108	938.126	8	235.393
ENST00000404172.3	819	649.126	0	0
ENST00000423307.1	254	94.1504	0	0
ENST00000215770.6	1582	1412.13	14.1846	277.273
ENST00000609736.1	663	493.126	2	111.953
ENST00000350608.7	671	501.126	0	0
ENST00000398344.9	565	395.16	69.1453	4830.08
ENST00000404092.5	805	635.126	0	0
ENST00000403754.7	569	399.16	10.6128	733.921
ENST00000430101.2	573	403.16	13.0573	894.006
ENST00000437021.2	699	529.126	0	0
ENST00000506097.1	347	179.178	0	0
ENST00000402588.6	937	767.126	0	0
ENST00000634759.1	1184	1014.13	0	0
ENST00000621118.4	1112	942.126	0	0
ENST00000621179.5	920	750.126	1	36.7985
ENST00000440539.1	267	105.642	1	261.294
ENST00000263119.10	7233	7063.13	147.09	574.846
ENST00000617531.4	7072	6902.13	0	0
ENST00000405822.6	6952	6782.13	13.0499	53.1137
ENST00000398319.6	7480	7310.13	127.86	482.807
ENST00000444093.1	558	388.16	8	568.91
ENST00000337989.11	2422	2252.13	0	0
ENST00000358321.4	3172	3002.13	14	128.725
ENST00000263112.11	2334	2164.13	3	38.2651
ENST00000398292.3	2408	2238.13	0	0
ENST00000327365.10	2428	2258.13	0	0
ENST00000402176.3	675	505.126	0	0
ENST00000414583.6	5018	4848.13	2.11566	12.0458
ENST00000441984.1	1285	1115.13	0	0
ENST00000444246.1	691	521.126	0	0
ENST00000396982.3	456	286.242	1	96.4341
ENST00000437398.5	6674	6504.13	95.9634	407.269
ENST00000314328.14	6763	6593.13	65.3079	273.425
ENST00000651059.1	6282	6112.13	35.3331	159.571
ENST00000541492.1	3525	3355.13	57.398	472.229
ENST00000358654.2	6204	6034.13	26.7874	122.541
ENST00000611543.4	2412	2242.13	7.04651	86.7518
ENST00000337539.12	2529	2359.13	0	0
ENST00000326341.8	2557	2387.13	6	69.381
ENST00000610595.4	2736	2566.13	0	0
ENST00000618076.3	2630	2460.13	0	0
ENST00000427813.6	2027	1857.13	6.32062	93.9471
ENST00000382760.2	1928	1758.13	1.15068	18.0663
ENST00000326010.10	3823	3653.13	13.477	101.834
ENST00000432032.1	480	310.242	1	88.9741
ENST00000621833.4	3584	3414.13	52.8737	427.489
ENST00000435822.6	3435	3265.13	156.91	1326.53
ENST00000407471.7	3482	3312.13	0	0
ENST00000404664.7	1606	1436.13	4.36348	83.8696
ENST00000447813.6	895	725.126	0	0
ENST00000402766.5	865	695.126	3.85239	152.979
ENST00000215829.8	3466	3296.13	209.56	1754.97
ENST00000402849.5	567	397.16	72.7089	5053.43
ENST00000652248.1	2834	2664.13	9.43976	97.8072
ENST00000318753.13	1233	1063.13	12	311.574
ENST00000438893.2	364	195.318	1.48831	210.337
ENST00000400382.6	2630	2460.13	37.0149	415.321
ENST00000400380.5	2540	2370.13	10.5453	122.815
ENST00000401885.5	968	798.126	0	0
ENST00000404532.5	853	683.126	0	0
ENST00000403838.5	1033	863.126	0	0
ENST00000404223.5	952	782.126	0	0
ENST00000404920.1	657	487.126	0	0
ENST00000621462.4	1021	851.126	1.19034	38.605
ENST00000639500.1	172	34.8067	0.951321	754.447
ENST00000382243.5	753	583.126	0	0
ENST00000639904.1	4634	4464.13	1.66539	10.2978
ENST00000614808.1	601	431.16	1	64.0215
ENST00000436994.1	1285	1115.13	0	0
ENST00000430731.1	512	342.242	0	0
ENST00000409926.2	1165	995.126	1	27.7387
ENST00000633827.1	597	427.16	1	64.621
ENST00000456260.1	156	25.7135	0	0
ENST00000442565.1	229	73.8695	1	373.68
ENST00000616349.4	3111	2941.13	0	0
ENST00000332271.9	3504	3334.13	0	0
ENST00000527701.5	3105	2935.13	7.1436e-07	6.71824e-06
ENST00000533313.5	3232	3062.13	3.19537	28.8047
ENST00000610372.4	5991	5821.13	17.1566	81.3559
ENST00000400358.9	6701	6531.13	0	0
ENST00000400359.4	4317	4147.13	0	0
ENST00000362913.1	68	37.5	0	0
ENST00000640159.2	978	808.126	0	0
ENST00000407886.1	866	696.126	0	0
ENST00000423535.1	695	525.126	1	52.5655
ENST00000358431.8	10732	10562.1	5.57844	14.5789
ENST00000406486.8	7864	7694.13	35.136	126.054
ENST00000623888.1	5388	5218.13	10.2488	54.2156
ENST00000624101.1	2059	1889.13	2.10797	30.8013
ENST00000623239.1	3000	2830.13	4	39.0139
ENST00000623980.1	13120	12950.1	37.002	78.8708
ENST00000401395.1	6386	6216.13	36.896	163.842
ENST00000366110.4	957	787.126	3.27436	114.828
ENST00000637069.1	6510	6340.13	21.6774	94.3787
ENST00000604037.1	246	87.5718	0	0
ENST00000215855.7	855	685.126	0	0
ENST00000404334.1	601	431.16	0	0
ENST00000651679.1	1066	896.126	0	0
ENST00000651629.1	1019	849.126	0	0
ENST00000398215.3	769	599.126	2.09022	96.3026
ENST00000623422.1	1080	910.126	6.16494	186.979
ENST00000411511.5	428	258.242	0	0
ENST00000432495.1	426	256.242	0	0
ENST00000650352.1	959	789.126	0	0
ENST00000649082.1	190	45.5951	0	0
ENST00000412472.2	434	264.242	0	0
ENST00000433457.2	663	493.126	0	0
ENST00000434827.1	780	610.126	2	90.4847
ENST00000467672.5	3605	3435.13	8.09968	65.0864
ENST00000444995.7	1714	1544.13	7.55402	135.039
ENST00000650168.1	1846	1676.13	0	0
ENST00000650500.2	1676	1506.13	6.34629	116.312
ENST00000609330.1	747	577.126	1	47.8293
ENST00000609964.1	604	434.16	1	63.5791
ENST00000603243.1	397	227.345	0	0
ENST00000382734.9	1364	1194.13	25.1631	581.673
ENST00000615588.1	66	35.5	0	0
ENST00000415709.5	538	368.215	1.68823	126.559
ENST00000509460.2	701	531.126	5.05842	262.895
ENST00000609475.1	3754	3584.13	9.29565	71.5915
ENST00000668059.1	1008	838.126	5	164.674
ENST00000453811.1	451	281.242	0	0
ENST00000661676.1	1011	841.126	0	0
ENST00000324198.11	9277	9107.13	106.488	322.762
ENST00000619906.4	2873	2703.13	25.3929	259.305
ENST00000413494.1	660	490.126	0	0
ENST00000418510.1	1628	1458.13	4	75.7233
ENST00000410653.1	129	13.6212	0	0
ENST00000536101.5	8051	7881.13	34.8278	121.984
ENST00000335473.12	8534	8364.13	47.1682	155.666
ENST00000407587.6	8090	7920.13	0.00399172	0.0139121
ENST00000624255.1	352	183.935	1	150.072
ENST00000600211.5	1282	1112.13	0	0
ENST00000597284.5	851	681.126	1	40.5263
ENST00000595102.5	731	561.126	0	0
ENST00000609157.5	814	644.126	0	0
ENST00000597614.6	816	646.126	2	85.4432
ENST00000597548.5	766	596.126	0	0
ENST00000596813.1	773	603.126	0	0
ENST00000609820.5	837	667.126	0	0
ENST00000608921.5	856	686.126	0	0
ENST00000609275.5	994	824.126	0	0
ENST00000609809.1	804	634.126	0	0
ENST00000595093.1	798	628.126	0	0
ENST00000436423.1	472	302.242	0	0
ENST00000411124.1	291	126.968	1	217.405
ENST00000440996.1	144	19.8307	0	0
ENST00000420391.1	188	44.2993	0	0
ENST00000652418.1	1534	1364.13	2	40.4706
ENST00000434510.2	909	739.126	1	37.3462
ENST00000248933.11	6584	6414.13	0.0629152	0.270759
ENST00000404234.7	3444	3274.13	0	0
ENST00000529632.6	6534	6364.13	16.9371	73.4623
ENST00000360929.7	6307	6137.13	2.0965e-07	9.42962e-07
ENST00000629590.2	3215	3045.13	0	0
ENST00000343706.8	2898	2728.13	0	0
ENST00000414989.2	535	365.242	0	0
ENST00000402979.1	3306	3136.13	0	0
ENST00000403121.5	3078	2908.13	0	0
ENST00000516458.1	110	6.34452	0	0
ENST00000450463.1	807	637.126	1	43.3251
ENST00000215906.6	3370	3200.13	15	129.386
ENST00000398145.7	5066	4896.13	19.1255	107.826
ENST00000402105.7	3562	3392.13	0	0
ENST00000336873.9	3786	3616.13	138.875	1060.09
ENST00000215917.11	4020	3850.13	69.5909	498.933
ENST00000619735.4	3402	3232.13	7.37963	63.0247
ENST00000407690.6	3539	3369.13	52.365	429.031
ENST00000407431.5	2974	2804.13	30.6219	301.439
ENST00000407148.5	2789	2619.13	0	0
ENST00000405938.5	2896	2726.13	0	0
ENST00000566814.1	2032	1862.13	9.91838	147.027
ENST00000565764.1	981	811.126	3.08162	104.871
ENST00000338754.9	5653	5483.13	49.3699	248.542
ENST00000398110.6	1968	1798.13	1.90896e-07	2.9305e-06
ENST00000403880.5	2084	1914.13	12.1802	175.651
ENST00000408833.1	112	7.20215	0	0
ENST00000395823.2	563	393.16	10	702.094
ENST00000668614.1	1383	1213.13	0	0
ENST00000647684.1	1041	871.126	3	95.0615
ENST00000354760.4	809	639.126	1	43.1895
ENST00000425548.1	448	278.242	1	99.2068
ENST00000643270.1	3760	3590.13	6.63361	51.0041
ENST00000613780.4	10143	9973.13	42.6868	118.148
ENST00000617016.1	135	15.8939	0	0
ENST00000382641.1	2613	2443.13	0	0
ENST00000618919.1	149	22.1511	0	0
ENST00000613562.1	85	38.6667	0	0
ENST00000444388.5	918	748.126	1.15545	42.6325
ENST00000449017.6	1376	1206.13	4.95815	113.473
ENST00000613656.1	377	207.841	1.1104	147.473
ENST00000668496.1	2578	2408.13	10.1843	116.739
ENST00000417083.1	706	536.126	0	0
ENST00000669899.1	1465	1295.13	4.4556	94.964
ENST00000434868.1	6043	5873.13	11.3048	53.1323
ENST00000670559.1	1484	1314.13	1	21.0052
ENST00000664057.1	1181	1011.13	2.07727	56.7091
ENST00000422915.1	578	408.16	0	0
ENST00000438113.2	841	671.126	2.64266	108.693
ENST00000623027.1	5182	5012.13	9	49.5662
ENST00000363573.1	105	4.78974	0	0
ENST00000623814.1	1298	1128.13	0	0
ENST00000624792.1	1315	1145.13	0	0
ENST00000453934.1	2383	2213.13	2	24.9453
ENST00000658755.1	1197	1027.13	0	0
ENST00000623947.1	4254	4084.13	6	40.5524
ENST00000430468.1	473	303.242	1	91.0279
ENST00000427360.1	308	142.533	1	193.664
ENST00000444114.5	637	467.126	2.62744	155.261
ENST00000650737.1	607	437.16	0	0
ENST00000449126.1	274	111.746	0	0
ENST00000454387.1	578	408.16	0	0
ENST00000657960.1	1050	880.126	0.560157	17.5683
ENST00000426467.1	5052	4882.13	2.43984	13.7949
ENST00000668323.1	1321	1151.13	1	23.9796
ENST00000625043.1	744	574.126	0	0
ENST00000623572.1	455	285.242	0	0
ENST00000654206.1	856	686.126	2	80.462
ENST00000440477.1	770	600.126	0	0
ENST00000415655.1	577	407.16	1	67.7953
ENST00000440255.1	819	649.126	0	0
ENST00000422833.1	115	8.38223	0	0
ENST00000417957.1	451	281.242	1	98.1485
ENST00000302326.5	7814	7644.13	89	321.386
ENST00000335272.10	2914	2744.13	81	814.79
ENST00000320996.14	2826	2656.13	0	0
ENST00000455418.7	2963	2793.13	0	0
ENST00000634017.1	1017	847.126	0	0
ENST00000614690.1	162	28.9773	0	0
ENST00000665376.1	4326	4156.13	4.58036e-06	3.04212e-05
ENST00000665505.1	4885	4715.13	13.3357	78.0704
ENST00000435348.6	3944	3774.13	9.45711	69.1683
ENST00000670661.1	3239	3069.13	36.8116	331.081
ENST00000582434.1	88	41.6667	0	0
ENST00000636243.1	86	39.6667	0	0
ENST00000611117.1	157	26.2505	0.685147	720.461
ENST00000612946.4	11274	11104.1	26.5768	66.0668
ENST00000397906.6	11795	11625.1	89.2456	211.911
ENST00000428584.5	5859	5689.13	3.55226	17.2355
ENST00000615579.1	181	40.1127	0	0
ENST00000619378.1	112	7.20215	0	0
ENST00000466709.3	301	136.137	0	0
ENST00000364339.1	68	37.5	0	0
ENST00000362927.1	97	11.4667	0	0
ENST00000619803.1	80	33.6667	2	1639.81
ENST00000579233.2	292	127.881	3	647.561
ENST00000464581.6	1138	968.126	2.64075	75.2938
ENST00000402731.6	1591	1421.13	0	0
ENST00000425190.7	1510	1340.13	0	0
ENST00000404276.6	1844	1674.13	0	0
ENST00000348295.7	1771	1601.13	28.0507	483.597
ENST00000649563.1	1224	1054.13	0	0
ENST00000405598.5	1959	1789.13	19.1534	295.508
ENST00000382580.6	1971	1801.13	12.4349	190.574
ENST00000650281.1	1923	1753.13	10.3845	163.508
ENST00000403642.5	1359	1189.13	0	0
ENST00000216027.8	1106	936.126	20.4976	604.411
ENST00000398941.6	955	785.126	10.1502	356.862
ENST00000421503.6	3766	3596.13	0	0
ENST00000448492.6	3937	3767.13	45.9846	336.951
ENST00000249064.9	3964	3794.13	131.581	957.298
ENST00000216037.10	1850	1680.13	375.217	6164.61
ENST00000403532.7	1824	1654.13	34.8201	581.067
ENST00000611155.4	1794	1624.13	158.471	2693.36
ENST00000405219.7	1690	1520.13	49.4922	898.715
ENST00000344347.5	1131	961.126	0	0
ENST00000458080.1	505	335.242	2	164.678
ENST00000418292.1	208	57.7397	0	0
ENST00000585003.1	516	346.242	6	478.339
ENST00000607919.1	749	579.126	3	142.992
ENST00000422972.1	409	239.26	0	0
ENST00000447099.1	245	86.8107	0	0
ENST00000544604.7	6872	6702.13	74.5926	307.219
ENST00000402174.5	2667	2497.13	0	0
ENST00000406323.3	2878	2708.13	15.8594	161.652
ENST00000412798.1	674	504.126	2	109.51
ENST00000325660.3	2170	2000.13	10.9644	151.319
ENST00000216071.5	982	812.126	0	0
ENST00000400335.9	6181	6011.13	61.3456	281.704
ENST00000327813.9	2719	2549.13	6.645	71.9562
ENST00000407188.5	1422	1252.13	0	0
ENST00000456740.1	539	369.188	0	0
ENST00000364001.1	107	5.42045	0	0
ENST00000516143.1	112	7.20215	0	0
ENST00000334018.11	2128	1958.13	0.150404	2.12023
ENST00000404755.7	2049	1879.13	0	0
ENST00000404820.7	2118	1948.13	5.8496	82.8845
ENST00000216085.12	1777	1607.13	49	841.61
ENST00000433125.1	385	215.622	7.1	908.928
ENST00000332050.10	2552	2382.13	75.7229	877.46
ENST00000629659.2	2446	2276.13	7.81235	94.7437
ENST00000397938.7	2400	2230.13	197.688	2446.9
ENST00000406548.5	2207	2037.13	98.6811	1337.15
ENST00000331029.11	2267	2097.13	0	0
ENST00000414183.6	2189	2019.13	0	0
ENST00000333395.10	1265	1095.13	77.4315	1951.72
ENST00000332035.10	1989	1819.13	63.6642	966.045
ENST00000616432.4	2925	2755.13	6.22522	62.3704
ENST00000406549.7	1803	1633.13	6.30676	106.599
ENST00000610653.4	2238	2068.13	1.44967	19.3489
ENST00000621062.4	2483	2313.13	2.30608	27.5194
ENST00000611648.2	2482	2312.13	3.14156	37.5058
ENST00000618518.3	3382	3212.13	3.57072	30.6851
ENST00000401450.3	1720	1550.13	1	17.8073
ENST00000216101.7	1431	1261.13	0	0
ENST00000608014.1	477	307.242	0	0
ENST00000357586.7	4165	3995.13	44.0129	304.098
ENST00000405198.6	4146	3976.13	96.7778	671.862
ENST00000432560.6	4146	3976.13	96.7778	671.862
ENST00000317368.11	3903	3733.13	2.64289	19.5421
ENST00000625572.1	110	6.34452	1	4350.77
ENST00000459538.1	96	26.1667	0	0
ENST00000650462.1	1648	1478.13	1.10299	20.5979
ENST00000649455.1	303	138.012	0.897014	179.41
ENST00000439655.1	175	36.6089	3.78867	2856.7
ENST00000616792.1	846	676.126	1	40.826
ENST00000461286.4	5903	5733.13	12.5773	60.5564
ENST00000354373.2	1496	1326.13	0	0
ENST00000658349.1	1627	1457.13	0	0
ENST00000310624.7	3795	3625.13	24	182.748
ENST00000634116.1	343	175.297	0	0
ENST00000490103.6	4728	4558.13	59.119	358.019
ENST00000397871.5	2560	2390.13	12.1927	140.814
ENST00000397872.5	2676	2506.13	0.0304365	0.335241
ENST00000397873.6	2374	2204.13	68.7762	861.324
ENST00000411969.1	289	125.19	1	220.493
ENST00000216121.12	2013	1843.13	203	3040.22
ENST00000413209.6	4733	4563.13	0	0
ENST00000403435.5	2568	2398.13	6.82159	78.5197
ENST00000361452.8	5884	5714.13	0	0
ENST00000403999.7	2999	2829.13	6.91947	67.5127
ENST00000338641.10	5950	5780.13	98.1558	468.752
ENST00000672896.1	5995	5825.13	157.676	747.179
ENST00000334961.11	2020	1850.13	0.00415549	0.0619991
ENST00000353887.8	1845	1675.13	0	0
ENST00000361676.8	1716	1546.13	3.78755e-05	0.000676204
ENST00000397789.3	1857	1687.13	49.653	812.387
ENST00000437636.1	602	432.16	0	0
ENST00000416352.1	590	420.16	1	65.6976
ENST00000420180.1	244	85.9643	0	0
ENST00000216144.4	3334	3164.13	1.07006	9.33508
ENST00000344318.4	945	775.126	25.9299	923.408
ENST00000364106.1	102	3.65678	0	0
ENST00000668996.1	777	607.126	2.62499	119.348
ENST00000330029.6	916	746.126	73.9467	2735.72
ENST00000401406.3	584	414.16	22.4283	1494.83
ENST00000542393.5	2594	2424.13	0	0
ENST00000307790.8	2790	2620.13	47.7908	503.485
ENST00000397771.6	2823	2653.13	30.2092	314.302
ENST00000333027.7	8906	8736.13	25.176	79.5487
ENST00000401950.7	8987	8817.13	13.6719	42.8023
ENST00000323630.9	5866	5696.13	66.0538	320.098
ENST00000351488.7	4464	4294.13	7.61631	48.9592
ENST00000384724.1	107	5.42045	0	0
ENST00000406629.1	3758	3588.13	0	0
ENST00000624945.1	49287	49117.1	171.369	96.3082
ENST00000621576.1	65	34.5	0	0
ENST00000429350.5	902	732.126	1.34491	50.7076
ENST00000453616.1	918	748.126	1	36.8969
ENST00000432568.1	727	557.126	1.09477e-08	5.4242e-07
ENST00000336726.11	1897	1727.13	0	0
ENST00000403975.1	2115	1945.13	4	56.7645
ENST00000423857.1	315	149.039	0	0
ENST00000451219.1	789	619.126	0	0
ENST00000432360.2	2210	2040.13	4	54.1212
ENST00000447565.1	808	638.126	1.14852	49.6817
ENST00000249075.4	3871	3701.13	94.609	705.608
ENST00000403987.3	592	422.16	3.391	221.725
ENST00000608354.1	794	624.126	1	44.2275
ENST00000215781.3	1865	1695.13	0	0
ENST00000403389.1	1000	830.126	0	0
ENST00000403463.1	464	294.242	0	0
ENST00000623328.1	1737	1567.13	1.51239	26.6395
ENST00000407689.8	1501	1331.13	8	165.896
ENST00000404953.7	1460	1290.13	0	0
ENST00000434291.5	1818	1648.13	0	0
ENST00000215790.12	1972	1802.13	30	459.516
ENST00000403477.7	1950	1780.13	1.95087e-06	3.02512e-05
ENST00000403362.5	1833	1663.13	0	0
ENST00000215793.13	5090	4920.13	258	1447.47
ENST00000399824.6	1759	1589.13	4.49995	78.1653
ENST00000405659.5	3052	2882.13	0	0
ENST00000338306.8	4478	4308.13	18.0361	115.563
ENST00000619645.1	555	385.16	2	143.335
ENST00000382363.8	2011	1841.13	31	464.775
ENST00000617837.4	2632	2462.13	22.9653	257.469
ENST00000615189.5	4207	4037.13	13.6542	93.3599
ENST00000405717.7	1733	1563.13	2.3805	42.0377
ENST00000402592.7	1229	1059.13	0	0
ENST00000439838.5	1470	1300.13	0	0
ENST00000608677.1	401	231.26	6	716.168
ENST00000410983.1	104	4.41194	0	0
ENST00000608952.1	331	163.806	4	674.055
ENST00000629597.2	482	312.242	1.44505	127.749
ENST00000266263.10	1133	963.126	42.0535	1205.27
ENST00000355143.8	891	721.126	0	0
ENST00000407550.3	912	742.126	3.50141	130.236
ENST00000607893.2	1978	1808.13	1	15.2664
ENST00000426397.1	482	312.242	0	0
ENST00000403066.5	2474	2304.13	1.42535	17.0757
ENST00000215812.9	2054	1884.13	1.57465	23.0696
ENST00000540910.5	2113	1943.13	0	0
ENST00000401751.5	1794	1624.13	0	0
ENST00000402286.5	1964	1794.13	0	0
ENST00000610936.4	1005	835.126	0	0
ENST00000453285.1	601	431.16	0	0
ENST00000610737.1	1018	848.126	0	0
ENST00000255858.12	2510	2340.13	5.09102	60.0523
ENST00000381982.3	1603	1433.13	0	0
ENST00000402034.6	3392	3222.13	12.4926	107.022
ENST00000448467.1	1770	1600.13	0	0
ENST00000406955.5	1635	1465.13	5	94.2019
ENST00000402321.5	1908	1738.13	0	0
ENST00000402369.5	1712	1542.13	0	0
ENST00000406361.6	1909	1739.13	0	0
ENST00000338911.6	1782	1612.13	0	0
ENST00000401975.5	1791	1621.13	0	0
ENST00000354694.12	2265	2095.13	192.575	2537.2
ENST00000402281.5	2760	2590.13	5.31019e-05	0.000565918
ENST00000405677.5	2708	2538.13	4.4252	48.1265
ENST00000402284.7	2144	1974.13	0	0
ENST00000335214.8	1988	1818.13	0	0
ENST00000432130.1	249	90.0093	0	0
ENST00000450638.5	2159	1989.13	0	0
ENST00000405742.7	1936	1766.13	0	0
ENST00000215838.8	2192	2022.13	37.6794	514.352
ENST00000407817.3	1870	1700.13	11.3206	183.804
ENST00000343605.5	2585	2415.13	11	125.724
ENST00000406566.1	2081	1911.13	0	0
ENST00000404885.5	1306	1136.13	0	0
ENST00000407308.1	1978	1808.13	3.15366	48.145
ENST00000510957.1	612	442.16	0	0
ENST00000403268.1	2920	2750.13	15.9922	160.517
ENST00000334679.4	3050	2880.13	0	0
ENST00000673554.1	335	167.669	0	0
ENST00000438716.3	2747	2577.13	0	0
ENST00000407373.5	3669	3499.13	12.9905	102.478
ENST00000403222.7	3728	3558.13	8.72311	67.6729
ENST00000332585.11	4261	4091.13	21.697	146.393
ENST00000446658.6	2836	2666.13	0	0
ENST00000580767.3	85	38.6667	0	0
ENST00000401475.5	2468	2298.13	4.1789	50.1941
ENST00000437268.6	3580	3410.13	5.41052	43.7959
ENST00000535268.5	3248	3078.13	0	0
ENST00000424380.1	563	393.16	6	421.256
ENST00000422995.2	2274	2104.13	1.51927	19.9309
ENST00000397641.8	5657	5487.13	72.3363	363.895
ENST00000215862.8	4469	4299.13	47.1444	302.702
ENST00000644773.2	7469	7299.13	529.519	2002.51
ENST00000610654.1	145	20.2767	0	0
ENST00000614234.1	87	40.6667	0	0
ENST00000616187.1	237	80.2751	0.176404	60.6587
ENST00000619464.1	181	40.1127	11.5957	7979.59
ENST00000602847.1	546	376.188	1.70925	125.419
ENST00000602955.1	264	102.919	0	0
ENST00000623789.1	16698	16528.1	64.031	106.938
ENST00000488974.3	297	132.454	0	0
ENST00000333137.12	3296	3126.13	71.3875	630.348
ENST00000358743.5	3198	3028.13	0	0
ENST00000347557.6	3130	2960.13	0	0
ENST00000609017.1	1410	1240.13	8.91183	198.365
ENST00000619644.4	3227	3057.13	10.7007	96.6192
ENST00000612341.4	3321	3151.13	0	0
ENST00000404574.5	1735	1565.13	0	0
ENST00000402395.5	1054	884.126	2.22121	69.3489
ENST00000400299.6	694	524.126	13.7788	725.671
ENST00000611680.1	689	519.126	0	0
ENST00000420779.2	380	210.733	0	0
ENST00000412277.6	3512	3342.13	2.56986	21.2252
ENST00000620191.4	2306	2136.13	1.63375	21.1117
ENST00000331075.10	3348	3178.13	2.79639	24.288
ENST00000400294.6	2393	2223.13	0	0
ENST00000404390.7	2215	2045.13	0	0
ENST00000405300.5	2515	2345.13	0	0
ENST00000402238.5	1564	1394.13	0	0
ENST00000404453.5	1613	1443.13	0	0
ENST00000401755.1	1751	1581.13	0	0
ENST00000215885.4	2600	2430.13	12	136.307
ENST00000397595.2	682	512.126	0	0
ENST00000583386.1	58	27.5	0	0
ENST00000326132.11	3182	3012.13	68.0779	623.875
ENST00000426256.6	3315	3145.13	14.1999	124.627
ENST00000266252.8	2946	2776.13	13.6451	135.676
ENST00000526089.1	353	184.908	0.0771128	11.5116
ENST00000406516.5	2657	2487.13	12.1847	135.233
ENST00000331728.9	3667	3497.13	44.3329	349.929
ENST00000362825.1	109	6.12722	1	4505.07
ENST00000365149.1	102	3.65678	1	7548.59
ENST00000333611.8	3462	3292.13	9.48238	79.5071
ENST00000340552.4	2789	2619.13	0	0
ENST00000215912.10	2420	2250.13	29.9973	367.993
ENST00000441972.5	2374	2204.13	0	0
ENST00000402249.7	999	829.126	0.00271732	0.0904659
ENST00000440456.5	554	384.16	0	0
ENST00000391240.1	109	6.12722	0	0
ENST00000266269.10	3895	3725.13	21.0999	156.352
ENST00000351933.8	3638	3468.13	36.0906	287.253
ENST00000405309.7	3711	3541.13	20.9416	163.243
ENST00000215919.3	2516	2346.13	35.8679	422.007
ENST00000504184.3	1943	1773.13	11.1735	173.946
ENST00000383888.1	105	4.78974	0	0
ENST00000331457.9	1665	1495.13	142	2621.65
ENST00000344710.9	3115	2945.13	26.8659	251.804
ENST00000397525.5	3695	3525.13	0.00249746	0.0195564
ENST00000330125.10	3647	3477.13	45.161	358.515
ENST00000397523.5	3420	3250.13	0	0
ENST00000655902.1	2118	1948.13	8.1076	114.879
ENST00000362378.1	107	5.42045	1	5092.48
ENST00000665497.1	873	703.126	5	196.291
ENST00000540643.5	4226	4056.13	10.7633	73.2484
ENST00000432498.5	4162	3992.13	0	0
ENST00000443011.5	3579	3409.13	0	0
ENST00000400288.7	4031	3861.13	42.5399	304.122
ENST00000400289.5	3739	3569.13	21.6968	167.802
ENST00000629688.1	309	143.468	0	0
ENST00000444403.1	394	224.395	0	0
ENST00000416920.1	238	81.037	0	0
ENST00000445477.1	457	287.242	1	96.0984
ENST00000382151.6	2669	2499.13	63.9574	706.428
ENST00000266095.9	2655	2485.13	1.82487e-07	2.02697e-06
ENST00000397500.5	2194	2024.13	0	0
ENST00000439502.6	1963	1793.13	23.0426	354.719
ENST00000613748.1	65	34.5	1	800.103
ENST00000327423.11	10827	10657.1	291	753.733
ENST00000535622.6	5197	5027.13	0	0
ENST00000642974.1	2682	2512.13	8.19352	90.0313
ENST00000645711.1	5450	5280.13	0.00978579	0.0511583
ENST00000644331.1	5383	5213.13	2.26684e-08	1.20029e-07
ENST00000645560.1	5207	5037.13	0	0
ENST00000437411.6	1478	1308.13	0	0
ENST00000433147.2	5331	5161.13	6.68098e-06	3.57323e-05
ENST00000646755.1	2317	2147.13	0	0
ENST00000382112.8	5390	5220.13	34.6223	183.079
ENST00000647438.1	2221	2051.13	0	0
ENST00000400248.7	5319	5149.13	0.000155304	0.000832557
ENST00000646969.1	5286	5116.13	0	0
ENST00000642696.1	6479	6309.13	0	0
ENST00000400242.8	2448	2278.13	0	0
ENST00000651528.2	6554	6384.13	0	0
ENST00000645015.1	1278	1108.13	2.21033	55.0597
ENST00000646465.1	5258	5088.13	0	0
ENST00000400249.7	5350	5180.13	2.1248e-06	1.13225e-05
ENST00000382111.6	5212	5042.13	0	0
ENST00000646701.1	1914	1744.13	0	0
ENST00000645407.1	5010	4840.13	0	0
ENST00000488827.3	297	132.454	2	416.803
ENST00000429025.1	477	307.242	2	179.686
ENST00000517100.1	61	30.5	0	0
ENST00000454534.1	490	320.242	0	0
ENST00000484682.2	2494	2324.13	0	0
ENST00000641789.2	3285	3115.13	6.09057	53.9693
ENST00000676309.1	761	591.126	0	0
ENST00000654264.1	800	630.126	0	0
ENST00000667186.2	4655	4485.13	5.33048	32.8062
ENST00000623735.2	1257	1087.13	3.74341	95.0501
ENST00000397492.1	1879	1709.13	0	0
ENST00000248975.6	1751	1581.13	216	3770.96
ENST00000430449.1	473	303.242	0	0
ENST00000416995.2	584	414.16	0.413342	27.549
ENST00000658411.1	1290	1120.13	1.58666	39.1004
ENST00000436395.1	298	133.343	1	207.012
ENST00000464862.3	281	117.972	0	0
ENST00000423610.1	407	237.26	0	0
ENST00000266088.9	4832	4662.13	0	0
ENST00000543737.2	4752	4582.13	5	30.1209
ENST00000432373.1	827	657.126	1	42.0064
ENST00000423412.1	630	460.126	0	0
ENST00000448124.1	191	46.2162	0	0
ENST00000416196.1	106	5.00858	0	0
ENST00000436294.1	274	111.746	0	0
ENST00000382097.4	1378	1208.13	0	0
ENST00000426354.1	562	392.16	0	0
ENST00000618747.1	88	41.6667	0	0
ENST00000248983.8	1474	1304.13	0	0
ENST00000400237.2	2407	2237.13	0	0
ENST00000652607.1	1761	1591.13	2	34.6969
ENST00000523725.1	316	149.937	0	0
ENST00000452181.2	6415	6245.13	19.2441	85.0592
ENST00000266086.6	2048	1878.13	9	132.276
ENST00000397477.2	3730	3560.13	0	0
ENST00000608926.1	449	279.242	0	0
ENST00000668765.1	489	319.242	1	86.4657
ENST00000397468.5	1214	1044.13	0	0
ENST00000605398.1	313	147.161	0	0
ENST00000249007.4	1488	1318.13	0	0
ENST00000658273.1	4520	4350.13	12.6446	80.2356
ENST00000659039.1	2713	2543.13	4.52444	49.1091
ENST00000655996.1	1337	1167.13	0	0
ENST00000617561.1	88	41.6667	0	0
ENST00000617624.1	71	40.5	0	0
ENST00000420171.1	1558	1388.13	1	19.8855
ENST00000430579.1	330	162.855	0	0
ENST00000444848.1	444	274.242	2	201.308
ENST00000453679.1	201	52.8533	0	0
ENST00000216038.6	2019	1849.13	176	2627.31
ENST00000300399.8	2179	2009.13	1.1675	16.0403
ENST00000397452.5	2091	1921.13	0	0
ENST00000397450.2	458	288.242	0.832503	79.7247
ENST00000266087.12	2060	1890.13	75.0861	1096.56
ENST00000452138.3	1535	1365.13	33.0137	667.553
ENST00000397426.5	1888	1718.13	233.9	3757.86
ENST00000358763.7	7867	7697.13	12.1709	43.6474
ENST00000332840.9	972	802.126	0	0
ENST00000619146.1	561	391.16	3.38149	238.626
ENST00000428201.1	457	287.242	1	96.0984
ENST00000516081.1	97	11.4667	0	0
ENST00000444982.1	147	21.1958	1	1302.31
ENST00000266085.7	4597	4427.13	489	3048.96
ENST00000446798.1	265	103.846	0	0
ENST00000653890.1	1664	1494.13	0	0
ENST00000447396.1	437	267.242	0	0
ENST00000421145.1	199	51.3784	1	537.26
ENST00000608642.6	6337	6167.13	0	0
ENST00000609799.6	6058	5888.13	10.3661	48.5962
ENST00000610186.6	6484	6314.13	0	0
ENST00000434741.1	567	397.16	0	0
ENST00000397394.8	4753	4583.13	5.27201	31.7526
ENST00000674780.1	3115	2945.13	0	0
ENST00000674999.1	3770	3600.13	0	0
ENST00000674668.1	3577	3407.13	4.3358	35.1274
ENST00000676126.1	3424	3254.13	0	0
ENST00000676132.1	3822	3652.13	5.19817	39.2889
ENST00000675416.1	3824	3654.13	10.3725	78.3547
ENST00000402320.6	3967	3797.13	13.9759	101.599
ENST00000354992.7	4193	4023.13	8.64884	59.3416
ENST00000676370.1	3823	3653.13	0	0
ENST00000676070.1	3912	3742.13	0	0
ENST00000413114.6	3987	3817.13	0	0
ENST00000674789.1	2533	2363.13	3.06134	35.7593
ENST00000675277.1	2355	2185.13	0	0
ENST00000453924.1	484	314.242	1	87.8415
ENST00000580680.1	88	41.6667	0	0
ENST00000476315.2	1139	969.126	2.09898	59.7851
ENST00000517198.2	135	15.8939	0	0
ENST00000630737.1	137	16.6801	0	0
ENST00000445391.1	558	388.16	0	0
ENST00000448275.6	1514	1344.13	4	82.1457
ENST00000453336.5	2055	1885.13	0	0
ENST00000610170.1	345	177.245	0	0
ENST00000654009.1	1424	1254.13	0	0
ENST00000665458.1	1475	1305.13	1.29796	27.4519
ENST00000668175.1	1323	1153.13	2.70204	64.6815
ENST00000661218.1	4586	4416.13	5.12691	32.0463
ENST00000658408.1	1073	903.126	0	0
ENST00000457251.1	2194	2024.13	0	0
ENST00000624442.1	10684	10514.1	12	31.5045
ENST00000423712.1	768	598.126	1	46.15
ENST00000440858.1	549	379.16	0	0
ENST00000668433.1	2729	2559.13	5	53.9316
ENST00000308700.6	3384	3214.13	4	34.3528
ENST00000404699.7	3073	2903.13	0	0
ENST00000423311.1	648	478.126	4	230.931
ENST00000610215.1	364	195.318	0	0
ENST00000414048.1	380	210.733	2	261.977
ENST00000458450.1	244	85.9643	0	0
ENST00000459160.1	62	31.5	0	0
ENST00000216106.6	4095	3925.13	91	639.96
ENST00000609073.1	385	215.622	0	0
ENST00000447733.5	2317	2147.13	21.5873	277.528
ENST00000411850.5	2390	2220.13	30.4127	378.13
ENST00000425375.5	2252	2082.13	0	0
ENST00000449058.7	2278	2108.13	0	0
ENST00000579518.1	119	9.93892	1	2777.32
ENST00000620069.1	79	32.6667	0	0
ENST00000632196.1	448	278.242	1.70992	169.636
ENST00000631502.1	840	670.126	2.88461	118.822
ENST00000216117.9	1554	1384.13	50.6154	1009.42
ENST00000677931.1	1062	892.126	0.384556	11.8987
ENST00000679074.1	1454	1284.13	0	0
ENST00000382011.9	2402	2232.13	111.108	1374.02
ENST00000216122.9	3458	3288.13	133.892	1124.01
ENST00000417397.2	1726	1556.13	2.15139	38.1627
ENST00000610000.1	484	314.242	0	0
ENST00000216127.5	3447	3277.13	14	117.923
ENST00000401702.5	1043	873.126	0	0
ENST00000397326.7	1070	900.126	3.94982	121.126
ENST00000397328.5	1153	983.126	0	0
ENST00000359787.5	1170	1000.13	3.05018	84.1852
ENST00000406324.5	582	412.16	1	66.9728
ENST00000472240.1	852	682.126	2.22819	90.1677
ENST00000409652.5	10065	9895.13	202.382	564.566
ENST00000417782.1	601	431.16	0	0
ENST00000415961.2	374	204.918	0	0
ENST00000249044.2	1438	1268.13	0	0
ENST00000405409.6	6932	6762.13	168.943	689.637
ENST00000438146.7	7224	7054.13	154.432	604.31
ENST00000414461.6	1706	1536.13	0	0
ENST00000449924.6	1935	1765.13	3.70943	58.0091
ENST00000262829.11	1538	1368.13	0	0
ENST00000397303.6	1354	1184.13	0	0
ENST00000359369.8	1409	1239.13	9.52198	212.117
ENST00000416721.6	1254	1084.13	16.3937	417.41
ENST00000436210.1	1135	965.126	4	114.404
ENST00000625157.1	8149	7979.13	37.5196	129.798
ENST00000623420.1	3578	3408.13	9.50936	77.0194
ENST00000624264.1	14574	14404.1	88.9994	170.555
ENST00000623490.1	2205	2035.13	10.3469	140.34
ENST00000624395.1	1921	1751.13	2	31.5266
ENST00000349314.6	2117	1947.13	0	0
ENST00000397293.6	2214	2044.13	21.0675	284.492
ENST00000361710.6	3563	3393.13	0	0
ENST00000397287.6	3626	3456.13	6.93248	55.3686
ENST00000424878.3	1240	1070.13	0	0
ENST00000425366.1	358	189.574	1	145.608
ENST00000437339.1	673	503.126	0	0
ENST00000414147.1	562	392.16	1	70.3884
ENST00000454926.1	688	518.126	1	53.2757
ENST00000439552.1	670	500.126	0	0
ENST00000426108.1	832	662.126	2.27632	94.8979
ENST00000683024.1	3069	2899.13	10	95.2133
ENST00000684666.1	3255	3085.13	0	0
ENST00000352371.5	3227	3057.13	0	0
ENST00000616056.4	3423	3253.13	0	0
ENST00000332987.5	1825	1655.13	0	0
ENST00000397275.6	845	675.126	0	0
ENST00000358502.10	2429	2259.13	62.2586	760.718
ENST00000249066.10	2685	2515.13	19.6494	215.653
ENST00000451256.6	1421	1251.13	22.5842	498.274
ENST00000422706.5	2901	2731.13	9.45202	95.5318
ENST00000426053.5	2808	2638.13	7.94169	83.0964
ENST00000319136.8	3000	2830.13	25.5344	249.049
ENST00000397278.8	2795	2625.13	26.2906	276.449
ENST00000397279.8	1564	1394.13	2.18229	43.2091
ENST00000216181.11	7451	7281.13	1567.3	5941.79
ENST00000622122.1	61	30.5	1	905.034
ENST00000401701.1	789	619.126	26.7027	1190.53
ENST00000663925.1	1001	831.126	2	66.4244
ENST00000424761.1	510	340.242	0	0
ENST00000413110.1	372	202.963	1	136.003
ENST00000516416.1	91	33.75	0	0
ENST00000442579.1	372	202.963	0	0
ENST00000416967.1	1280	1110.13	0	0
ENST00000216185.7	1336	1166.13	39.4059	932.782
ENST00000403313.5	912	742.126	8.59414	319.661
ENST00000397224.9	4906	4736.13	56.3828	328.616
ENST00000216187.10	3933	3763.13	37.725	276.723
ENST00000397223.4	2184	2014.13	8.83186	121.04
ENST00000216190.13	1880	1710.13	443.107	7152.3
ENST00000405442.5	1851	1681.13	32.8925	540.084
ENST00000339367.4	444	274.242	0	0
ENST00000433970.1	405	235.26	0	0
ENST00000300105.7	5642	5472.13	2	10.0888
ENST00000562756.1	2046	1876.13	0	0
ENST00000430281.1	632	462.126	0	0
ENST00000656882.1	732	562.126	0	0
ENST00000340630.9	1113	943.126	0	0
ENST00000433985.7	1073	903.126	21	641.853
ENST00000667675.1	2118	1948.13	6	85.0157
ENST00000216200.9	595	425.16	0	0
ENST00000417718.7	550	380.16	16	1161.76
ENST00000404171.1	422	252.242	0	0
ENST00000417792.1	549	379.16	0	0
ENST00000619915.1	995	825.126	4	133.815
ENST00000397147.7	1643	1473.13	9.58715	179.645
ENST00000248899.11	1378	1208.13	0	0
ENST00000650827.1	1260	1090.13	9.41285	238.347
ENST00000650698.1	1314	1144.13	0	0
ENST00000403662.8	4853	4683.13	37.9941	223.947
ENST00000262825.9	4087	3917.13	3.64399e-08	2.56787e-07
ENST00000406230.5	2895	2725.13	0.00586049	0.0593625
ENST00000447905.1	391	221.46	1	124.643
ENST00000400221.1	992	822.126	1.09241	36.6786
ENST00000402860.7	986	816.126	0	0
ENST00000405091.6	1149	979.126	0	0
ENST00000381821.2	1058	888.126	0	0
ENST00000403892.7	1797	1627.13	9.40535	159.558
ENST00000622841.1	1105	935.126	51.5946	1523
ENST00000249042.8	1125	955.126	1.38476e-05	0.000400201
ENST00000516603.1	95	37.75	0	0
ENST00000401419.7	1345	1175.13	0	0
ENST00000404802.7	1453	1283.13	0	0
ENST00000429360.6	1350	1180.13	45.234	1058.04
ENST00000341116.7	1504	1334.13	0	0
ENST00000404393.5	1329	1159.13	0	0
ENST00000397225.2	2116	1946.13	22.7013	321.991
ENST00000628507.1	698	528.126	0	0
ENST00000666567.1	1158	988.126	3	83.8057
ENST00000610767.4	1502	1332.13	0	0
ENST00000402077.7	1691	1521.13	6.53961	118.673
ENST00000403888.7	1763	1593.13	10.4604	181.243
ENST00000364208.1	315	149.039	0	0
ENST00000346753.9	3194	3024.13	2.04197e-07	1.86386e-06
ENST00000381792.6	3260	3090.13	0	0
ENST00000406725.6	3125	2955.13	3	28.0227
ENST00000406856.7	3331	3161.13	0	0
ENST00000676104.1	3265	3095.13	0	0
ENST00000414203.2	464	294.242	1	93.8122
ENST00000442782.7	1695	1525.13	0	0
ENST00000216223.10	4034	3864.13	6	42.8612
ENST00000419128.1	630	460.126	0	0
ENST00000337843.7	2893	2723.13	49.2353	499.084
ENST00000397110.6	1647	1477.13	0	0
ENST00000434784.1	975	805.126	1.75196	60.0655
ENST00000610913.2	4256	4086.13	11.5567	78.0706
ENST00000617123.1	1781	1611.13	0.443279	7.59473
ENST00000436709.1	154	24.6554	0	0
ENST00000249071.11	1472	1302.13	72.8774	1544.91
ENST00000406508.5	893	723.126	0	0
ENST00000405484.5	842	672.126	0	0
ENST00000401529.3	569	399.16	3.12264	215.943
ENST00000402997.5	633	463.126	0.906431	54.0257
ENST00000405206.3	636	466.126	0.00896104	0.530664
ENST00000248901.11	3077	2907.13	13.0846	124.24
ENST00000430883.5	1970	1800.13	0	0
ENST00000445088.1	1965	1795.13	2.99999	46.1307
ENST00000666674.1	1382	1212.13	8.16492e-06	0.000185938
ENST00000402918.7	8370	8200.13	18	60.5922
ENST00000609322.1	910	740.126	0	0
ENST00000356998.8	2073	1903.13	29	420.625
ENST00000416983.7	2034	1864.13	0	0
ENST00000251973.10	4111	3941.13	30.6854	214.919
ENST00000403299.5	4113	3943.13	21.3497	149.457
ENST00000406271.7	3127	2957.13	20.9649	195.699
ENST00000428838.1	498	328.242	0	0
ENST00000249014.5	2148	1978.13	78	1088.44
ENST00000215886.6	596	426.16	5	323.863
ENST00000615981.1	254	94.1504	2.94413	863.176
ENST00000381756.9	2107	1937.13	19.8085	282.266
ENST00000405147.7	575	405.16	4.50752	307.097
ENST00000343632.9	2800	2630.13	0	0
ENST00000325180.12	2528	2358.13	23.2777	272.481
ENST00000406772.5	3205	3035.13	99.4064	904.07
ENST00000649765.2	2658	2488.13	32.2943	358.276
ENST00000451997.6	3123	2953.13	25.0329	233.988
ENST00000456099.1	1945	1775.13	2.10473	32.729
ENST00000215904.7	2012	1842.13	11.1982	167.801
ENST00000403251.1	1571	1401.13	53.3699	1051.44
ENST00000468873.3	276	113.563	1	243.069
ENST00000215909.10	528	358.242	446	34365.5
ENST00000359114.9	2830	2660.13	27.4488	284.83
ENST00000611699.1	903	733.126	13.0163	490.089
ENST00000455236.4	4904	4734.13	0	0
ENST00000644935.1	10085	9915.13	42.2782	117.702
ENST00000403663.6	2324	2154.13	69.3066	888.113
ENST00000407319.7	2115	1945.13	14.5554	206.557
ENST00000340857.4	2204	2034.13	167	2266.23
ENST00000323205.10	1656	1486.13	12.7604	237.013
ENST00000248924.11	1473	1303.13	41.3303	875.481
ENST00000249041.3	1147	977.126	1	28.2497
ENST00000215941.9	2087	1917.13	36.784	529.63
ENST00000406423.5	954	784.126	6.21603	218.823
ENST00000609454.5	825	655.126	0	0
ENST00000411961.6	946	776.126	0	0
ENST00000385210.1	100	3.27407	0	0
ENST00000384963.1	97	11.4667	0	0
ENST00000412331.6	3220	3050.13	5.70938	51.6697
ENST00000624234.3	2091	1921.13	734.932	10559.8
ENST00000381683.10	1599	1429.13	0	0
ENST00000652021.1	2669	2499.13	0	0
ENST00000406934.5	2282	2112.13	20.7775	271.543
ENST00000623726.1	19416	19246.1	122.9	176.268
ENST00000384498.1	102	3.65678	0	0
ENST00000454685.6	2516	2346.13	0	0
ENST00000215957.10	4710	4540.13	85.2541	518.337
ENST00000445494.6	2586	2416.13	6.15407	70.3084
ENST00000680578.1	2763	2593.13	3.92302	41.7601
ENST00000424008.2	2976	2806.13	0	0
ENST00000624344.1	1849	1679.13	28.8667	474.546
ENST00000403305.6	1942	1772.13	0	0
ENST00000619227.4	1777	1607.13	8.01723	137.702
ENST00000249079.6	1560	1390.13	0	0
ENST00000403026.5	765	595.126	2.03118	94.2117
ENST00000609976.1	814	644.126	4.37581	187.522
ENST00000460648.5	518	348.242	0.708019	56.1214
ENST00000407936.5	582	412.16	12.162	814.52
ENST00000488684.5	564	394.16	1.35457	94.8623
ENST00000442738.7	2070	1900.13	4.60076	66.8363
ENST00000606538.5	760	590.126	0	0
ENST00000405557.5	560	390.16	9.06338e-08	6.41227e-06
ENST00000470701.1	584	414.16	46.1747	3077.52
ENST00000611508.1	62	31.5	0	0
ENST00000360880.6	2861	2691.13	57.8404	593.284
ENST00000396884.8	2885	2715.13	21.1596	215.12
ENST00000578108.1	60	29.5	0	0
ENST00000410099.1	1055	885.126	7	218.302
ENST00000609265.1	691	521.126	1	52.969
ENST00000445483.1	414	244.242	0	0
ENST00000404072.7	2164	1994.13	15.5089	214.681
ENST00000356976.8	2058	1888.13	12.4911	182.614
ENST00000320521.10	2091	1921.13	3	43.1052
ENST00000381669.8	2149	1979.13	7	97.6313
ENST00000609162.1	1433	1263.13	7.39783	161.667
ENST00000663895.1	3171	3001.13	27.0127	248.455
ENST00000332509.8	3299	3129.13	8.93522	78.8219
ENST00000335539.7	3060	2890.13	0	0
ENST00000402064.5	3011	2841.13	0	0
ENST00000664587.1	2959	2789.13	0	0
ENST00000660610.1	3195	3025.13	0	0
ENST00000667521.1	2813	2643.13	0	0
ENST00000668949.1	2830	2660.13	7.34202	76.1865
ENST00000624072.1	20397	20227.1	91.675	125.107
ENST00000538320.5	2458	2288.13	10.5024	126.699
ENST00000538999.1	2365	2195.13	0	0
ENST00000338483.7	2374	2204.13	32.93	412.401
ENST00000426621.6	2216	2046.13	0	0
ENST00000407965.1	2325	2155.13	11.5079	147.397
ENST00000361906.8	3587	3417.13	135.999	1098.6
ENST00000361684.8	3593	3423.13	0.000514244	0.00414678
ENST00000420172.1	297	132.454	1	208.401
ENST00000478699.2	274	111.746	1	247.02
ENST00000622344.1	262	101.159	0.112621	30.7311
ENST00000396832.6	2817	2647.13	0	0
ENST00000359867.7	2642	2472.13	181.965	2031.81
ENST00000400206.7	1770	1600.13	28.4577	490.92
ENST00000403904.5	1580	1410.13	31.1192	609.166
ENST00000413574.6	1631	1461.13	8.83943	166.994
ENST00000405675.7	2127	1957.13	56.3391	794.613
ENST00000428294.5	700	530.126	1.97382	102.776
ENST00000443658.5	679	509.126	2.79357	151.46
ENST00000381646.6	500	330.242	6.87049	574.274
ENST00000454123.1	541	371.188	4	297.461
ENST00000652019.1	881	711.126	1.0587	41.0953
ENST00000433230.1	556	386.16	0	0
ENST00000303592.3	2065	1895.13	1	14.5655
ENST00000662373.1	620	450.16	0	0
ENST00000409006.3	931	761.126	13.0211	472.232
ENST00000216014.9	1694	1524.13	77.9789	1412.28
ENST00000396821.8	4791	4621.13	1436	8577.71
ENST00000216024.7	2269	2099.13	10.4467	137.374
ENST00000428462.6	2082	1912.13	10.4292	150.556
ENST00000616615.4	1595	1425.13	1.32003	25.5679
ENST00000446147.2	164	30.044	0	0
ENST00000535113.7	10087	9917.13	0	0
ENST00000540952.6	10396	10226.1	71.9405	194.19
ENST00000355830.11	2414	2244.13	0	0
ENST00000216029.7	1133	963.126	19	544.547
ENST00000619293.1	1118	948.126	0	0
ENST00000423346.1	410	240.26	3	344.67
ENST00000653554.1	1365	1195.13	10	230.968
ENST00000444381.1	1325	1155.13	2	47.7931
ENST00000656432.1	1737	1567.13	11	193.755
ENST00000666731.1	485	315.242	1	87.5629
ENST00000216034.6	2031	1861.13	112	1661.14
ENST00000216039.9	3648	3478.13	210.965	1674.28
ENST00000683374.1	3743	3573.13	2.63762e-08	2.03765e-07
ENST00000216044.10	4905	4735.13	171.884	1002
ENST00000418695.1	763	593.126	3	139.617
ENST00000420118.1	461	291.242	0	0
ENST00000405510.5	4055	3885.13	139.218	989.137
ENST00000418803.1	527	357.242	5.19324	401.273
ENST00000405018.5	4022	3852.13	35.8574	256.947
ENST00000406622.5	2725	2555.13	39.7309	429.221
ENST00000609428.1	183	41.2781	2	1337.44
ENST00000416406.1	500	330.242	1	83.5857
ENST00000609212.1	491	321.242	9	773.347
ENST00000607991.1	416	246.242	0	0
ENST00000216068.9	1474	1304.13	16	338.661
ENST00000406199.3	631	461.126	0	0
ENST00000333039.4	5830	5660.13	60.9963	297.469
ENST00000407418.8	6052	5882.13	232	1088.73
ENST00000216083.6	3191	3021.13	0	0
ENST00000656940.1	2919	2749.13	2.07558	20.8406
ENST00000450216.1	678	508.126	0	0
ENST00000402255.5	1478	1308.13	0	0
ENST00000618553.1	1103	933.126	0	0
ENST00000249116.7	1358	1188.13	4.45313	103.459
ENST00000407298.7	1282	1112.13	6.9345e-05	0.00172118
ENST00000333467.4	1590	1420.13	32.1213	624.353
ENST00000402182.7	1844	1674.13	3.52406	58.1058
ENST00000513758.2	691	521.126	0	0
ENST00000361441.5	2644	2474.13	49	546.687
ENST00000381568.9	2121	1951.13	6.19728	87.676
ENST00000427494.6	1961	1791.13	0	0
ENST00000216099.13	2515	2345.13	0	0
ENST00000622217.3	591	421.16	3.42096	224.215
ENST00000381565.2	616	446.16	6.04004	373.692
ENST00000308521.10	4496	4326.13	15.5486	99.2101
ENST00000558766.1	258	97.6281	0	0
ENST00000407997.4	1564	1394.13	21.4184	424.081
ENST00000560933.5	314	148.106	0	0
ENST00000424436.1	592	422.16	0	0
ENST00000421988.6	592	422.16	0	0
ENST00000613677.4	730	560.126	0	0
ENST00000348946.8	1046	876.126	0	0
ENST00000442487.8	1029	859.126	0	0
ENST00000401756.5	1023	853.126	0	0
ENST00000613996.1	465	295.242	0	0
ENST00000414780.1	274	111.746	0	0
ENST00000216133.10	4111	3941.13	20.8875	146.295
ENST00000624656.1	3671	3501.13	10.7732	84.9376
ENST00000401405.7	784	614.126	0.404671	18.189
ENST00000441207.1	421	251.242	0	0
ENST00000331163.11	3728	3558.13	27	209.463
ENST00000381551.8	1125	955.126	0	0
ENST00000641466.1	1737	1567.13	1	17.6141
ENST00000642075.1	2747	2577.13	3.24531	34.7605
ENST00000434516.1	1778	1608.13	0	0
ENST00000641533.1	845	675.126	2.52513	103.244
ENST00000401609.5	1289	1119.13	0	0
ENST00000216146.9	1296	1126.13	2367	58019.8
ENST00000386745.1	93	35.75	3	2316.38
ENST00000386747.1	95	37.75	4	2924.88
ENST00000583861.1	64	33.5	0	0
ENST00000318801.8	1361	1191.13	16.522	382.887
ENST00000216155.11	497	327.242	0	0
ENST00000406293.7	564	394.16	2.81051	196.823
ENST00000328933.10	4383	4213.13	27.6675	181.271
ENST00000381535.4	1295	1125.13	0	0
ENST00000623458.1	406	236.26	0	0
ENST00000216160.11	3198	3028.13	71	647.216
ENST00000331454.3	1660	1490.13	0	0
ENST00000341184.7	5394	5224.13	15	79.2579
ENST00000432239.1	498	328.242	1	84.095
ENST00000402881.5	2269	2099.13	0	0
ENST00000325301.7	5688	5518.13	138.097	690.806
ENST00000404569.5	3797	3627.13	18.2118	138.598
ENST00000637854.1	213	61.5146	0	0
ENST00000404241.6	1910	1740.13	0	0
ENST00000674920.3	1419	1249.13	729.178	16113.6
ENST00000679776.1	1238	1068.13	0	0
ENST00000675582.2	1249	1079.13	0	0
ENST00000337304.2	2019	1849.13	77.5557	1157.74
ENST00000676346.2	1306	1136.13	0	0
ENST00000396680.3	1486	1316.13	0	0
ENST00000680446.1	1004	834.126	0	0
ENST00000674568.2	1243	1073.13	0	0
ENST00000680748.1	763	593.126	4.9657	231.099
ENST00000674835.2	1275	1105.13	6.30035	157.368
ENST00000676430.1	180	39.5698	0	0
ENST00000334678.8	820	650.126	84	3566.53
ENST00000407673.5	5952	5782.13	1.06494	5.08396
ENST00000401624.5	6740	6570.13	0	0
ENST00000404898.5	9892	9722.13	4.93348	14.0074
ENST00000402142.4	10002	9832.13	0.00158317	0.00444472
ENST00000325157.7	2680	2510.13	1	10.9969
ENST00000458183.1	1167	997.126	1	27.6831
ENST00000459176.1	261	100.27	0	0
ENST00000435169.1	820	650.126	8	339.67
ENST00000344138.9	3891	3721.13	28.7679	213.402
ENST00000407075.3	1304	1134.13	10.2321	249.04
ENST00000424496.2	1322	1152.13	0	0
ENST00000333407.11	15561	15391.1	34.1305	61.212
ENST00000473717.1	1917	1747.13	0	0
ENST00000569912.1	1463	1293.13	0	0
ENST00000301923.13	15958	15788.1	0	0
ENST00000402203.5	3444	3274.13	24.5481	206.961
ENST00000449200.1	742	572.126	2	96.4946
ENST00000454349.7	18280	18110.1	53.0513	80.8611
ENST00000335727.13	17933	17763.1	242.401	376.686
ENST00000623632.4	1336	1166.13	39.8817	944.044
ENST00000625194.4	2002	1832.13	9.06641	136.598
ENST00000637666.2	1682	1512.13	0	0
ENST00000680978.1	1859	1689.13	0.346246	5.65832
ENST00000623063.3	4359	4189.13	15.9383	105.023
ENST00000679723.1	4372	4202.13	12.6524	83.1131
ENST00000342312.9	1808	1638.13	7.26573	122.433
ENST00000636714.1	1734	1564.13	71.8381	1267.79
ENST00000216194.11	1620	1450.13	43.1738	821.825
ENST00000639722.1	4563	4393.13	0	0
ENST00000680378.1	1989	1819.13	6.80878	103.317
ENST00000248929.14	2986	2816.13	111	1088.02
ENST00000607915.5	658	488.126	3	169.65
ENST00000651595.2	4506	4336.13	0	0
ENST00000614754.4	3917	3747.13	0	0
ENST00000620651.4	3757	3587.13	0	0
ENST00000396617.7	4505	4335.13	0	0
ENST00000407029.7	4110	3940.13	0	0
ENST00000652095.2	4194	4024.13	9.85332	67.589
ENST00000355630.10	4522	4352.13	59.0997	374.842
ENST00000402042.7	4343	4173.13	0.00010177	0.000673166
ENST00000618417.1	1842	1672.13	1.72608	28.4942
ENST00000609279.1	443	273.242	1	101.022
ENST00000402630.5	747	577.126	3.32082	158.832
ENST00000442557.1	355	186.77	4	591.178
ENST00000417123.1	1932	1762.13	8.18621	128.236
ENST00000312310.3	260	99.3643	0	0
ENST00000438116.2	1304	1134.13	5	121.695
ENST00000442317.2	968	798.126	1	34.5854
ENST00000249016.4	2851	2681.13	3	30.8865
ENST00000381433.2	1219	1049.13	0	0
ENST00000435456.7	2226	2056.13	78.3338	1051.63
ENST00000544408.5	2060	1890.13	5.68088	82.964
ENST00000402844.7	2405	2235.13	4.98535	61.5685
ENST00000424746.1	491	321.242	1	85.9274
ENST00000441314.1	247	88.3737	1	312.35
ENST00000584704.1	76	45.5	0	0
ENST00000216218.8	3212	3042.13	528.482	4795.32
ENST00000620312.4	944	774.126	111.518	3976.46
ENST00000614001.1	230	74.6954	0.774668	286.277
ENST00000357137.9	7938	7768.13	123.496	438.835
ENST00000307221.5	2565	2395.13	7.22533	83.2711
ENST00000616394.1	271	109.089	0.306763	77.6224
ENST00000363813.1	104	4.41194	0	0
ENST00000216225.9	1169	999.126	72	1989.19
ENST00000410766.1	95	37.75	0	0
ENST00000418783.1	582	412.16	0	0
ENST00000362645.1	93	35.75	0	0
ENST00000423293.1	1060	890.126	0	0
ENST00000408233.1	54	23.5	0	0
ENST00000263253.9	8779	8609.13	159.736	512.162
ENST00000674155.1	8288	8118.13	169.264	575.539
ENST00000517050.1	100	3.27407	1	8430.95
ENST00000415054.1	357	188.644	3	438.978
ENST00000420537.1	457	287.242	1	96.0984
ENST00000452297.1	462	292.242	0	0
ENST00000216237.10	3189	3019.13	98.1707	897.564
ENST00000658453.1	4313	4143.13	18.1059	120.63
ENST00000441316.2	2841	2671.13	0	0
ENST00000216241.14	2530	2360.13	3	35.0874
ENST00000356244.8	3828	3658.13	111.409	840.674
ENST00000405486.5	3469	3299.13	129.755	1085.65
ENST00000455915.6	4222	4052.13	59.8356	407.607
ENST00000613185.1	59	28.5	0	0
ENST00000352645.5	5906	5736.13	267	1284.86
ENST00000406644.7	4386	4216.13	34	222.603
ENST00000362995.1	107	5.42045	0	0
ENST00000266304.9	4381	4211.13	0	0
ENST00000609612.1	442	272.242	3	304.18
ENST00000327492.4	4337	4167.13	116	768.398
ENST00000676748.1	3170	3000.13	0	0
ENST00000216252.4	1053	883.126	78	2438.02
ENST00000677554.1	2563	2393.13	0	0
ENST00000466237.2	1460	1290.13	13.6693	292.468
ENST00000216254.9	2734	2564.13	194.791	2096.98
ENST00000678788.1	3012	2842.13	1.9909e-06	1.93361e-05
ENST00000676792.1	3355	3185.13	22.3711	193.877
ENST00000677153.1	3237	3067.13	17.0477	153.426
ENST00000396512.3	2811	2641.13	4.68856	49.0021
ENST00000678269.1	2811	2641.13	4.68856	49.0021
ENST00000677532.1	3037	2867.13	0	0
ENST00000355209.9	4468	4298.13	1.48446e-07	9.53352e-07
ENST00000396504.6	4176	4006.13	61.6922	425.08
ENST00000337566.9	1330	1160.13	6.4646	153.816
ENST00000407461.5	802	632.126	10.9563	478.438
ENST00000664614.1	365	196.289	0	0
ENST00000306149.12	2530	2360.13	5	58.4789
ENST00000216259.8	1242	1072.13	29	746.65
ENST00000263256.7	3780	3610.13	134.939	1031.77
ENST00000428575.6	2148	1978.13	0	0
ENST00000360079.8	2122	1952.13	939.211	13280.7
ENST00000402580.7	2006	1836.13	14.8934	223.901
ENST00000359308.8	2709	2539.13	19.896	216.295
ENST00000405878.5	2200	2030.13	0	0
ENST00000405506.2	1958	1788.13	0	0
ENST00000363462.1	102	3.65678	0	0
ENST00000401959.6	1458	1288.13	116.444	2495.3
ENST00000648674.1	1036	866.126	16.1499	514.697
ENST00000215956.10	877	707.126	58.2706	2274.67
ENST00000463675.6	788	618.126	11.5747	516.891
ENST00000649479.1	708	538.126	0.0166657	0.854876
ENST00000648350.1	948	778.126	0.448587	15.9133
ENST00000402458.1	462	292.242	7.39991	698.953
ENST00000647971.1	381	211.701	0	0
ENST00000384726.1	107	5.42045	1	5092.48
ENST00000469522.1	640	470.126	4.69571	275.709
ENST00000664954.1	4356	4186.13	10.7713	71.0268
ENST00000656592.1	5014	4844.13	33.2707	189.588
ENST00000668666.1	4975	4805.13	8.48965e-06	4.87697e-05
ENST00000654032.1	4890	4720.13	2.95794	17.2982
ENST00000401548.8	4016	3846.13	5	35.8849
ENST00000540833.1	2326	2156.13	0	0
ENST00000448085.1	265	103.846	0	0
ENST00000516794.1	89	42.6667	0	0
ENST00000384086.1	102	3.65678	0	0
ENST00000402061.7	525	355.242	1.29396	100.545
ENST00000255784.6	7135	6965.13	92.2699	365.675
ENST00000333487.2	2989	2819.13	8.29124	81.1839
ENST00000612482.4	5365	5195.13	50.8263	270.058
ENST00000361204.9	5237	5067.13	312.015	1699.73
ENST00000385197.1	69	38.5	0	0
ENST00000621082.2	1823	1653.13	0	0
ENST00000291232.5	3923	3753.13	14.9155	109.701
ENST00000582688.1	76	45.5	0	0
ENST00000472374.6	541	371.188	0	0
ENST00000404067.5	905	735.126	1.94234	72.9336
ENST00000402338.5	1002	832.126	0	0
ENST00000215980.10	938	768.126	28.0847	1009.26
ENST00000407253.7	818	648.126	1.5943	67.9007
ENST00000402420.1	688	518.126	2.37869	126.727
ENST00000381348.4	1510	1340.13	1	20.5977
ENST00000669957.1	325	158.324	0	0
ENST00000644076.1	4047	3877.13	4.56803	32.5225
ENST00000396426.7	2586	2416.13	2.66776	30.4784
ENST00000406029.5	1866	1696.13	0	0
ENST00000396425.7	4649	4479.13	32.9321	202.951
ENST00000424613.1	515	345.242	0	0
ENST00000328823.13	2255	2085.13	2	26.4766
ENST00000652665.1	960	790.126	3	104.807
ENST00000450250.1	898	728.126	0	0
ENST00000543212.5	1001	831.126	0	0
ENST00000396398.8	3696	3526.13	80.2064	627.879
ENST00000403363.5	1856	1686.13	0	0
ENST00000402937.1	1869	1699.13	26.7936	435.281
ENST00000662963.1	540	370.188	1	74.5662
ENST00000321753.8	2335	2165.13	4	50.9966
ENST00000458891.1	104	4.41194	0	0
ENST00000331479.4	1562	1392.13	13	257.768
ENST00000498737.8	1072	902.126	68.9538	2109.87
ENST00000617763.1	1183	1013.13	9.12726	248.681
ENST00000470753.1	475	305.242	30.9189	2796.05
ENST00000602718.1	399	229.26	5	602.013
ENST00000439129.5	2950	2780.13	15.7994	156.87
ENST00000595777.5	833	663.126	0	0
ENST00000600968.5	662	492.126	4.20063	235.615
ENST00000396387.2	1189	1019.13	0	0
ENST00000645361.2	1588	1418.13	8.68666	169.084
ENST00000359033.4	1433	1263.13	0.00403405	0.0881575
ENST00000621190.1	766	596.126	4	185.219
ENST00000417586.1	456	286.242	1	96.4341
ENST00000428786.1	667	497.126	0	0
ENST00000626627.1	631	461.126	2	119.722
ENST00000358097.8	1655	1485.13	0	0
ENST00000433992.2	1740	1570.13	4.30931	75.7596
ENST00000614967.4	1504	1334.13	0	0
ENST00000612115.1	1734	1564.13	0	0
ENST00000433633.1	1490	1320.13	5	104.549
ENST00000677622.1	7624	7454.13	94.623	350.401
ENST00000359486.8	7480	7310.13	4.77644	18.0362
ENST00000683686.1	8573	8403.13	49.808	163.615
ENST00000335626.8	6237	6067.13	134.686	612.781
ENST00000404876.1	1058	888.126	4.10626	127.625
ENST00000682224.1	4252	4082.13	12.3962	83.8235
ENST00000332965.4	5923	5753.13	23.6496	113.471
ENST00000446578.1	551	381.16	0	0
ENST00000669665.1	1277	1107.13	4	99.7304
ENST00000329021.10	5613	5443.13	9.55342	48.4479
ENST00000428765.1	572	402.16	1	68.6382
ENST00000652221.1	2443	2273.13	0	0
ENST00000359906.6	1346	1176.13	0	0
ENST00000642172.1	830	660.126	0	0
ENST00000323013.7	5419	5249.13	149.938	788.477
ENST00000340239.8	1315	1145.13	0	0
ENST00000327678.10	1337	1167.13	12.8339	303.532
ENST00000407614.8	521	351.242	0	0
ENST00000335879.5	753	583.126	0	0
ENST00000357802.6	2375	2205.13	31.4609	393.825
ENST00000365188.1	283	119.707	413	95234.7
ENST00000516104.1	104	4.41194	0	0
ENST00000566851.5	833	663.126	14.4445	601.273
ENST00000252115.10	3362	3192.13	130	1124.16
ENST00000348657.6	3323	3153.13	37.0001	323.912
ENST00000617178.4	2006	1836.13	0	0
ENST00000451060.6	3491	3321.13	0	0
ENST00000339677.10	783	613.126	0	0
ENST00000362512.1	150	22.6482	0.85589	1043.15
ENST00000602478.1	664	494.126	3.14411	175.64
ENST00000361740.8	2938	2768.13	0	0
ENST00000352397.10	2916	2746.13	66.931	672.778
ENST00000407623.7	2153	1983.13	75.6365	1052.8
ENST00000407332.5	1849	1679.13	114.946	1889.63
ENST00000402438.5	1050	880.126	3.19351e-06	0.000100159
ENST00000505920.1	799	629.126	0	0
ENST00000401850.5	2321	2151.13	4.12736	52.9629
ENST00000642412.2	2092	1922.13	0	0
ENST00000249005.3	2019	1849.13	16.8726	251.873
ENST00000381278.4	1956	1786.13	0	0
ENST00000363578.1	100	3.27407	0	0
ENST00000426545.1	891	721.126	0	0
ENST00000441462.1	777	607.126	0	0
ENST00000616842.1	1596	1426.13	2	38.7112
ENST00000263245.10	2728	2558.13	154.182	1663.71
ENST00000437119.6	1650	1480.13	0.817858	15.2526
ENST00000423154.1	397	227.345	0	0
ENST00000337959.8	3149	2979.13	0	0
ENST00000263246.8	3251	3081.13	138.69	1242.51
ENST00000407585.5	3080	2910.13	7.04352	66.8102
ENST00000403744.7	2110	1940.13	0	0
ENST00000402229.5	1883	1713.13	22.2668	358.783
ENST00000443063.1	2083	1913.13	5.17715	74.6984
ENST00000266254.12	1736	1566.13	10.555	186.036
ENST00000331018.8	1185	1015.13	2.15848	58.6938
ENST00000446663.1	358	189.574	0	0
ENST00000216115.3	951	781.126	5	176.691
ENST00000290429.11	2057	1887.13	20.4456	299.063
ENST00000327555.5	1134	964.126	3.55443	101.765
ENST00000583777.5	636	466.126	13.2913	787.099
ENST00000337554.8	836	666.126	66.7611	2766.51
ENST00000329563.8	955	785.126	3.94759	138.79
ENST00000396265.4	1075	905.126	0	0
ENST00000216129.7	3386	3216.13	204	1750.9
ENST00000494035.1	888	718.126	0	0
ENST00000360835.9	9795	9625.13	11.6174	33.317
ENST00000615096.4	1119	949.126	0.930043	27.0485
ENST00000420269.1	531	361.242	0	0
ENST00000419643.1	988	818.126	0	0
ENST00000290460.7	2258	2088.13	3.92438	51.8775
ENST00000458463.1	1951	1781.13	2	30.9956
ENST00000450750.1	951	781.126	3	106.014
ENST00000417669.6	3657	3487.13	0	0
ENST00000443721.2	3436	3266.13	2	16.9029
ENST00000667077.1	1694	1524.13	1	18.1111
ENST00000431327.4	2656	2486.13	2.02683	22.5039
ENST00000656483.1	1695	1525.13	6.69518	121.177
ENST00000396231.6	4424	4254.13	0	0
ENST00000262726.12	4863	4693.13	2.51373	14.785
ENST00000356087.8	1129	959.126	1.48627	42.7748
ENST00000419730.1	712	542.126	0	0
ENST00000476875.1	229	73.8695	0	0
ENST00000563715.1	859	689.126	0	0
ENST00000564696.1	1463	1293.13	4	85.3854
ENST00000330884.9	2478	2308.13	7	83.715
ENST00000597664.6	2540	2370.13	0	0
ENST00000216177.8	2539	2369.13	0	0
ENST00000593866.5	2197	2027.13	3	40.8512
ENST00000381198.6	2000	1830.13	0	0
ENST00000423180.2	2222	2052.13	13.6768	183.969
ENST00000216180.8	2753	2583.13	24.3232	259.92
ENST00000350028.5	1692	1522.13	111	2012.97
ENST00000430869.2	322	155.525	0	0
ENST00000406477.7	1569	1399.13	6.9197	136.52
ENST00000338758.12	5394	5224.13	104.393	551.596
ENST00000619710.4	1530	1360.13	13.9779	283.68
ENST00000404989.1	1591	1421.13	33.0628	642.202
ENST00000623440.1	13454	13284.1	30.7869	63.9731
ENST00000624919.1	14262	14092.1	44.6151	87.3917
ENST00000422871.5	3462	3292.13	5.43072	45.535
ENST00000444313.8	3488	3318.13	5.2485	43.6623
ENST00000415224.5	999	829.126	6.32078	210.434
ENST00000466375.2	820	650.126	0	0
ENST00000623969.1	4709	4539.13	12.6289	76.7992
ENST00000624215.1	19071	18901.1	29.2331	42.6925
ENST00000381176.5	6853	6683.13	115	474.988
ENST00000406912.1	606	436.16	0	0
ENST00000434327.1	452	282.242	0	0
ENST00000415702.1	630	460.126	0	0
ENST00000423587.1	223	69.0656	0	0
ENST00000624619.1	620	450.16	0	0
ENST00000341255.4	5419	5249.13	149	783.545
ENST00000435622.1	1283	1113.13	2	49.5964
ENST00000605505.1	666	496.126	0	0
ENST00000460077.1	324	157.431	2	350.675
ENST00000666755.1	865	695.126	3	119.13
ENST00000443783.1	500	330.242	0	0
ENST00000454525.1	545	375.188	0	0
ENST00000611394.4	1843	1673.13	0	0
ENST00000617066.4	1726	1556.13	1.50526e-08	2.67013e-07
ENST00000624862.3	1900	1730.13	0	0
ENST00000006251.11	1767	1597.13	15.8806	274.469
ENST00000403581.5	2279	2109.13	4.11939	53.9132
ENST00000336985.11	1872	1702.13	0	0
ENST00000361473.9	2013	1843.13	0	0
ENST00000352766.11	2043	1873.13	0	0
ENST00000389774.6	1725	1555.13	2.79724	49.6511
ENST00000356099.11	1615	1445.13	16.2028	309.491
ENST00000336963.8	1487	1317.13	2.10695e-06	4.41561e-05
ENST00000396103.7	3540	3370.13	0.000368103	0.00301501
ENST00000403565.5	3586	3416.13	2.27109e-08	1.83512e-07
ENST00000313237.10	3976	3806.13	0	0
ENST00000629843.2	3491	3321.13	12.9996	108.046
ENST00000431036.1	925	755.126	1	36.5549
ENST00000456225.1	839	669.126	0	0
ENST00000424580.1	1633	1463.13	4	75.4645
ENST00000426282.6	2076	1906.13	40.1675	581.686
ENST00000609432.1	473	303.242	1	91.0279
ENST00000347635.9	5151	4981.13	259.023	1435.41
ENST00000407019.6	2059	1889.13	9.93385	145.151
ENST00000396096.6	1895	1725.13	17.0432	272.705
ENST00000610217.1	321	154.571	1	178.581
ENST00000336156.10	6338	6168.13	74.3421	332.695
ENST00000251993.11	2723	2553.13	47.8645	517.495
ENST00000391627.6	2623	2453.13	40.4437	455.088
ENST00000408671.3	66	35.5	1	777.564
ENST00000496226.1	589	419.16	1.12526	74.1033
ENST00000492273.1	403	233.26	0	0
ENST00000609206.2	1313	1143.13	0	0
ENST00000445867.1	487	317.242	0	0
ENST00000216211.9	1084	914.126	1	30.1966
ENST00000396082.2	627	457.16	0	0
ENST00000216214.7	3458	3288.13	0	0
ENST00000441876.7	2883	2713.13	56.5591	575.437
ENST00000405673.5	1612	1442.13	3.78225	72.3956
ENST00000357450.9	4233	4063.13	3.57516	24.2885
ENST00000404354.3	3636	3466.13	6.42484	51.1662
ENST00000614167.2	1490	1320.13	10	209.098
ENST00000454439.1	545	375.188	1	73.5725
ENST00000402984.7	2355	2185.13	6.14817	77.6665
ENST00000262722.11	2251	2081.13	47.9626	636.163
ENST00000327858.11	2904	2734.13	25.3755	256.189
ENST00000442170.6	2531	2361.13	2.07946	24.3106
ENST00000340923.9	2348	2178.13	11.4343	144.908
ENST00000422971.1	548	378.16	1	72.9943
ENST00000516176.1	102	3.65678	0	0
ENST00000623075.1	23112	22942.1	53.0424	63.8197
ENST00000381061.8	3135	2965.13	0	0
ENST00000252934.10	3294	3124.13	123.502	1091.21
ENST00000640901.1	1185	1015.13	20.8704	567.514
ENST00000585261.1	75	44.5	0	0
ENST00000438230.1	1219	1049.13	1	26.311
ENST00000402380.3	564	394.16	8.29636	581.005
ENST00000623717.1	3316	3146.13	2.62731	23.0515
ENST00000650444.1	709	539.126	2.04299	104.602
ENST00000339464.9	3948	3778.13	17.3624	126.852
ENST00000409496.7	2285	2115.13	0	0
ENST00000410089.5	2202	2032.13	0	0
ENST00000410058.1	714	544.126	0	0
ENST00000624893.1	4162	3992.13	5	34.5725
ENST00000608290.1	1207	1037.13	5.42418	144.367
ENST00000444890.1	493	323.242	1	85.3958
ENST00000649288.1	2817	2647.13	4.91039	51.2043
ENST00000608644.1	468	298.242	0	0
ENST00000451166.5	877	707.126	4	156.145
ENST00000439423.1	1181	1011.13	1	27.2998
ENST00000412643.1	867	697.126	5	197.981
ENST00000435439.5	2264	2094.13	11.4601	151.06
ENST00000360737.4	4560	4390.13	31.996	201.18
ENST00000579667.1	83	36.6667	1	752.824
ENST00000362116.3	74	43.5	0	0
ENST00000581461.1	92	34.75	0	0
ENST00000385140.1	83	36.6667	0	0
ENST00000262735.9	9965	9795.13	48.6028	136.967
ENST00000407236.5	9995	9825.13	84.8698	238.44
ENST00000624818.1	2045	1875.13	13.6682	201.208
ENST00000402126.1	1558	1388.13	10.1215	201.271
ENST00000404583.5	1439	1269.13	0	0
ENST00000314567.8	1489	1319.13	11	230.182
ENST00000404744.1	1541	1371.13	0	0
ENST00000253255.7	7681	7511.13	12	44.1002
ENST00000381031.8	2566	2396.13	68.8324	792.954
ENST00000629918.1	162	28.9773	0.167583	159.638
ENST00000623117.1	1518	1348.13	4	81.9019
ENST00000454366.2	2983	2813.13	106	1040.12
ENST00000645190.1	1651	1481.13	44.5426	830.134
ENST00000381019.3	1381	1211.13	15.4886	353.009
ENST00000643137.1	1633	1463.13	3.96884	74.8767
ENST00000262738.9	11839	11669.1	37.2762	88.1775
ENST00000674500.2	11559	11389.1	98.7238	239.274
ENST00000454637.2	4323	4153.13	0	0
ENST00000447383.1	432	262.242	0	0
ENST00000426112.1	2949	2779.13	8	79.4596
ENST00000406902.6	4500	4330.13	46.8122	298.417
ENST00000361034.7	4315	4145.13	45.1878	300.918
ENST00000408031.1	2834	2664.13	0	0
ENST00000216264.13	4442	4272.13	186.607	1205.73
ENST00000564152.1	670	500.126	13	717.511
ENST00000380995.5	3934	3764.13	0	0
ENST00000337137.9	3758	3588.13	26.9669	207.457
ENST00000407381.7	1949	1779.13	7.4342	115.343
ENST00000355704.7	1886	1716.13	0	0
ENST00000406733.1	2267	2097.13	14.5989	192.159
ENST00000640274.1	1951	1781.13	13.0996	203.014
ENST00000623531.1	1380	1210.13	1	22.8105
ENST00000624605.1	1642	1472.13	3	56.2524
ENST00000434707.1	4364	4194.13	3	19.7444
ENST00000405369.3	984	814.126	1	33.9057
ENST00000380990.5	4185	4015.13	3	20.6247
ENST00000426452.2	3602	3432.13	7.22469	58.106
ENST00000664761.1	3335	3165.13	8.29027	72.3007
ENST00000665418.1	1550	1380.13	6.22955	124.596
ENST00000652072.1	2329	2159.13	14.4346	184.54
ENST00000651445.1	3029	2859.13	0	0
ENST00000423737.5	1815	1645.13	2.90954	48.819
ENST00000652399.1	2566	2396.13	14.3615	165.445
ENST00000651458.1	1593	1423.13	4.95911	96.1888
ENST00000651884.1	1413	1243.13	0	0
ENST00000650895.1	1444	1274.13	2.60724	56.485
ENST00000651403.1	7916	7746.13	10.5696	37.6652
ENST00000650924.1	1828	1658.13	5.98059	99.5614
ENST00000651948.2	2743	2573.13	9.84597	105.624
ENST00000651939.1	1083	913.126	0	0
ENST00000652080.1	1481	1311.13	2.77666	58.458
ENST00000651538.1	1517	1347.13	6.07002	124.379
ENST00000413815.2	740	570.126	2	96.8331
ENST00000438810.1	585	415.16	2.38471	158.557
ENST00000650884.1	1044	874.126	0	0
ENST00000651270.1	765	595.126	1.33185	61.7747
ENST00000623760.1	9537	9367.13	13	38.3091
ENST00000457518.1	372	202.963	0	0
ENST00000624219.1	5630	5460.13	3	15.1664
ENST00000414483.1	498	328.242	1	84.095
ENST00000446364.1	668	498.126	0	0
ENST00000648313.1	2516	2346.13	2.07059	24.3617
ENST00000578320.1	52	21.5	0	0
ENST00000673993.1	2525	2355.13	1	11.7206
ENST00000648629.1	784	614.126	1	44.9477
ENST00000453866.1	568	398.16	0	0
ENST00000666116.1	2040	1870.13	3	44.2808
ENST00000402357.6	2524	2354.13	10.8683	127.437
ENST00000626321.1	1408	1238.13	0	0
ENST00000630584.1	667	497.126	0	0
ENST00000358295.9	2638	2468.13	0	0
ENST00000406880.1	833	663.126	5.1317	213.614
ENST00000580946.1	59	28.5	1	968.545
ENST00000380981.3	4015	3845.13	9	64.6095
ENST00000660776.1	3735	3565.13	0	0
ENST00000667851.1	3805	3635.13	5	37.9678
ENST00000647629.1	988	818.126	1	33.7399
ENST00000433284.1	337	169.594	1	162.763
ENST00000623446.1	1880	1710.13	3	48.4237
ENST00000649077.1	2340	2170.13	3	38.1594
ENST00000414287.5	2197	2027.13	16.0359	218.361
ENST00000625038.1	1018	848.126	1	32.5465
ENST00000623197.1	865	695.126	1	39.7101
ENST00000581025.1	74	43.5	0	0
ENST00000391625.2	3894	3724.13	20.1945	149.684
ENST00000393264.2	2379	2209.13	3.12309	39.0238
ENST00000420902.1	2975	2805.13	13	127.925
ENST00000343999.1	2816	2646.13	6.34772	66.2174
ENST00000405854.5	1593	1423.13	1.65228	32.0483
ENST00000662299.1	1837	1667.13	2	33.1151
ENST00000447372.1	3775	3605.13	4.15007	31.776
ENST00000411210.1	327	160.157	0	0
ENST00000398869.2	816	646.126	1	42.7216
ENST00000216267.12	4614	4444.13	0	0
ENST00000404034.5	4312	4142.13	40.9832	273.116
ENST00000404760.5	4550	4380.13	75.0168	472.755
ENST00000457780.3	4997	4827.13	0	0
ENST00000624882.1	1757	1587.13	12.6641	220.256
ENST00000444011.1	465	295.242	3	280.483
ENST00000666898.1	1594	1424.13	1	19.3828
ENST00000422315.1	162	28.9773	0	0
ENST00000621807.1	265	103.846	0.358359	95.2558
ENST00000624617.1	1940	1770.13	3.17557	49.5203
ENST00000216268.6	6893	6723.13	153	628.181
ENST00000330817.11	5330	5160.13	45.2223	241.912
ENST00000610245.1	2349	2179.13	2.77774	35.1864
ENST00000328268.9	1428	1258.13	41.5294	911.163
ENST00000404488.7	1577	1407.13	7.77502	152.522
ENST00000403427.3	1242	1072.13	5.69561	146.642
ENST00000407217.7	1230	1060.13	0	0
ENST00000623759.1	877	707.126	4	156.145
ENST00000360612.5	2102	1932.13	103	1471.52
ENST00000617625.1	74	43.5	0	0
ENST00000341280.5	3500	3330.13	4	33.1561
ENST00000389983.6	3668	3498.13	0	0
ENST00000266182.10	2505	2335.13	0	0
ENST00000395876.6	3601	3431.13	0	0
ENST00000311597.10	3457	3287.13	11	92.3722
ENST00000545383.5	3889	3719.13	4.52264	33.5673
ENST00000262794.10	3957	3787.13	1.06944e-05	7.7949e-05
ENST00000395858.7	3763	3593.13	0	0
ENST00000540615.5	3941	3771.13	0	0
ENST00000623740.1	3693	3523.13	15.7441	123.354
ENST00000395852.5	1422	1252.13	0.47735	10.5233
ENST00000354853.2	1701	1531.13	1	18.0283
ENST00000159647.9	2964	2794.13	7	69.1539
ENST00000395842.3	3052	2882.13	0	0
ENST00000380909.9	2305	2135.13	50.4718	652.514
ENST00000303434.8	2329	2159.13	0	0
ENST00000395827.5	2172	2002.13	0	0
ENST00000607943.1	679	509.126	6.07069	329.137
ENST00000395829.1	1628	1458.13	34.5282	653.647
ENST00000608025.2	1001	831.126	0	0
ENST00000611222.1	2311	2141.13	0	0
ENST00000380903.7	2283	2113.13	40	522.516
ENST00000610050.1	478	308.242	1	89.5514
ENST00000608016.1	640	470.126	2	117.43
ENST00000439308.6	6078	5908.13	135.402	632.614
ENST00000248846.10	6066	5896.13	28.5983	133.887
ENST00000216271.10	2567	2397.13	24.9426	287.221
ENST00000626012.2	2607	2437.13	22.2494	252.002
ENST00000448072.5	2133	1963.13	4.27416	60.099
ENST00000349505.4	1950	1780.13	3.53385	54.7976
ENST00000215659.13	1778	1608.13	19.7593	339.168
ENST00000395780.5	1459	1289.13	20.756	444.44
ENST00000622558.4	1779	1609.13	0	0
ENST00000395778.3	605	435.16	2.48473	157.614
ENST00000330651.11	2418	2248.13	22	270.126
ENST00000449103.5	6383	6213.13	11.0031	48.8842
ENST00000359337.9	6409	6239.13	272.997	1207.81
ENST00000413817.8	4891	4721.13	25.0703	146.581
ENST00000453835.1	531	361.242	0	0
ENST00000623684.1	991	821.126	0	0
ENST00000359139.7	4035	3865.13	7.72292	55.1547
ENST00000395741.7	3304	3134.13	20.2558	178.401
ENST00000612753.5	4094	3924.13	40.5205	285.034
ENST00000395744.7	3293	3123.13	10.2095	90.2359
ENST00000216061.9	3415	3245.13	62.2913	529.859
ENST00000380817.8	8019	7849.13	171.895	604.515
ENST00000348911.10	6045	5875.13	156.105	733.438
ENST00000395737.2	4213	4043.13	25.6928	175.412
ENST00000395738.2	4276	4106.13	0.00040606	0.00272975
ENST00000395733.7	1021	851.126	1	32.4318
ENST00000216075.11	1689	1519.13	0	0
ENST00000395732.7	1658	1488.13	0	0
ENST00000474879.7	2593	2423.13	49.7331	566.545
ENST00000216080.5	2658	2488.13	61.2669	679.701
ENST00000420993.7	3337	3167.13	61.9858	540.246
ENST00000395698.7	1388	1218.13	17.3277	392.656
ENST00000395701.7	2077	1907.13	49.2873	713.379
ENST00000299821.15	1996	1826.13	14.3353	216.691
ENST00000395693.8	984	814.126	0	0
ENST00000535425.5	1002	832.126	12.0639	400.188
ENST00000543927.6	1068	898.126	0	0
ENST00000252785.3	992	822.126	0	0
ENST00000608319.1	855	685.126	0	0
ENST00000252029.8	1586	1416.13	17.9904	350.673
ENST00000395680.6	1621	1451.13	4.71774e-07	8.97416e-06
ENST00000395681.6	1601	1431.13	0.00962096	0.185569
ENST00000487577.5	1751	1581.13	0	0
ENST00000395678.7	1614	1444.13	1.49713e-05	0.000286167
ENST00000401779.5	869	699.126	3.09348	122.14
ENST00000403326.5	643	473.126	1.33172	77.6965
ENST00000329363.9	872	702.126	0	0
ENST00000682240.1	954	784.126	0	0
ENST00000405135.5	917	747.126	0	0
ENST00000428989.3	786	616.126	6.5748	294.562
ENST00000609268.2	794	624.126	1	44.2275
ENST00000609178.1	602	432.16	1	63.8734
ENST00000648057.3	5125	4955.13	4.6418	25.8581
ENST00000395676.4	2990	2820.13	5.3582	52.4463
ENST00000406915.4	462	292.242	0	0
ENST00000402753.1	342	174.376	0	0
ENST00000405237.7	2647	2477.13	7.05535e-05	0.000786204
ENST00000312108.12	2603	2433.13	25.925	294.116
ENST00000453634.5	2816	2646.13	22.6891	236.685
ENST00000395650.6	2662	2492.13	8.34303	92.4098
ENST00000360719.6	2319	2149.13	11.3676	146.006
ENST00000457250.5	2217	2047.13	0	0
ENST00000406938.3	1474	1304.13	57.6752	1220.77
ENST00000656328.1	940	770.126	3.35302	120.182
ENST00000654355.1	2093	1923.13	4.06837	58.3952
ENST00000662119.1	2264	2094.13	5.62734	74.1762
ENST00000652967.1	2380	2210.13	0	0
ENST00000609758.1	448	278.242	2	198.414
ENST00000329492.6	5700	5530.13	18	89.8467
ENST00000216124.10	4294	4124.13	15.7442	105.379
ENST00000356098.9	1895	1725.13	0	0
ENST00000395621.7	1918	1748.13	14.2312	224.715
ENST00000453344.6	1650	1480.13	22.2599	415.135
ENST00000395619.3	1824	1654.13	2.61446e-06	4.36293e-05
ENST00000391267.1	98	4.82222	0	0
ENST00000661649.1	239	81.8438	0	0
ENST00000445220.5	5175	5005.13	14.5887	80.4574
ENST00000262795.6	7260	7090.13	5.69842	22.1853
ENST00000384114.1	104	4.41194	0	0
ENST00000664402.1	5756	5586.13	4.7129	23.2885
ENST00000659388.1	934	764.126	2	72.2486
ENST00000449652.1	2030	1860.13	2	29.6792
ENST00000216139.10	1430	1260.13	0	0
ENST00000529621.1	708	538.126	2	102.591
ENST00000532913.1	284	120.67	0	0
ENST00000395613.2	760	590.126	0	0
ENST00000496652.5	1112	942.126	9.21915	270.114
ENST00000435118.5	1126	956.126	3.63954	105.074
ENST00000354869.7	2140	1970.13	0	0
ENST00000395595.8	2401	2231.13	20.1892	249.781
ENST00000395593.7	2341	2171.13	12.7553	162.17
ENST00000395598.7	2169	1999.13	0	0
ENST00000395591.5	1987	1817.13	0	0
ENST00000395590.5	2380	2210.13	16.4195	205.073
ENST00000480246.1	2987	2817.13	17.6564	173.005
ENST00000427528.1	469	299.242	0.124496	11.4841
