isoform	POS_MLprob
ENST00000006251.11	0.81
ENST00000043402.8	0.962
ENST00000086933.3	0.852
ENST00000155674.9	0.286
ENST00000159647.9	0.856
ENST00000215659.13	0.92
ENST00000215727.10	0.924
ENST00000215730.12	0.932
ENST00000215742.9	0.882
ENST00000215743.8	0.78
ENST00000215754.8	0.932
ENST00000215770.6	0.834
ENST00000215781.3	0.856
ENST00000215790.12	0.94
ENST00000215793.13	0.922
ENST00000215794.8	0.778
ENST00000215812.9	0.686
ENST00000215829.8	0.902
ENST00000215832.11	0.912
ENST00000215838.8	0.93
ENST00000215855.7	0.898
ENST00000215862.8	0.698
ENST00000215882.10	0.91
ENST00000215885.4	0.826
ENST00000215886.6	0.968
ENST00000215904.7	0.92
ENST00000215906.6	0.82
ENST00000215909.10	0.9
ENST00000215912.10	0.94
ENST00000215917.11	0.922
ENST00000215919.3	0.92
ENST00000215941.9	0.934
ENST00000215956.10	0.906
ENST00000215957.10	0.932
ENST00000215980.10	0.912
ENST00000216014.9	0.932
ENST00000216024.7	0.812
ENST00000216027.8	0.938
ENST00000216029.7	0.958
ENST00000216034.6	0.928
ENST00000216036.9	0.886
ENST00000216037.10	0.9
ENST00000216038.6	0.916
ENST00000216039.9	0.94
ENST00000216044.10	0.944
ENST00000216061.9	0.914
ENST00000216068.9	0.948
ENST00000216071.5	0.886
ENST00000216075.11	0.87
ENST00000216080.5	0.488
ENST00000216083.6	0.24
ENST00000216085.12	0.896
ENST00000216099.13	0.862
ENST00000216101.7	0.844
ENST00000216106.6	0.964
ENST00000216115.3	0.884
ENST00000216117.9	0.942
ENST00000216121.12	0.904
ENST00000216122.9	0.91
ENST00000216124.10	0.946
ENST00000216127.5	0.96
ENST00000216129.7	0.91
ENST00000216133.10	0.818
ENST00000216139.10	0.836
ENST00000216144.4	0.856
ENST00000216146.9	0.892
ENST00000216155.11	0.626
ENST00000216160.11	0.968
ENST00000216177.8	0.692
ENST00000216180.8	0.714
ENST00000216181.11	0.888
ENST00000216185.7	0.914
ENST00000216187.10	0.458
ENST00000216190.13	0.898
ENST00000216194.11	0.33
ENST00000216200.9	0.43
ENST00000216211.9	0.868
ENST00000216214.7	0.584
ENST00000216218.8	0.906
ENST00000216223.10	0.814
ENST00000216225.9	0.91
ENST00000216237.10	0.942
ENST00000216241.14	0.876
ENST00000216252.4	0.932
ENST00000216254.9	0.906
ENST00000216259.8	0.894
ENST00000216264.13	0.942
ENST00000216267.12	0.904
ENST00000216268.6	0.788
ENST00000216271.10	0.92
ENST00000248846.10	0.616
ENST00000248879.8	0.902
ENST00000248899.11	0.826
ENST00000248901.11	0.768
ENST00000248924.11	0.948
ENST00000248929.14	0.926
ENST00000248933.11	0.806
ENST00000248948.4	0.826
ENST00000248958.5	0.934
ENST00000248975.6	0.938
ENST00000248983.8	0.878
ENST00000249005.3	0.914
ENST00000249007.4	0.846
ENST00000249014.5	0.886
ENST00000249016.4	0.91
ENST00000249041.3	0.846
ENST00000249042.8	0.882
ENST00000249044.2	0.764
ENST00000249053.3	0.662
ENST00000249064.9	0.89
ENST00000249066.10	0.24
ENST00000249071.11	0.914
ENST00000249075.4	0.94
ENST00000249079.6	0.85
ENST00000249116.7	0.882
ENST00000251973.10	0.732
ENST00000251993.11	0.896
ENST00000252029.8	0.562
ENST00000252115.10	0.94
ENST00000252136.12	0.922
ENST00000252137.11	0.95
ENST00000252785.3	0.768
ENST00000252934.10	0.922
ENST00000253255.7	0.71
ENST00000253413.10	0.906
ENST00000255784.6	0.964
ENST00000255858.12	0.804
ENST00000255882.11	0.922
ENST00000255890.8	0.848
ENST00000262607.3	0.692
ENST00000262608.13	0.778
ENST00000262722.11	0.956
ENST00000262726.12	0.836
ENST00000262735.9	0.946
ENST00000262738.9	0.832
ENST00000262794.10	0.782
ENST00000262795.6	0.758
ENST00000262825.9	0.73
ENST00000262829.11	0.27
ENST00000263112.11	0.874
ENST00000263116.8	0.74
ENST00000263119.10	0.952
ENST00000263121.12	0.198
ENST00000263196.12	0.28
ENST00000263201.7	0.92
ENST00000263202.15	0.912
ENST00000263205.11	0.932
ENST00000263207.8	0.794
ENST00000263208.5	0.932
ENST00000263212.10	0.946
ENST00000263245.10	0.922
ENST00000263246.8	0.924
ENST00000263253.9	0.952
ENST00000263256.7	0.91
ENST00000266085.7	0.902
ENST00000266086.6	0.846
ENST00000266087.12	0.896
ENST00000266088.9	0.794
ENST00000266095.9	0.342
ENST00000266182.10	0.678
ENST00000266252.8	0.488
ENST00000266254.12	0.972
ENST00000266263.10	0.892
ENST00000266269.10	0.346
ENST00000266304.9	0.954
ENST00000290429.11	0.942
ENST00000290460.7	0.852
ENST00000290691.10	0.712
ENST00000290765.9	0.822
ENST00000291232.5	0.868
ENST00000292729.12	0.762
ENST00000292733.11	0.952
ENST00000292748.7	0.862
ENST00000292778.11	0.92
ENST00000292779.4	0.868
ENST00000299821.15	0.884
ENST00000300105.7	0.864
ENST00000300399.8	0.728
ENST00000301923.13	0.73
ENST00000302097.3	0.968
ENST00000302273.2	0.848
ENST00000302326.5	0.944
ENST00000303434.8	0.872
ENST00000303592.3	0.816
ENST00000305199.9	0.744
ENST00000305877.13	0.922
ENST00000306149.12	0.908
ENST00000307221.5	0.698
ENST00000307790.8	0.498
ENST00000308521.10	0.816
ENST00000308700.6	0.852
ENST00000310624.7	0.806
ENST00000311597.10	0.822
ENST00000312108.12	0.74
ENST00000312310.3	0.708
ENST00000313237.10	0.802
ENST00000314328.14	0.924
ENST00000314567.8	0.82
ENST00000316027.10	0.868
ENST00000316185.8	0.714
ENST00000317361.11	0.21
ENST00000317368.11	0.888
ENST00000317582.10	0.942
ENST00000317749.9	0.864
ENST00000318109.12	0.938
ENST00000318753.13	0.95
ENST00000318801.8	0.948
ENST00000319136.8	0.906
ENST00000319363.11	0.962
ENST00000320372.9	0.504
ENST00000320521.10	0.836
ENST00000320602.11	0.556
ENST00000320996.14	0.638
ENST00000321753.8	0.872
ENST00000323013.7	0.922
ENST00000323205.10	0.878
ENST00000323630.9	0.73
ENST00000324198.11	0.948
ENST00000325157.7	0.848
ENST00000325180.12	0.896
ENST00000325301.7	0.95
ENST00000325660.3	0.67
ENST00000326010.10	0.85
ENST00000326132.11	0.932
ENST00000326341.8	0.5
ENST00000327365.10	0.868
ENST00000327374.9	0.426
ENST00000327423.11	0.928
ENST00000327451.11	0.854
ENST00000327492.4	0.942
ENST00000327555.5	0.958
ENST00000327678.10	0.806
ENST00000327813.9	0.67
ENST00000327858.11	0.95
ENST00000328268.9	0.948
ENST00000328554.9	0.722
ENST00000328823.13	0.874
ENST00000328879.9	0.95
ENST00000328933.10	0.96
ENST00000329021.10	0.854
ENST00000329363.9	0.854
ENST00000329492.6	0.828
ENST00000329517.11	0.954
ENST00000329563.8	0.408
ENST00000329627.11	0.658
ENST00000329705.11	0.684
ENST00000329949.3	0.534
ENST00000330029.6	0.912
ENST00000330125.10	0.73
ENST00000330232.8	0.668
ENST00000330377.3	0.862
ENST00000330423.8	0.888
ENST00000330651.11	0.794
ENST00000330817.11	0.948
ENST00000330884.9	0.86
ENST00000331018.8	0.718
ENST00000331029.11	0.348
ENST00000331075.10	0.778
ENST00000331163.11	0.968
ENST00000331428.5	0.754
ENST00000331437.4	0.64
ENST00000331444.12	0.804
ENST00000331454.3	0.708
ENST00000331457.9	0.894
ENST00000331479.4	0.95
ENST00000331728.9	0.96
ENST00000331821.7	0.894
ENST00000332035.10	0.884
ENST00000332050.10	0.326
ENST00000332271.9	0.67
ENST00000332509.8	0.714
ENST00000332585.11	0.76
ENST00000332710.8	0.664
ENST00000332840.9	0.756
ENST00000332965.4	0.788
ENST00000332987.5	0.866
ENST00000333027.7	0.918
ENST00000333039.4	0.96
ENST00000333130.4	0.948
ENST00000333137.12	0.952
ENST00000333395.10	0.266
ENST00000333407.11	0.874
ENST00000333467.4	0.96
ENST00000333487.2	0.63
ENST00000333611.8	0.964
ENST00000334018.11	0.82
ENST00000334029.6	0.67
ENST00000334363.14	0.368
ENST00000334554.12	0.942
ENST00000334678.8	0.906
ENST00000334679.4	0.938
ENST00000334961.11	0.854
ENST00000335025.12	0.93
ENST00000335214.8	0.886
ENST00000335272.10	0.526
ENST00000335473.12	0.846
ENST00000335539.7	0.682
ENST00000335626.8	0.912
ENST00000335727.13	0.958
ENST00000335879.5	0.808
ENST00000336156.10	0.904
ENST00000336726.11	0.858
ENST00000336737.8	0.936
ENST00000336873.9	0.934
ENST00000336963.8	0.802
ENST00000336985.11	0.792
ENST00000337137.9	0.946
ENST00000337304.2	0.912
ENST00000337471.8	0.836
ENST00000337539.12	0.826
ENST00000337554.8	0.896
ENST00000337566.9	0.23
ENST00000337612.9	0.866
ENST00000337843.7	0.942
ENST00000337959.8	0.232
ENST00000337989.11	0.168
ENST00000338306.8	0.824
ENST00000338483.7	0.954
ENST00000338641.10	0.918
ENST00000338754.9	0.93
ENST00000338758.12	0.93
ENST00000338911.6	0.864
ENST00000339367.4	0.752
ENST00000339464.9	0.824
ENST00000339468.8	0.804
ENST00000339677.10	0.334
ENST00000340170.8	0.344
ENST00000340239.8	0.44
ENST00000340552.4	0.732
ENST00000340630.9	0.624
ENST00000340857.4	0.448
ENST00000340923.9	0.47
ENST00000341116.7	0.222
ENST00000341184.7	0.842
ENST00000341255.4	0.936
ENST00000341280.5	0.758
ENST00000341976.5	0.968
ENST00000341989.9	0.784
ENST00000342005.5	0.618
ENST00000342111.9	0.394
ENST00000342192.9	0.898
ENST00000342247.10	0.804
ENST00000342312.9	0.896
ENST00000342888.3	0.436
ENST00000343518.11	0.844
ENST00000343605.5	0.968
ENST00000343632.9	0.892
ENST00000343706.8	0.776
ENST00000343999.1	0.418
ENST00000344033.5	0.748
ENST00000344138.9	0.944
ENST00000344318.4	0.934
ENST00000344347.5	0.866
ENST00000344710.9	0.748
ENST00000344921.11	0.218
ENST00000345044.10	0.606
ENST00000346753.9	0.672
ENST00000347557.6	0.57
ENST00000347635.9	0.9
ENST00000348295.7	0.946
ENST00000348657.6	0.882
ENST00000348911.10	0.924
ENST00000348946.8	0.884
ENST00000349314.6	0.66
ENST00000349505.4	0.676
ENST00000350028.5	0.92
ENST00000350608.7	0.354
ENST00000351488.7	0.97
ENST00000351933.8	0.92
ENST00000351989.8	0.91
ENST00000352371.5	0.712
ENST00000352397.10	0.894
ENST00000352645.5	0.942
ENST00000352766.11	0.73
ENST00000353887.8	0.872
ENST00000354336.8	0.916
ENST00000354373.2	0.728
ENST00000354694.12	0.914
ENST00000354760.4	0.914
ENST00000354853.2	0.79
ENST00000354869.7	0.674
ENST00000354992.7	0.73
ENST00000355028.4	0.912
ENST00000355143.8	0.384
ENST00000355209.9	0.94
ENST00000355630.10	0.934
ENST00000355704.7	0.642
ENST00000355830.11	0.754
ENST00000356087.8	0.886
ENST00000356098.9	0.918
ENST00000356099.11	0.828
ENST00000356244.8	0.902
ENST00000356976.8	0.96
ENST00000356998.8	0.946
ENST00000357068.11	0.796
ENST00000357137.9	0.934
ENST00000357179.10	0.932
ENST00000357450.9	0.814
ENST00000357502.5	0.64
ENST00000357586.7	0.378
ENST00000357802.6	0.836
ENST00000358097.8	0.848
ENST00000358295.9	0.788
ENST00000358321.4	0.842
ENST00000358431.8	0.846
ENST00000358502.10	0.92
ENST00000358654.2	0.436
ENST00000358743.5	0.59
ENST00000358763.7	0.848
ENST00000359033.4	0.848
ENST00000359114.9	0.934
ENST00000359139.7	0.488
ENST00000359308.8	0.914
ENST00000359337.9	0.932
ENST00000359369.8	0.354
ENST00000359486.8	0.372
ENST00000359500.7	0.68
ENST00000359540.7	0.396
ENST00000359787.5	0.966
ENST00000359859.4	0.638
ENST00000359867.7	0.254
ENST00000359906.6	0.45
ENST00000359963.4	0.674
ENST00000360079.8	0.906
ENST00000360612.5	0.902
ENST00000360719.6	0.962
ENST00000360737.4	0.748
ENST00000360806.9	0.268
ENST00000360835.9	0.838
ENST00000360880.6	0.47
ENST00000360929.7	0.784
ENST00000361034.7	0.954
ENST00000361204.9	0.902
ENST00000361441.5	0.956
ENST00000361452.8	0.344
ENST00000361473.9	0.758
ENST00000361676.8	0.404
ENST00000361682.11	0.868
ENST00000361684.8	0.39
ENST00000361710.6	0.634
ENST00000361740.8	0.236
ENST00000361906.8	0.934
ENST00000362116.3	0.606
ENST00000362378.1	0.496
ENST00000362512.1	0.672
ENST00000362645.1	0.6
ENST00000362825.1	0.452
ENST00000362913.1	0.602
ENST00000362927.1	0.536
ENST00000362995.1	0.58
ENST00000363187.1	0.586
ENST00000363462.1	0.582
ENST00000363573.1	0.616
ENST00000363578.1	0.578
ENST00000363813.1	0.582
ENST00000364001.1	0.584
ENST00000364106.1	0.576
ENST00000364115.1	0.506
ENST00000364208.1	0.602
ENST00000364339.1	0.592
ENST00000365046.1	0.578
ENST00000365149.1	0.46
ENST00000365188.1	0.51
ENST00000366110.4	0.688
ENST00000366425.4	0.828
ENST00000380817.8	0.918
ENST00000380903.7	0.924
ENST00000380909.9	0.892
ENST00000380981.3	0.738
ENST00000380990.5	0.512
ENST00000380995.5	0.618
ENST00000381019.3	0.932
ENST00000381031.8	0.936
ENST00000381061.8	0.274
ENST00000381176.5	0.768
ENST00000381198.6	0.704
ENST00000381278.4	0.96
ENST00000381348.4	0.688
ENST00000381433.2	0.728
ENST00000381535.4	0.702
ENST00000381551.8	0.772
ENST00000381565.2	0.79
ENST00000381568.9	0.878
ENST00000381646.6	0.628
ENST00000381669.8	0.814
ENST00000381683.10	0.394
ENST00000381756.9	0.338
ENST00000381792.6	0.672
ENST00000381821.2	0.856
ENST00000381982.3	0.862
ENST00000382011.9	0.324
ENST00000382097.4	0.892
ENST00000382111.6	0.726
ENST00000382112.8	0.778
ENST00000382151.6	0.366
ENST00000382243.5	0.77
ENST00000382363.8	0.952
ENST00000382580.6	0.452
ENST00000382641.1	0.484
ENST00000382734.9	0.944
ENST00000382760.2	0.734
ENST00000382821.3	0.73
ENST00000382932.3	0.856
ENST00000382974.6	0.476
ENST00000383024.6	0.376
ENST00000383045.7	0.884
ENST00000383094.7	0.914
ENST00000383888.1	0.584
ENST00000384012.1	0.494
ENST00000384086.1	0.616
ENST00000384114.1	0.546
ENST00000384498.1	0.586
ENST00000384613.1	0.614
ENST00000384724.1	0.602
ENST00000384726.1	0.5
ENST00000384843.1	0.606
ENST00000384963.1	0.546
ENST00000385018.1	0.662
ENST00000385046.1	0.608
ENST00000385101.1	0.644
ENST00000385140.1	0.608
ENST00000385197.1	0.614
ENST00000385210.1	0.678
ENST00000385288.3	0.608
ENST00000386745.1	0.514
ENST00000386747.1	0.508
ENST00000389774.6	0.78
ENST00000389983.6	0.78
ENST00000390282.2	0.786
ENST00000390283.2	0.834
ENST00000390284.2	0.838
ENST00000390285.4	0.844
ENST00000390286.3	0.748
ENST00000390287.2	0.82
ENST00000390289.2	0.856
ENST00000390290.3	0.852
ENST00000390291.2	0.85
ENST00000390293.1	0.834
ENST00000390294.2	0.798
ENST00000390295.3	0.86
ENST00000390296.2	0.854
ENST00000390297.3	0.794
ENST00000390298.2	0.856
ENST00000390299.2	0.866
ENST00000390300.2	0.838
ENST00000390301.3	0.868
ENST00000390302.3	0.75
ENST00000390303.3	0.752
ENST00000390304.2	0.852
ENST00000390305.2	0.836
ENST00000390306.2	0.842
ENST00000390307.2	0.76
ENST00000390308.2	0.756
ENST00000390309.2	0.864
ENST00000390310.3	0.848
ENST00000390311.3	0.736
ENST00000390312.2	0.954
ENST00000390313.3	0.846
ENST00000390314.2	0.864
ENST00000390315.3	0.866
ENST00000390316.2	0.846
ENST00000390318.2	0.836
ENST00000390319.2	0.75
ENST00000390320.2	0.676
ENST00000390321.2	0.666
ENST00000390322.2	0.644
ENST00000390323.2	0.514
ENST00000390324.2	0.676
ENST00000390325.2	0.514
ENST00000390326.2	0.634
ENST00000390327.2	0.616
ENST00000390328.2	0.622
ENST00000390329.3	0.696
ENST00000390330.2	0.652
ENST00000390331.3	0.68
ENST00000390813.1	0.656
ENST00000390914.1	0.608
ENST00000391240.1	0.614
ENST00000391267.1	0.536
ENST00000391625.2	0.666
ENST00000391627.6	0.27
ENST00000393264.2	0.738
ENST00000395590.5	0.682
ENST00000395591.5	0.71
ENST00000395593.7	0.66
ENST00000395595.8	0.67
ENST00000395598.7	0.702
ENST00000395613.2	0.614
ENST00000395619.3	0.572
ENST00000395621.7	0.564
ENST00000395650.6	0.756
ENST00000395676.4	0.624
ENST00000395678.7	0.562
ENST00000395680.6	0.552
ENST00000395681.6	0.556
ENST00000395693.8	0.948
ENST00000395698.7	0.898
ENST00000395701.7	0.91
ENST00000395732.7	0.852
ENST00000395733.7	0.784
ENST00000395737.2	0.834
ENST00000395738.2	0.95
ENST00000395741.7	0.938
ENST00000395744.7	0.952
ENST00000395778.3	0.556
ENST00000395780.5	0.276
ENST00000395823.2	0.704
ENST00000395827.5	0.338
ENST00000395829.1	0.888
ENST00000395842.3	0.822
ENST00000395852.5	0.702
ENST00000395858.7	0.782
ENST00000395876.6	0.812
ENST00000396082.2	0.872
ENST00000396096.6	0.27
ENST00000396103.7	0.738
ENST00000396231.6	0.786
ENST00000396265.4	0.862
ENST00000396387.2	0.718
ENST00000396398.8	0.946
ENST00000396425.7	0.956
ENST00000396426.7	0.834
ENST00000396504.6	0.392
ENST00000396512.3	0.372
ENST00000396617.7	0.678
ENST00000396680.3	0.302
ENST00000396821.8	0.904
ENST00000396832.6	0.824
ENST00000396884.8	0.934
ENST00000396982.3	0.792
ENST00000397110.6	0.734
ENST00000397147.7	0.788
ENST00000397223.4	0.944
ENST00000397224.9	0.406
ENST00000397225.2	0.268
ENST00000397275.6	0.868
ENST00000397278.8	0.948
ENST00000397279.8	0.338
ENST00000397287.6	0.628
ENST00000397293.6	0.92
ENST00000397303.6	0.882
ENST00000397326.7	0.972
ENST00000397328.5	0.778
ENST00000397394.8	0.67
ENST00000397426.5	0.902
ENST00000397450.2	0.684
ENST00000397452.5	0.726
ENST00000397468.5	0.858
ENST00000397477.2	0.62
ENST00000397492.1	0.444
ENST00000397495.8	0.956
ENST00000397500.5	0.54
ENST00000397523.5	0.942
ENST00000397525.5	0.676
ENST00000397595.2	0.692
ENST00000397641.8	0.97
ENST00000397771.6	0.932
ENST00000397789.3	0.358
ENST00000397871.5	0.364
ENST00000397872.5	0.364
ENST00000397873.6	0.91
ENST00000397906.6	0.916
ENST00000397938.7	0.89
ENST00000398042.6	0.894
ENST00000398110.6	0.456
ENST00000398145.7	0.934
ENST00000398215.3	0.902
ENST00000398241.3	0.714
ENST00000398242.2	0.7
ENST00000398292.3	0.824
ENST00000398319.6	0.946
ENST00000398344.9	0.886
ENST00000398356.6	0.586
ENST00000398465.3	0.864
ENST00000398741.5	0.906
ENST00000398743.6	0.888
ENST00000398793.6	0.936
ENST00000398822.7	0.906
ENST00000398831.8	0.94
ENST00000398869.2	0.646
ENST00000398873.4	0.92
ENST00000398941.6	0.956
ENST00000399133.2	0.87
ENST00000399163.6	0.842
ENST00000399167.6	0.812
ENST00000399523.5	0.312
ENST00000399539.4	0.576
ENST00000399562.9	0.924
ENST00000399568.5	0.916
ENST00000399635.4	0.726
ENST00000399687.3	0.8
ENST00000399744.8	0.954
ENST00000399765.5	0.882
ENST00000399767.6	0.892
ENST00000399782.5	0.29
ENST00000399796.6	0.894
ENST00000399798.6	0.87
ENST00000399813.1	0.814
ENST00000399824.6	0.694
ENST00000399837.8	0.826
ENST00000399839.5	0.626
ENST00000399852.3	0.37
ENST00000399875.1	0.82
ENST00000400206.7	0.434
ENST00000400221.1	0.546
ENST00000400237.2	0.758
ENST00000400242.8	0.788
ENST00000400248.7	0.816
ENST00000400249.7	0.742
ENST00000400288.7	0.776
ENST00000400289.5	0.764
ENST00000400294.6	0.816
ENST00000400299.6	0.932
ENST00000400335.9	0.96
ENST00000400358.9	0.768
ENST00000400359.4	0.758
ENST00000400380.5	0.55
ENST00000400382.6	0.946
ENST00000400418.7	0.762
ENST00000400451.7	0.954
ENST00000400518.5	0.296
ENST00000400519.6	0.524
ENST00000400521.7	0.31
ENST00000400525.6	0.278
ENST00000400561.6	0.572
ENST00000400585.7	0.844
ENST00000400588.5	0.678
ENST00000401395.1	0.808
ENST00000401405.7	0.86
ENST00000401406.3	0.912
ENST00000401419.7	0.318
ENST00000401443.5	0.86
ENST00000401450.3	0.866
ENST00000401461.5	0.856
ENST00000401475.5	0.708
ENST00000401529.3	0.28
ENST00000401548.8	0.83
ENST00000401609.5	0.89
ENST00000401624.5	0.742
ENST00000401675.7	0.25
ENST00000401701.1	0.3
ENST00000401702.5	0.812
ENST00000401751.5	0.718
ENST00000401755.1	0.816
ENST00000401756.5	0.864
ENST00000401779.5	0.852
ENST00000401833.5	0.472
ENST00000401850.5	0.652
ENST00000401885.5	0.484
ENST00000401886.5	0.438
ENST00000401924.5	0.692
ENST00000401950.7	0.958
ENST00000401959.6	0.894
ENST00000401975.5	0.878
ENST00000401994.5	0.736
ENST00000402027.1	0.472
ENST00000402034.6	0.748
ENST00000402042.7	0.666
ENST00000402061.7	0.802
ENST00000402064.5	0.678
ENST00000402077.7	0.802
ENST00000402105.7	0.906
ENST00000402126.1	0.936
ENST00000402142.4	0.788
ENST00000402174.5	0.51
ENST00000402176.3	0.772
ENST00000402182.7	0.944
ENST00000402203.5	0.684
ENST00000402217.8	0.71
ENST00000402229.5	0.868
ENST00000402238.5	0.842
ENST00000402249.7	0.946
ENST00000402255.5	0.862
ENST00000402281.5	0.25
ENST00000402284.7	0.398
ENST00000402286.5	0.718
ENST00000402320.6	0.786
ENST00000402321.5	0.842
ENST00000402338.5	0.89
ENST00000402357.6	0.84
ENST00000402369.5	0.886
ENST00000402380.3	0.362
ENST00000402395.5	0.424
ENST00000402420.1	0.386
ENST00000402438.5	0.414
ENST00000402458.1	0.406
ENST00000402580.7	0.356
ENST00000402588.6	0.778
ENST00000402592.7	0.834
ENST00000402630.5	0.966
ENST00000402697.5	0.888
ENST00000402731.6	0.396
ENST00000402752.5	0.904
ENST00000402753.1	0.592
ENST00000402766.5	0.354
ENST00000402844.7	0.896
ENST00000402849.5	0.346
ENST00000402860.7	0.868
ENST00000402881.5	0.398
ENST00000402918.7	0.846
ENST00000402937.1	0.912
ENST00000402979.1	0.652
ENST00000402984.7	0.3
ENST00000402997.5	0.822
ENST00000403026.5	0.742
ENST00000403066.5	0.648
ENST00000403084.1	0.686
ENST00000403121.5	0.664
ENST00000403184.5	0.884
ENST00000403208.7	0.692
ENST00000403222.7	0.708
ENST00000403251.1	0.344
ENST00000403268.1	0.76
ENST00000403299.5	0.728
ENST00000403305.6	0.818
ENST00000403313.5	0.294
ENST00000403325.5	0.942
ENST00000403326.5	0.844
ENST00000403362.5	0.624
ENST00000403363.5	0.324
ENST00000403389.1	0.876
ENST00000403427.3	0.292
ENST00000403435.5	0.35
ENST00000403463.1	0.852
ENST00000403477.7	0.776
ENST00000403503.1	0.682
ENST00000403532.7	0.87
ENST00000403565.5	0.744
ENST00000403581.5	0.82
ENST00000403586.5	0.85
ENST00000403642.5	0.544
ENST00000403662.8	0.8
ENST00000403663.6	0.882
ENST00000403682.7	0.912
ENST00000403707.7	0.38
ENST00000403710.5	0.842
ENST00000403744.7	0.282
ENST00000403754.7	0.484
ENST00000403807.4	0.876
ENST00000403838.5	0.964
ENST00000403880.5	0.412
ENST00000403888.7	0.788
ENST00000403892.7	0.922
ENST00000403904.5	0.874
ENST00000403975.1	0.828
ENST00000403987.3	0.404
ENST00000403999.7	0.874
ENST00000404034.5	0.512
ENST00000404056.1	0.334
ENST00000404067.5	0.888
ENST00000404072.7	0.906
ENST00000404092.5	0.52
ENST00000404171.1	0.43
ENST00000404172.3	0.806
ENST00000404223.5	0.954
ENST00000404234.7	0.76
ENST00000404241.6	0.258
ENST00000404276.6	0.95
ENST00000404334.1	0.868
ENST00000404354.3	0.778
ENST00000404390.7	0.78
ENST00000404393.5	0.548
ENST00000404435.1	0.608
ENST00000404453.5	0.84
ENST00000404488.7	0.358
ENST00000404532.5	0.466
ENST00000404569.5	0.35
ENST00000404574.5	0.516
ENST00000404583.5	0.766
ENST00000404664.7	0.876
ENST00000404699.7	0.816
ENST00000404724.7	0.31
ENST00000404744.1	0.956
ENST00000404751.7	0.362
ENST00000404755.7	0.824
ENST00000404760.5	0.536
ENST00000404802.7	0.384
ENST00000404820.7	0.836
ENST00000404876.1	0.384
ENST00000404885.5	0.89
ENST00000404898.5	0.802
ENST00000404920.1	0.592
ENST00000404953.7	0.822
ENST00000404989.1	0.322
ENST00000405009.5	0.612
ENST00000405018.5	0.342
ENST00000405089.5	0.834
ENST00000405091.6	0.87
ENST00000405135.5	0.714
ENST00000405147.7	0.296
ENST00000405188.8	0.718
ENST00000405198.6	0.896
ENST00000405206.3	0.826
ENST00000405219.7	0.89
ENST00000405237.7	0.922
ENST00000405300.5	0.756
ENST00000405309.7	0.34
ENST00000405369.3	0.738
ENST00000405409.6	0.906
ENST00000405442.5	0.34
ENST00000405465.3	0.224
ENST00000405484.5	0.388
ENST00000405486.5	0.318
ENST00000405506.2	0.858
ENST00000405510.5	0.374
ENST00000405557.5	0.394
ENST00000405598.5	0.446
ENST00000405640.1	0.952
ENST00000405655.8	0.888
ENST00000405659.5	0.83
ENST00000405673.5	0.68
ENST00000405675.7	0.872
ENST00000405677.5	0.24
ENST00000405717.7	0.97
ENST00000405742.7	0.938
ENST00000405822.6	0.606
ENST00000405847.5	0.954
ENST00000405854.5	0.83
ENST00000405878.5	0.302
ENST00000405930.3	0.594
ENST00000405938.5	0.45
ENST00000405993.2	0.704
ENST00000406028.1	0.694
ENST00000406029.5	0.82
ENST00000406199.3	0.892
ENST00000406213.1	0.69
ENST00000406230.5	0.78
ENST00000406259.1	0.686
ENST00000406271.7	0.556
ENST00000406293.7	0.754
ENST00000406323.3	0.908
ENST00000406324.5	0.942
ENST00000406361.6	0.88
ENST00000406385.1	0.484
ENST00000406395.5	0.384
ENST00000406423.5	0.53
ENST00000406477.7	0.342
ENST00000406486.8	0.82
ENST00000406503.1	0.354
ENST00000406508.5	0.342
ENST00000406516.5	0.746
ENST00000406520.7	0.316
ENST00000406522.5	0.78
ENST00000406548.5	0.896
ENST00000406549.7	0.808
ENST00000406566.1	0.808
ENST00000406622.5	0.326
ENST00000406629.1	0.918
ENST00000406644.7	0.778
ENST00000406725.6	0.778
ENST00000406733.1	0.718
ENST00000406772.5	0.368
ENST00000406799.1	0.928
ENST00000406855.7	0.93
ENST00000406856.7	0.75
ENST00000406876.1	0.762
ENST00000406880.1	0.954
ENST00000406902.6	0.664
ENST00000406912.1	0.578
ENST00000406915.4	0.872
ENST00000406934.5	0.878
ENST00000406938.3	0.94
ENST00000406955.5	0.874
ENST00000406969.5	0.924
ENST00000407019.6	0.258
ENST00000407029.7	0.92
ENST00000407075.3	0.96
ENST00000407120.1	0.85
ENST00000407142.5	0.414
ENST00000407148.5	0.482
ENST00000407188.5	0.796
ENST00000407217.7	0.306
ENST00000407236.5	0.948
ENST00000407253.7	0.922
ENST00000407298.7	0.778
ENST00000407308.1	0.844
ENST00000407319.7	0.878
ENST00000407332.5	0.892
ENST00000407373.5	0.652
ENST00000407381.7	0.694
ENST00000407418.8	0.946
ENST00000407422.8	0.876
ENST00000407431.5	0.944
ENST00000407461.5	0.388
ENST00000407464.7	0.79
ENST00000407471.7	0.314
ENST00000407472.5	0.936
ENST00000407537.5	0.274
ENST00000407550.3	0.896
ENST00000407585.5	0.266
ENST00000407587.6	0.828
ENST00000407598.2	0.71
ENST00000407614.8	0.814
ENST00000407623.7	0.304
ENST00000407673.5	0.794
ENST00000407689.8	0.856
ENST00000407690.6	0.934
ENST00000407755.1	0.366
ENST00000407817.3	0.58
ENST00000407835.6	0.906
ENST00000407886.1	0.728
ENST00000407936.5	0.368
ENST00000407965.1	0.606
ENST00000407997.4	0.964
ENST00000408031.1	0.942
ENST00000408112.3	0.638
ENST00000408233.1	0.712
ENST00000408439.3	0.646
ENST00000408671.3	0.696
ENST00000408833.1	0.496
ENST00000409006.3	0.922
ENST00000409496.7	0.77
ENST00000409652.5	0.96
ENST00000409926.2	0.708
ENST00000410028.3	0.54
ENST00000410058.1	0.832
ENST00000410078.2	0.656
ENST00000410089.5	0.784
ENST00000410099.1	0.648
ENST00000410420.1	0.586
ENST00000410653.1	0.608
ENST00000410698.2	0.586
ENST00000410766.1	0.586
ENST00000410983.1	0.548
ENST00000411124.1	0.658
ENST00000411210.1	0.616
ENST00000411511.5	0.586
ENST00000411545.2	0.76
ENST00000411850.5	0.64
ENST00000411920.1	0.74
ENST00000411961.6	0.63
ENST00000411969.1	0.646
ENST00000412037.2	0.646
ENST00000412149.1	0.6
ENST00000412238.1	0.642
ENST00000412277.6	0.768
ENST00000412331.6	0.89
ENST00000412448.5	0.442
ENST00000412461.2	0.598
ENST00000412472.2	0.752
ENST00000412643.1	0.71
ENST00000412713.1	0.786
ENST00000412729.1	0.66
ENST00000412798.1	0.684
ENST00000412938.5	0.502
ENST00000413110.1	0.718
ENST00000413114.6	0.638
ENST00000413119.2	0.722
ENST00000413209.6	0.252
ENST00000413293.1	0.356
ENST00000413294.1	0.608
ENST00000413302.6	0.674
ENST00000413494.1	0.658
ENST00000413574.6	0.888
ENST00000413768.5	0.252
ENST00000413815.2	0.722
ENST00000413817.8	0.83
ENST00000413981.5	0.72
ENST00000414048.1	0.666
ENST00000414147.1	0.656
ENST00000414183.6	0.318
ENST00000414203.2	0.696
ENST00000414287.5	0.636
ENST00000414461.6	0.272
ENST00000414483.1	0.624
ENST00000414583.6	0.484
ENST00000414725.6	0.526
ENST00000414726.1	0.406
ENST00000414780.1	0.608
ENST00000414989.2	0.612
ENST00000415054.1	0.614
ENST00000415114.1	0.594
ENST00000415224.5	0.546
ENST00000415376.5	0.442
ENST00000415639.1	0.604
ENST00000415642.1	0.646
ENST00000415655.1	0.664
ENST00000415702.1	0.588
ENST00000415704.5	0.622
ENST00000415709.5	0.924
ENST00000415961.2	0.604
ENST00000416196.1	0.612
ENST00000416352.1	0.67
ENST00000416406.1	0.674
ENST00000416615.5	0.442
ENST00000416640.2	0.622
ENST00000416717.6	0.454
ENST00000416721.6	0.922
ENST00000416740.2	0.782
ENST00000416920.1	0.566
ENST00000416967.1	0.128
ENST00000416983.7	0.732
ENST00000416995.2	0.55
ENST00000417083.1	0.564
ENST00000417123.1	0.518
ENST00000417145.2	0.76
ENST00000417194.5	0.932
ENST00000417397.2	0.668
ENST00000417463.1	0.608
ENST00000417586.1	0.704
ENST00000417657.1	0.724
ENST00000417669.6	0.694
ENST00000417718.7	0.926
ENST00000417732.1	0.63
ENST00000417782.1	0.598
ENST00000417792.1	0.618
ENST00000417863.1	0.632
ENST00000417957.1	0.698
ENST00000418264.1	0.844
ENST00000418292.1	0.568
ENST00000418510.1	0.77
ENST00000418695.1	0.7
ENST00000418731.1	0.636
ENST00000418783.1	0.722
ENST00000418803.1	0.648
ENST00000418951.6	0.89
ENST00000419128.1	0.75
ENST00000419303.5	0.824
ENST00000419447.5	0.494
ENST00000419501.1	0.716
ENST00000419643.1	0.772
ENST00000419730.1	0.594
ENST00000419950.5	0.836
ENST00000420012.1	0.66
ENST00000420118.1	0.692
ENST00000420171.1	0.762
ENST00000420172.1	0.696
ENST00000420180.1	0.55
ENST00000420225.1	0.726
ENST00000420269.1	0.578
ENST00000420290.6	0.246
ENST00000420391.1	0.578
ENST00000420436.5	0.744
ENST00000420508.1	0.492
ENST00000420537.1	0.714
ENST00000420617.1	0.738
ENST00000420638.2	0.782
ENST00000420708.1	0.666
ENST00000420768.1	0.674
ENST00000420779.2	0.608
ENST00000420902.1	0.738
ENST00000420944.1	0.61
ENST00000420993.7	0.904
ENST00000421145.1	0.692
ENST00000421503.6	0.41
ENST00000421576.5	0.532
ENST00000421957.1	0.756
ENST00000421988.6	0.87
ENST00000422014.1	0.612
ENST00000422315.1	0.614
ENST00000422332.1	0.744
ENST00000422450.1	0.764
ENST00000422608.1	0.608
ENST00000422706.5	0.884
ENST00000422833.1	0.594
ENST00000422871.5	0.838
ENST00000422915.1	0.646
ENST00000422971.1	0.934
ENST00000422972.1	0.662
ENST00000422995.2	0.88
ENST00000423154.1	0.692
ENST00000423180.2	0.76
ENST00000423259.1	0.646
ENST00000423293.1	0.714
ENST00000423297.1	0.752
ENST00000423307.1	0.598
ENST00000423311.1	0.676
ENST00000423346.1	0.702
ENST00000423412.1	0.594
ENST00000423535.1	0.778
ENST00000423580.2	0.522
ENST00000423587.1	0.606
ENST00000423610.1	0.72
ENST00000423712.1	0.66
ENST00000423737.5	0.302
ENST00000423821.2	0.708
ENST00000423857.1	0.606
ENST00000423928.2	0.568
ENST00000424008.2	0.928
ENST00000424380.1	0.688
ENST00000424410.1	0.712
ENST00000424436.1	0.628
ENST00000424496.2	0.616
ENST00000424559.2	0.684
ENST00000424580.1	0.574
ENST00000424613.1	0.612
ENST00000424746.1	0.636
ENST00000424761.1	0.944
ENST00000424770.1	0.726
ENST00000424878.3	0.946
ENST00000425038.1	0.54
ENST00000425190.7	0.44
ENST00000425366.1	0.7
ENST00000425375.5	0.674
ENST00000425548.1	0.74
ENST00000425869.1	0.732
ENST00000425948.2	0.87
ENST00000426024.1	0.614
ENST00000426025.1	0.484
ENST00000426053.5	0.452
ENST00000426076.1	0.626
ENST00000426108.1	0.756
ENST00000426112.1	0.64
ENST00000426256.6	0.27
ENST00000426282.6	0.95
ENST00000426354.1	0.598
ENST00000426397.1	0.68
ENST00000426448.1	0.7
ENST00000426452.2	0.906
ENST00000426467.1	0.46
ENST00000426483.1	0.606
ENST00000426545.1	0.638
ENST00000426621.6	0.576
ENST00000426721.2	0.698
ENST00000427227.2	0.654
ENST00000427360.1	0.678
ENST00000427470.1	0.594
ENST00000427494.6	0.792
ENST00000427528.1	0.576
ENST00000427602.1	0.552
ENST00000427632.2	0.862
ENST00000427789.3	0.498
ENST00000427813.6	0.726
ENST00000427926.6	0.834
ENST00000428061.2	0.96
ENST00000428118.1	0.67
ENST00000428201.1	0.684
ENST00000428294.5	0.648
ENST00000428401.1	0.75
ENST00000428462.6	0.718
ENST00000428575.6	0.888
ENST00000428584.5	0.388
ENST00000428707.2	0.346
ENST00000428765.1	0.714
ENST00000428786.1	0.6
ENST00000428790.1	0.772
ENST00000428828.1	0.604
ENST00000428838.1	0.628
ENST00000428850.2	0.768
ENST00000428989.3	0.842
ENST00000429025.1	0.678
ENST00000429106.1	0.704
ENST00000429350.5	0.686
ENST00000429360.6	0.294
ENST00000429435.1	0.582
ENST00000429594.1	0.736
ENST00000429618.1	0.694
ENST00000430101.2	0.484
ENST00000430281.1	0.666
ENST00000430449.1	0.638
ENST00000430468.1	0.7
ENST00000430524.6	0.248
ENST00000430579.1	0.748
ENST00000430707.2	0.912
ENST00000430731.1	0.604
ENST00000430869.2	0.636
ENST00000430883.5	0.736
ENST00000430910.1	0.674
ENST00000431036.1	0.592
ENST00000431090.1	0.742
ENST00000431230.1	0.608
ENST00000431327.4	0.582
ENST00000431923.1	0.746
ENST00000432032.1	0.652
ENST00000432130.1	0.654
ENST00000432134.8	0.674
ENST00000432239.1	0.708
ENST00000432249.2	0.68
ENST00000432300.1	0.646
ENST00000432360.2	0.686
ENST00000432373.1	0.588
ENST00000432495.1	0.594
ENST00000432498.5	0.73
ENST00000432560.6	0.896
ENST00000432568.1	0.6
ENST00000432623.1	0.736
ENST00000432883.5	0.906
ENST00000433039.2	0.596
ENST00000433125.1	0.474
ENST00000433141.1	0.722
ENST00000433147.2	0.742
ENST00000433168.5	0.874
ENST00000433230.1	0.754
ENST00000433284.1	0.714
ENST00000433457.2	0.68
ENST00000433633.1	0.514
ENST00000433835.3	0.86
ENST00000433970.1	0.584
ENST00000433985.7	0.938
ENST00000433992.2	0.512
ENST00000434291.5	0.794
ENST00000434304.2	0.506
ENST00000434327.1	0.594
ENST00000434390.1	0.476
ENST00000434510.2	0.51
ENST00000434516.1	0.632
ENST00000434570.6	0.354
ENST00000434707.1	0.752
ENST00000434714.6	0.802
ENST00000434730.1	0.608
ENST00000434741.1	0.604
ENST00000434784.1	0.794
ENST00000434827.1	0.712
ENST00000434868.1	0.614
ENST00000435118.5	0.724
ENST00000435169.1	0.704
ENST00000435222.1	0.73
ENST00000435348.6	0.398
ENST00000435410.1	0.56
ENST00000435439.5	0.62
ENST00000435456.7	0.924
ENST00000435622.1	0.662
ENST00000435822.6	0.904
ENST00000435868.1	0.504
ENST00000436075.1	0.704
ENST00000436079.1	0.576
ENST00000436210.1	0.74
ENST00000436294.1	0.706
ENST00000436395.1	0.642
ENST00000436423.1	0.59
ENST00000436538.1	0.614
ENST00000436681.5	0.444
ENST00000436709.1	0.606
ENST00000436994.1	0.654
ENST00000437021.2	0.764
ENST00000437119.6	0.342
ENST00000437268.6	0.782
ENST00000437294.1	0.534
ENST00000437339.1	0.59
ENST00000437347.1	0.608
ENST00000437398.5	0.924
ENST00000437411.6	0.83
ENST00000437537.1	0.642
ENST00000437636.1	0.718
ENST00000437685.6	0.326
ENST00000437781.5	0.868
ENST00000438037.1	0.622
ENST00000438113.2	0.716
ENST00000438116.2	0.696
ENST00000438146.7	0.456
ENST00000438185.1	0.574
ENST00000438230.1	0.676
ENST00000438441.1	0.632
ENST00000438574.1	0.59
ENST00000438716.3	0.624
ENST00000438754.6	0.384
ENST00000438810.1	0.438
ENST00000438850.1	0.714
ENST00000438893.2	0.708
ENST00000438934.5	0.534
ENST00000438948.1	0.826
ENST00000439119.5	0.668
ENST00000439129.5	0.578
ENST00000439169.2	0.368
ENST00000439308.6	0.41
ENST00000439423.1	0.758
ENST00000439492.1	0.766
ENST00000439502.6	0.928
ENST00000439552.1	0.654
ENST00000439655.1	0.496
ENST00000439765.4	0.886
ENST00000439838.5	0.558
ENST00000440099.1	0.612
ENST00000440238.4	0.828
ENST00000440255.1	0.678
ENST00000440456.5	0.618
ENST00000440477.1	0.594
ENST00000440539.1	0.7
ENST00000440562.1	0.608
ENST00000440602.1	0.632
ENST00000440829.1	0.628
ENST00000440858.1	0.612
ENST00000440946.5	0.352
ENST00000440996.1	0.616
ENST00000440999.1	0.616
ENST00000441006.5	0.94
ENST00000441167.1	0.588
ENST00000441207.1	0.648
ENST00000441221.1	0.712
ENST00000441314.1	0.63
ENST00000441316.2	0.608
ENST00000441462.1	0.56
ENST00000441493.7	0.66
ENST00000441743.1	0.668
ENST00000441876.7	0.922
ENST00000441972.5	0.962
ENST00000441984.1	0.678
ENST00000442047.2	0.83
ENST00000442170.6	0.394
ENST00000442317.2	0.7
ENST00000442403.1	0.706
ENST00000442487.8	0.894
ENST00000442557.1	0.662
ENST00000442565.1	0.746
ENST00000442579.1	0.832
ENST00000442738.7	0.9
ENST00000442739.1	0.572
ENST00000442782.7	0.726
ENST00000442797.1	0.608
ENST00000442890.1	0.61
ENST00000443011.5	0.74
ENST00000443063.1	0.698
ENST00000443243.1	0.732
ENST00000443377.1	0.754
ENST00000443400.1	0.646
ENST00000443632.2	0.904
ENST00000443658.5	0.94
ENST00000443721.2	0.858
ENST00000443783.1	0.766
ENST00000443839.1	0.638
ENST00000443935.5	0.79
ENST00000443989.1	0.734
ENST00000444011.1	0.696
ENST00000444039.1	0.962
ENST00000444093.1	0.68
ENST00000444114.5	0.954
ENST00000444162.1	0.6
ENST00000444224.1	0.586
ENST00000444246.1	0.772
ENST00000444313.8	0.82
ENST00000444381.1	0.662
ENST00000444388.5	0.682
ENST00000444403.1	0.594
ENST00000444848.1	0.694
ENST00000444890.1	0.616
ENST00000444982.1	0.634
ENST00000444995.7	0.8
ENST00000445088.1	0.468
ENST00000445220.5	0.776
ENST00000445391.1	0.592
ENST00000445477.1	0.672
ENST00000445483.1	0.754
ENST00000445494.6	0.92
ENST00000445651.1	0.734
ENST00000445867.1	0.642
ENST00000446147.2	0.586
ENST00000446364.1	0.554
ENST00000446487.1	0.584
ENST00000446578.1	0.886
ENST00000446618.1	0.654
ENST00000446658.6	0.682
ENST00000446663.1	0.602
ENST00000446798.1	0.586
ENST00000447099.1	0.616
ENST00000447208.6	0.296
ENST00000447372.1	0.496
ENST00000447383.1	0.636
ENST00000447396.1	0.596
ENST00000447565.1	0.662
ENST00000447704.1	0.608
ENST00000447720.5	0.438
ENST00000447733.5	0.64
ENST00000447763.1	0.77
ENST00000447813.6	0.374
ENST00000447821.1	0.612
ENST00000447898.5	0.3
ENST00000447905.1	0.842
ENST00000448070.1	0.616
ENST00000448072.5	0.95
ENST00000448085.1	0.608
ENST00000448124.1	0.598
ENST00000448275.6	0.69
ENST00000448467.1	0.672
ENST00000448473.1	0.558
ENST00000448492.6	0.402
ENST00000448514.2	0.758
ENST00000448601.1	0.552
ENST00000448961.1	0.608
ENST00000449017.6	0.678
ENST00000449058.7	0.926
ENST00000449103.5	0.94
ENST00000449126.1	0.68
ENST00000449200.1	0.76
ENST00000449652.1	0.702
ENST00000449653.5	0.914
ENST00000449711.1	0.712
ENST00000449907.7	0.832
ENST00000449924.6	0.22
ENST00000450216.1	0.588
ENST00000450250.1	0.648
ENST00000450340.1	0.614
ENST00000450463.1	0.624
ENST00000450626.1	0.612
ENST00000450638.5	0.514
ENST00000450651.5	0.182
ENST00000450652.2	0.6
ENST00000450724.1	0.692
ENST00000450750.1	0.72
ENST00000450776.1	0.72
ENST00000450866.1	0.608
ENST00000450925.6	0.442
ENST00000451060.6	0.252
ENST00000451166.5	0.5
ENST00000451219.1	0.592
ENST00000451224.1	0.642
ENST00000451256.6	0.328
ENST00000451257.5	0.428
ENST00000451283.5	0.89
ENST00000451997.6	0.656
ENST00000452055.5	0.688
ENST00000452138.3	0.914
ENST00000452181.2	0.568
ENST00000452284.1	0.824
ENST00000452297.1	0.622
ENST00000452326.1	0.598
ENST00000452952.1	0.686
ENST00000453285.1	0.612
ENST00000453336.5	0.634
ENST00000453344.6	0.92
ENST00000453395.5	0.684
ENST00000453421.1	0.616
ENST00000453616.1	0.67
ENST00000453634.5	0.69
ENST00000453679.1	0.674
ENST00000453783.2	0.474
ENST00000453811.1	0.63
ENST00000453835.1	0.718
ENST00000453866.1	0.748
ENST00000453924.1	0.696
ENST00000453934.1	0.722
ENST00000453999.1	0.644
ENST00000454123.1	0.674
ENST00000454268.1	0.728
ENST00000454349.7	0.746
ENST00000454360.1	0.616
ENST00000454366.2	0.912
ENST00000454387.1	0.612
ENST00000454439.1	0.552
ENST00000454525.1	0.594
ENST00000454534.1	0.582
ENST00000454637.2	0.708
ENST00000454685.6	0.608
ENST00000454863.4	0.684
ENST00000454926.1	0.662
ENST00000455236.4	0.556
ENST00000455251.1	0.608
ENST00000455418.7	0.488
ENST00000455617.1	0.64
ENST00000455784.7	0.338
ENST00000455843.5	0.38
ENST00000455915.6	0.888
ENST00000456035.1	0.69
ENST00000456048.5	0.914
ENST00000456099.1	0.526
ENST00000456143.1	0.646
ENST00000456225.1	0.606
ENST00000456260.1	0.608
ENST00000456726.5	0.548
ENST00000456740.1	0.59
ENST00000456786.2	0.606
ENST00000457193.1	0.682
ENST00000457250.5	0.704
ENST00000457251.1	0.606
ENST00000457518.1	0.564
ENST00000457780.3	0.874
ENST00000457911.1	0.484
ENST00000458080.1	0.59
ENST00000458154.1	0.624
ENST00000458178.2	0.732
ENST00000458183.1	0.658
ENST00000458366.1	0.672
ENST00000458450.1	0.636
ENST00000458463.1	0.618
ENST00000458578.6	0.262
ENST00000458673.1	0.706
ENST00000458718.2	0.594
ENST00000458891.1	0.604
ENST00000459160.1	0.556
ENST00000459176.1	0.616
ENST00000459276.2	0.682
ENST00000459538.1	0.572
ENST00000460077.1	0.602
ENST00000460648.5	0.29
ENST00000461286.4	0.82
ENST00000461808.5	0.848
ENST00000462330.5	0.35
ENST00000463675.6	0.286
ENST00000463821.3	0.636
ENST00000464581.6	0.396
ENST00000464862.3	0.584
ENST00000466237.2	0.314
ENST00000466375.2	0.652
ENST00000466709.3	0.582
ENST00000467672.5	0.95
ENST00000467969.3	0.706
ENST00000468873.3	0.664
ENST00000469522.1	0.9
ENST00000470701.1	0.322
ENST00000470753.1	0.92
ENST00000472240.1	0.654
ENST00000472374.6	0.38
ENST00000473717.1	0.738
ENST00000474879.7	0.59
ENST00000474897.6	0.724
ENST00000476077.1	0.936
ENST00000476315.2	0.638
ENST00000476405.1	0.926
ENST00000476875.1	0.614
ENST00000478699.2	0.7
ENST00000479606.5	0.55
ENST00000480246.1	0.72
ENST00000480559.6	0.758
ENST00000481698.1	0.52
ENST00000484558.3	0.314
ENST00000484682.2	0.816
ENST00000485262.3	0.578
ENST00000485358.5	0.392
ENST00000486209.5	0.806
ENST00000487577.5	0.564
ENST00000488684.5	0.85
ENST00000488827.3	0.684
ENST00000488974.3	0.584
ENST00000490007.2	0.656
ENST00000490103.6	0.93
ENST00000491172.3	0.672
ENST00000491939.6	0.446
ENST00000492273.1	0.488
ENST00000493680.5	0.946
ENST00000493696.2	0.456
ENST00000493791.3	0.696
ENST00000494035.1	0.286
ENST00000496226.1	0.426
ENST00000496490.3	0.632
ENST00000496652.5	0.586
ENST00000498589.1	0.598
ENST00000498737.8	0.902
ENST00000504184.3	0.75
ENST00000505920.1	0.71
ENST00000506039.1	0.502
ENST00000506079.2	0.76
ENST00000506097.1	0.63
ENST00000508033.1	0.658
ENST00000508880.1	0.622
ENST00000509460.2	0.406
ENST00000510112.1	0.766
ENST00000510265.2	0.686
ENST00000510957.1	0.86
ENST00000511549.1	0.766
ENST00000512987.2	0.844
ENST00000513758.2	0.714
ENST00000514371.1	0.638
ENST00000516081.1	0.594
ENST00000516104.1	0.492
ENST00000516131.1	0.582
ENST00000516143.1	0.584
ENST00000516176.1	0.508
ENST00000516211.1	0.612
ENST00000516334.1	0.612
ENST00000516416.1	0.6
ENST00000516458.1	0.606
ENST00000516603.1	0.592
ENST00000516794.1	0.576
ENST00000517050.1	0.52
ENST00000517100.1	0.62
ENST00000517198.2	0.642
ENST00000517313.1	0.59
ENST00000517477.1	0.602
ENST00000517690.1	0.626
ENST00000517943.2	0.708
ENST00000518003.1	0.7
ENST00000518356.1	0.606
ENST00000518405.1	0.644
ENST00000518475.1	0.644
ENST00000518581.1	0.608
ENST00000519099.1	0.628
ENST00000519296.1	0.64
ENST00000519345.1	0.642
ENST00000519446.1	0.718
ENST00000519525.1	0.632
ENST00000519670.1	0.612
ENST00000519790.1	0.866
ENST00000519982.1	0.714
ENST00000520084.1	0.702
ENST00000520107.1	0.73
ENST00000520218.1	0.608
ENST00000520222.1	0.278
ENST00000520445.1	0.608
ENST00000520681.1	0.632
ENST00000520756.1	0.618
ENST00000521183.1	0.652
ENST00000521342.1	0.636
ENST00000521497.2	0.748
ENST00000521832.1	0.598
ENST00000521893.1	0.608
ENST00000521969.2	0.654
ENST00000522485.1	0.638
ENST00000522922.1	0.732
ENST00000522952.1	0.64
ENST00000523272.1	0.73
ENST00000523309.2	0.75
ENST00000523314.1	0.736
ENST00000523713.1	0.598
ENST00000523725.1	0.646
ENST00000523818.1	0.604
ENST00000523937.1	0.6
ENST00000524184.1	0.714
ENST00000524362.1	0.598
ENST00000526089.1	0.644
ENST00000526893.6	0.88
ENST00000527701.5	0.678
ENST00000529621.1	0.888
ENST00000529632.6	0.848
ENST00000531372.1	0.85
ENST00000532223.2	0.818
ENST00000532431.1	0.536
ENST00000532913.1	0.572
ENST00000533313.5	0.69
ENST00000535113.7	0.786
ENST00000535268.5	0.974
ENST00000535425.5	0.748
ENST00000535622.6	0.684
ENST00000536101.5	0.808
ENST00000536718.3	0.69
ENST00000537045.5	0.282
ENST00000538149.5	0.406
ENST00000538320.5	0.552
ENST00000538999.1	0.678
ENST00000540615.5	0.744
ENST00000540643.5	0.716
ENST00000540833.1	0.834
ENST00000540910.5	0.756
ENST00000540952.6	0.71
ENST00000541492.1	0.338
ENST00000542393.5	0.402
ENST00000542719.6	0.294
ENST00000543133.5	0.888
ENST00000543184.5	0.884
ENST00000543212.5	0.528
ENST00000543737.2	0.802
ENST00000543927.6	0.782
ENST00000544408.5	0.826
ENST00000544604.7	0.96
ENST00000544786.1	0.376
ENST00000545383.5	0.714
ENST00000545681.2	0.25
ENST00000545799.5	0.336
ENST00000548391.1	0.75
ENST00000551952.5	0.396
ENST00000558085.6	0.324
ENST00000558766.1	0.648
ENST00000560933.5	0.632
ENST00000562756.1	0.626
ENST00000563715.1	0.59
ENST00000564152.1	0.648
ENST00000564696.1	0.664
ENST00000565162.2	0.688
ENST00000565764.1	0.954
ENST00000566814.1	0.66
ENST00000566851.5	0.95
ENST00000569912.1	0.706
ENST00000577998.1	0.64
ENST00000578108.1	0.546
ENST00000578179.1	0.506
ENST00000578320.1	0.606
ENST00000579233.2	0.668
ENST00000579518.1	0.514
ENST00000579667.1	0.544
ENST00000580133.2	0.778
ENST00000580330.1	0.616
ENST00000580680.1	0.606
ENST00000580767.3	0.614
ENST00000580946.1	0.65
ENST00000581025.1	0.602
ENST00000581461.1	0.596
ENST00000582434.1	0.688
ENST00000582688.1	0.66
ENST00000583102.1	0.614
ENST00000583386.1	0.608
ENST00000583722.5	0.758
ENST00000583777.5	0.862
ENST00000583861.1	0.742
ENST00000584704.1	0.65
ENST00000585003.1	0.652
ENST00000585038.1	0.586
ENST00000585066.1	0.74
ENST00000585261.1	0.584
ENST00000588548.1	0.566
ENST00000591299.1	0.968
ENST00000592107.5	0.958
ENST00000592918.5	0.958
ENST00000593866.5	0.722
ENST00000595093.1	0.604
ENST00000595102.5	0.608
ENST00000595777.5	0.606
ENST00000596334.5	0.488
ENST00000596813.1	0.598
ENST00000597284.5	0.612
ENST00000597548.5	0.598
ENST00000597614.6	0.61
ENST00000597664.6	0.694
ENST00000598339.5	0.548
ENST00000600090.1	0.628
ENST00000600211.5	0.608
ENST00000600617.5	0.488
ENST00000600723.1	0.706
ENST00000600968.5	0.754
ENST00000601746.5	0.516
ENST00000602478.1	0.706
ENST00000602718.1	0.64
ENST00000602847.1	0.692
ENST00000602955.1	0.694
ENST00000603208.1	0.67
ENST00000603243.1	0.748
ENST00000604037.1	0.61
ENST00000604539.1	0.634
ENST00000605217.1	0.616
ENST00000605258.1	0.61
ENST00000605398.1	0.616
ENST00000605505.1	0.612
ENST00000606538.5	0.916
ENST00000607893.2	0.768
ENST00000607915.5	0.704
ENST00000607919.1	0.682
ENST00000607927.1	0.718
ENST00000607934.1	0.466
ENST00000607942.5	0.798
ENST00000607943.1	0.736
ENST00000607991.1	0.668
ENST00000608014.1	0.648
ENST00000608016.1	0.704
ENST00000608025.2	0.532
ENST00000608275.1	0.744
ENST00000608286.1	0.46
ENST00000608290.1	0.952
ENST00000608319.1	0.632
ENST00000608354.1	0.762
ENST00000608373.1	0.63
ENST00000608615.1	0.76
ENST00000608642.6	0.624
ENST00000608644.1	0.61
ENST00000608677.1	0.648
ENST00000608816.1	0.684
ENST00000608842.1	0.826
ENST00000608856.1	0.59
ENST00000608921.5	0.604
ENST00000608926.1	0.594
ENST00000608952.1	0.67
ENST00000609017.1	0.698
ENST00000609038.1	0.66
ENST00000609073.1	0.658
ENST00000609157.5	0.606
ENST00000609162.1	0.66
ENST00000609178.1	0.68
ENST00000609191.1	0.656
ENST00000609206.2	0.614
ENST00000609212.1	0.608
ENST00000609265.1	0.636
ENST00000609268.2	0.686
ENST00000609275.5	0.594
ENST00000609279.1	0.74
ENST00000609322.1	0.664
ENST00000609330.1	0.658
ENST00000609428.1	0.492
ENST00000609432.1	0.676
ENST00000609454.5	0.45
ENST00000609475.1	0.676
ENST00000609510.1	0.702
ENST00000609602.1	0.748
ENST00000609612.1	0.632
ENST00000609632.1	0.732
ENST00000609641.1	0.616
ENST00000609644.5	0.624
ENST00000609679.1	0.41
ENST00000609736.1	0.712
ENST00000609758.1	0.682
ENST00000609791.1	0.688
ENST00000609799.6	0.622
ENST00000609809.1	0.594
ENST00000609820.5	0.604
ENST00000609825.1	0.696
ENST00000609932.5	0.638
ENST00000609936.1	0.642
ENST00000609958.1	0.628
ENST00000609964.1	0.632
ENST00000609976.1	0.69
ENST00000610000.1	0.64
ENST00000610050.1	0.65
ENST00000610143.1	0.664
ENST00000610170.1	0.686
ENST00000610186.6	0.628
ENST00000610215.1	0.576
ENST00000610217.1	0.686
ENST00000610245.1	0.688
ENST00000610278.1	0.734
ENST00000610338.1	0.706
ENST00000610372.4	0.756
ENST00000610390.4	0.766
ENST00000610595.4	0.74
ENST00000610653.4	0.794
ENST00000610654.1	0.638
ENST00000610737.1	0.774
ENST00000610767.4	0.78
ENST00000610778.1	0.686
ENST00000610913.2	0.836
ENST00000610936.4	0.828
ENST00000610940.4	0.624
ENST00000610959.4	0.902
ENST00000611117.1	0.696
ENST00000611155.4	0.242
ENST00000611168.1	0.576
ENST00000611186.1	0.762
ENST00000611222.1	0.438
ENST00000611394.4	0.666
ENST00000611403.1	0.608
ENST00000611508.1	0.608
ENST00000611529.1	0.606
ENST00000611540.4	0.65
ENST00000611543.4	0.732
ENST00000611648.2	0.8
ENST00000611680.1	0.524
ENST00000611699.1	0.906
ENST00000611738.4	0.42
ENST00000611748.1	0.306
ENST00000611762.1	0.634
ENST00000611876.1	0.658
ENST00000611880.4	0.656
ENST00000612115.1	0.684
ENST00000612341.4	0.634
ENST00000612432.4	0.736
ENST00000612482.4	0.832
ENST00000612550.1	0.606
ENST00000612579.4	0.278
ENST00000612582.1	0.754
ENST00000612619.1	0.794
ENST00000612732.1	0.608
ENST00000612753.5	0.958
ENST00000612861.1	0.6
ENST00000612946.4	0.892
ENST00000612964.1	0.638
ENST00000612978.5	0.714
ENST00000613107.1	0.606
ENST00000613185.1	0.614
ENST00000613562.1	0.654
ENST00000613597.1	0.742
ENST00000613655.1	0.868
ENST00000613656.1	0.744
ENST00000613677.4	0.872
ENST00000613748.1	0.682
ENST00000613780.4	0.888
ENST00000613850.4	0.764
ENST00000613996.1	0.818
ENST00000614001.1	0.92
ENST00000614167.2	0.824
ENST00000614184.1	0.738
ENST00000614234.1	0.614
ENST00000614296.1	0.612
ENST00000614553.1	0.812
ENST00000614584.1	0.59
ENST00000614590.1	0.526
ENST00000614596.2	0.752
ENST00000614690.1	0.614
ENST00000614754.4	0.55
ENST00000614808.1	0.652
ENST00000614827.1	0.706
ENST00000614949.4	0.148
ENST00000614967.4	0.838
ENST00000615003.4	0.752
ENST00000615096.4	0.832
ENST00000615189.5	0.96
ENST00000615579.1	0.616
ENST00000615588.1	0.606
ENST00000615612.2	0.8
ENST00000615943.1	0.6
ENST00000615981.1	0.63
ENST00000616056.4	0.7
ENST00000616187.1	0.682
ENST00000616239.1	0.596
ENST00000616349.4	0.668
ENST00000616394.1	0.628
ENST00000616432.4	0.658
ENST00000616615.4	0.47
ENST00000616792.1	0.646
ENST00000616842.1	0.78
ENST00000616863.4	0.406
ENST00000617016.1	0.676
ENST00000617066.4	0.678
ENST00000617123.1	0.796
ENST00000617178.4	0.154
ENST00000617303.4	0.734
ENST00000617531.4	0.532
ENST00000617561.1	0.63
ENST00000617623.1	0.558
ENST00000617624.1	0.6
ENST00000617625.1	0.666
ENST00000617743.1	0.634
ENST00000617763.1	0.908
ENST00000617837.4	0.734
ENST00000617926.4	0.7
ENST00000618076.3	0.726
ENST00000618197.1	0.602
ENST00000618236.2	0.682
ENST00000618417.1	0.526
ENST00000618466.1	0.718
ENST00000618481.4	0.454
ENST00000618517.4	0.442
ENST00000618518.3	0.95
ENST00000618553.1	0.826
ENST00000618722.4	0.766
ENST00000618747.1	0.608
ENST00000618919.1	0.664
ENST00000619065.1	0.604
ENST00000619146.1	0.742
ENST00000619172.5	0.434
ENST00000619227.4	0.702
ENST00000619293.1	0.642
ENST00000619378.1	0.614
ENST00000619464.1	0.52
ENST00000619644.4	0.556
ENST00000619645.1	0.62
ENST00000619710.4	0.254
ENST00000619735.4	0.914
ENST00000619803.1	0.5
ENST00000619837.1	0.53
ENST00000619894.1	0.594
ENST00000619906.4	0.342
ENST00000619915.1	0.886
ENST00000619918.1	0.612
ENST00000619998.1	0.766
ENST00000620069.1	0.61
ENST00000620191.4	0.816
ENST00000620312.4	0.396
ENST00000620368.1	0.638
ENST00000620395.2	0.798
ENST00000620649.1	0.654
ENST00000620651.4	0.504
ENST00000620749.1	0.608
ENST00000620804.1	0.6
ENST00000620909.1	0.598
ENST00000621062.4	0.796
ENST00000621082.2	0.886
ENST00000621118.4	0.73
ENST00000621179.5	0.884
ENST00000621190.1	0.582
ENST00000621271.4	0.798
ENST00000621315.1	0.644
ENST00000621462.4	0.796
ENST00000621561.5	0.71
ENST00000621576.1	0.608
ENST00000621704.4	0.8
ENST00000621762.1	0.736
ENST00000621807.1	0.716
ENST00000621833.4	0.322
ENST00000622122.1	0.67
ENST00000622217.3	0.83
ENST00000622235.5	0.754
ENST00000622344.1	0.628
ENST00000622493.4	0.66
ENST00000622558.4	0.23
ENST00000622694.5	0.892
ENST00000622821.1	0.608
ENST00000622841.1	0.316
ENST00000622906.1	0.598
ENST00000623027.1	0.622
ENST00000623063.3	0.914
ENST00000623075.1	0.704
ENST00000623117.1	0.682
ENST00000623197.1	0.614
ENST00000623199.1	0.698
ENST00000623239.1	0.624
ENST00000623328.1	0.654
ENST00000623391.1	0.708
ENST00000623402.1	0.788
ENST00000623420.1	0.684
ENST00000623422.1	0.7
ENST00000623440.1	0.728
ENST00000623446.1	0.634
ENST00000623458.1	0.608
ENST00000623490.1	0.702
ENST00000623531.1	0.654
ENST00000623543.1	0.658
ENST00000623570.1	0.634
ENST00000623572.1	0.576
ENST00000623630.1	0.566
ENST00000623632.4	0.396
ENST00000623684.1	0.71
ENST00000623717.1	0.608
ENST00000623726.1	0.708
ENST00000623735.2	0.738
ENST00000623740.1	0.7
ENST00000623759.1	0.744
ENST00000623760.1	0.676
ENST00000623789.1	0.662
ENST00000623814.1	0.64
ENST00000623888.1	0.67
ENST00000623947.1	0.616
ENST00000623969.1	0.71
ENST00000623980.1	0.694
ENST00000624001.2	0.744
ENST00000624072.1	0.694
ENST00000624101.1	0.646
ENST00000624155.2	0.602
ENST00000624215.1	0.624
ENST00000624219.1	0.596
ENST00000624224.1	0.64
ENST00000624234.3	0.888
ENST00000624255.1	0.646
ENST00000624264.1	0.704
ENST00000624344.1	0.638
ENST00000624350.1	0.702
ENST00000624395.1	0.668
ENST00000624442.1	0.638
ENST00000624459.2	0.464
ENST00000624605.1	0.648
ENST00000624617.1	0.71
ENST00000624619.1	0.606
ENST00000624656.1	0.698
ENST00000624792.1	0.612
ENST00000624818.1	0.696
ENST00000624862.3	0.788
ENST00000624882.1	0.692
ENST00000624893.1	0.612
ENST00000624919.1	0.696
ENST00000624923.1	0.712
ENST00000624945.1	0.702
ENST00000625038.1	0.68
ENST00000625043.1	0.628
ENST00000625157.1	0.706
ENST00000625194.4	0.302
ENST00000625572.1	0.436
ENST00000626012.2	0.934
ENST00000626321.1	0.726
ENST00000626352.2	0.948
ENST00000626627.1	0.712
ENST00000626650.3	0.958
ENST00000626825.1	0.398
ENST00000627127.1	0.406
ENST00000628442.1	0.59
ENST00000628507.1	0.59
ENST00000629028.1	0.634
ENST00000629517.1	0.716
ENST00000629590.2	0.768
ENST00000629597.2	0.402
ENST00000629659.2	0.888
ENST00000629688.1	0.46
ENST00000629843.2	0.84
ENST00000629869.1	0.914
ENST00000629918.1	0.378
ENST00000630584.1	0.648
ENST00000630737.1	0.608
ENST00000631502.1	0.722
ENST00000632196.1	0.69
ENST00000633827.1	0.762
ENST00000634017.1	0.63
ENST00000634116.1	0.732
ENST00000634617.1	0.682
ENST00000634759.1	0.778
ENST00000635667.1	0.62
ENST00000635920.1	0.6
ENST00000636243.1	0.662
ENST00000636418.1	0.682
ENST00000636648.1	0.584
ENST00000636714.1	0.338
ENST00000636884.1	0.914
ENST00000637069.1	0.804
ENST00000637163.1	0.502
ENST00000637415.1	0.616
ENST00000637666.2	0.416
ENST00000637734.1	0.642
ENST00000637740.1	0.766
ENST00000637854.1	0.732
ENST00000638240.1	0.732
ENST00000639500.1	0.682
ENST00000639507.1	0.732
ENST00000639722.1	0.38
ENST00000639755.1	0.594
ENST00000639904.1	0.524
ENST00000640084.1	0.678
ENST00000640124.1	0.578
ENST00000640159.2	0.746
ENST00000640274.1	0.662
ENST00000640901.1	0.27
ENST00000641242.1	0.512
ENST00000641337.1	0.672
ENST00000641466.1	0.628
ENST00000641533.1	0.7
ENST00000641789.2	0.72
ENST00000641915.1	0.696
ENST00000641933.1	0.616
ENST00000641967.1	0.854
ENST00000642075.1	0.494
ENST00000642172.1	0.576
ENST00000642412.2	0.936
ENST00000642696.1	0.778
ENST00000642974.1	0.662
ENST00000643137.1	0.38
ENST00000643195.1	0.648
ENST00000643267.1	0.624
ENST00000643270.1	0.482
ENST00000643316.1	0.702
ENST00000644036.2	0.886
ENST00000644076.1	0.804
ENST00000644331.1	0.692
ENST00000644773.2	0.892
ENST00000644935.1	0.496
ENST00000645015.1	0.84
ENST00000645190.1	0.926
ENST00000645361.2	0.864
ENST00000645407.1	0.734
ENST00000645560.1	0.652
ENST00000645711.1	0.668
ENST00000646124.2	0.944
ENST00000646465.1	0.758
ENST00000646701.1	0.746
ENST00000646755.1	0.752
ENST00000646969.1	0.75
ENST00000647438.1	0.746
ENST00000647629.1	0.76
ENST00000647684.1	0.904
ENST00000647971.1	0.702
ENST00000648057.3	0.668
ENST00000648313.1	0.616
ENST00000648350.1	0.246
ENST00000648629.1	0.638
ENST00000648674.1	0.874
ENST00000649077.1	0.508
ENST00000649082.1	0.666
ENST00000649276.2	0.786
ENST00000649288.1	0.718
ENST00000649455.1	0.654
ENST00000649479.1	0.184
ENST00000649540.1	0.804
ENST00000649563.1	0.404
ENST00000649765.2	0.96
ENST00000650168.1	0.792
ENST00000650281.1	0.436
ENST00000650352.1	0.622
ENST00000650444.1	0.726
ENST00000650462.1	0.554
ENST00000650500.2	0.794
ENST00000650698.1	0.796
ENST00000650737.1	0.648
ENST00000650827.1	0.72
ENST00000650884.1	0.32
ENST00000650895.1	0.416
ENST00000650924.1	0.464
ENST00000651059.1	0.574
ENST00000651270.1	0.384
ENST00000651403.1	0.276
ENST00000651432.1	0.532
ENST00000651445.1	0.456
ENST00000651458.1	0.342
ENST00000651475.1	0.744
ENST00000651528.2	0.772
ENST00000651538.1	0.406
ENST00000651595.2	0.688
ENST00000651629.1	0.74
ENST00000651679.1	0.644
ENST00000651884.1	0.534
ENST00000651939.1	0.378
ENST00000651948.2	0.226
ENST00000652019.1	0.67
ENST00000652021.1	0.872
ENST00000652053.1	0.72
ENST00000652072.1	0.35
ENST00000652080.1	0.388
ENST00000652095.2	0.736
ENST00000652112.1	0.304
ENST00000652221.1	0.422
ENST00000652248.1	0.338
ENST00000652395.1	0.652
ENST00000652399.1	0.36
ENST00000652418.1	0.486
ENST00000652479.1	0.652
ENST00000652589.1	0.63
ENST00000652607.1	0.73
ENST00000652665.1	0.544
ENST00000652967.1	0.494
ENST00000653280.1	0.558
ENST00000653461.1	0.83
ENST00000653554.1	0.68
ENST00000653890.1	0.56
ENST00000654009.1	0.534
ENST00000654032.1	0.94
ENST00000654206.1	0.672
ENST00000654264.1	0.566
ENST00000654355.1	0.474
ENST00000654656.1	0.726
ENST00000655902.1	0.7
ENST00000655996.1	0.72
ENST00000656324.1	0.582
ENST00000656328.1	0.8
ENST00000656432.1	0.81
ENST00000656483.1	0.646
ENST00000656592.1	0.832
ENST00000656882.1	0.604
ENST00000656940.1	0.6
ENST00000657505.1	0.7
ENST00000657566.1	0.4
ENST00000657645.1	0.676
ENST00000657960.1	0.55
ENST00000657965.1	0.5
ENST00000658236.1	0.556
ENST00000658273.1	0.74
ENST00000658349.1	0.806
ENST00000658408.1	0.596
ENST00000658411.1	0.714
ENST00000658453.1	0.684
ENST00000658755.1	0.556
ENST00000659039.1	0.758
ENST00000659388.1	0.74
ENST00000660610.1	0.664
ENST00000660776.1	0.474
ENST00000661115.1	0.214
ENST00000661156.1	0.908
ENST00000661218.1	0.64
ENST00000661466.1	0.6
ENST00000661478.1	0.654
ENST00000661649.1	0.604
ENST00000661676.1	0.656
ENST00000662004.1	0.66
ENST00000662119.1	0.656
ENST00000662299.1	0.638
ENST00000662373.1	0.612
ENST00000662963.1	0.698
ENST00000663895.1	0.732
ENST00000663925.1	0.72
ENST00000664057.1	0.672
ENST00000664402.1	0.712
ENST00000664587.1	0.706
ENST00000664614.1	0.676
ENST00000664761.1	0.382
ENST00000664918.1	0.752
ENST00000664954.1	0.71
ENST00000665376.1	0.432
ENST00000665418.1	0.33
ENST00000665458.1	0.534
ENST00000665497.1	0.67
ENST00000665505.1	0.438
ENST00000665507.1	0.574
ENST00000666116.1	0.816
ENST00000666255.1	0.72
ENST00000666567.1	0.772
ENST00000666674.1	0.754
ENST00000666731.1	0.638
ENST00000666755.1	0.624
ENST00000666898.1	0.772
ENST00000667077.1	0.724
ENST00000667186.2	0.702
ENST00000667521.1	0.744
ENST00000667675.1	0.702
ENST00000667786.1	0.65
ENST00000667851.1	0.478
ENST00000668059.1	0.734
ENST00000668175.1	0.56
ENST00000668323.1	0.626
ENST00000668433.1	0.616
ENST00000668496.1	0.656
ENST00000668614.1	0.626
ENST00000668666.1	0.928
ENST00000668765.1	0.662
ENST00000668949.1	0.716
ENST00000668996.1	0.744
ENST00000669665.1	0.752
ENST00000669899.1	0.582
ENST00000669957.1	0.592
ENST00000670559.1	0.676
ENST00000670661.1	0.928
ENST00000670988.1	0.618
ENST00000672036.2	0.738
ENST00000672261.1	0.702
ENST00000672896.1	0.92
ENST00000673554.1	0.608
ENST00000673993.1	0.518
ENST00000674155.1	0.92
ENST00000674500.2	0.844
ENST00000674568.2	0.266
ENST00000674668.1	0.664
ENST00000674780.1	0.734
ENST00000674789.1	0.608
ENST00000674835.2	0.306
ENST00000674920.3	0.888
ENST00000674999.1	0.632
ENST00000675277.1	0.628
ENST00000675416.1	0.654
ENST00000675582.2	0.222
ENST00000675671.1	0.826
ENST00000676070.1	0.636
ENST00000676104.1	0.742
ENST00000676126.1	0.664
ENST00000676132.1	0.636
ENST00000676309.1	0.588
ENST00000676346.2	0.26
ENST00000676370.1	0.63
ENST00000676430.1	0.872
ENST00000676678.1	0.42
ENST00000676748.1	0.416
ENST00000676792.1	0.384
ENST00000677153.1	0.36
ENST00000677532.1	0.342
ENST00000677554.1	0.338
ENST00000677622.1	0.432
ENST00000677931.1	0.232
ENST00000678255.1	0.34
ENST00000678269.1	0.372
ENST00000678769.1	0.33
ENST00000678788.1	0.356
ENST00000678868.1	0.28
ENST00000679074.1	0.346
ENST00000679477.1	0.506
ENST00000679534.1	0.548
ENST00000679540.1	0.94
ENST00000679723.1	0.328
ENST00000679776.1	0.24
ENST00000679795.1	0.928
ENST00000679827.1	0.472
ENST00000679963.1	0.784
ENST00000680061.1	0.53
ENST00000680094.1	0.498
ENST00000680109.1	0.456
ENST00000680175.1	0.766
ENST00000680378.1	0.346
ENST00000680393.1	0.49
ENST00000680446.1	0.932
ENST00000680578.1	0.67
ENST00000680748.1	0.918
ENST00000680860.1	0.416
ENST00000680978.1	0.38
ENST00000681338.1	0.922
ENST00000681956.1	0.916
ENST00000682224.1	0.662
ENST00000682240.1	0.818
ENST00000682920.1	0.688
ENST00000683024.1	0.972
ENST00000683034.1	0.806
ENST00000683374.1	0.298
ENST00000683686.1	0.366
ENST00000684488.1	0.852
ENST00000684666.1	0.756
