pbid	count_fl	norm_fl
PB.3796.1	2	3.6e-07
PB.3796.2	2	3.6e-07
PB.3797.1	2	3.6e-07
PB.3798.1	2	3.6e-07
PB.3799.1	3	5.3e-07
PB.3799.2	2	3.6e-07
PB.3803.1	2	3.6e-07
PB.3803.3	6	1.1e-06
PB.3804.1	5	8.9e-07
PB.3804.2	17	3e-06
PB.3808.1	2	3.6e-07
PB.3810.4	28	5e-06
PB.3810.5	2	3.6e-07
PB.3811.2	2	3.6e-07
PB.3811.3	2	3.6e-07
PB.3812.1	2	3.6e-07
PB.3812.2	4	7.1e-07
PB.3813.1	4	7.1e-07
PB.3814.2	3	5.3e-07
PB.3814.4	2	3.6e-07
PB.3815.1	3	5.3e-07
PB.3818.1	2	3.6e-07
PB.3819.1	2	3.6e-07
PB.3820.1	10	1.8e-06
PB.3820.2	2	3.6e-07
PB.3820.3	9	1.6e-06
PB.3820.4	2	3.6e-07
PB.3820.5	2	3.6e-07
PB.3821.1	21	3.7e-06
PB.3821.2	46	8.2e-06
PB.3821.3	2	3.6e-07
PB.3821.4	2	3.6e-07
PB.3821.5	2	3.6e-07
PB.3821.6	3	5.3e-07
PB.3821.7	4	7.1e-07
PB.3822.1	2	3.6e-07
PB.3823.1	6	1.1e-06
PB.3826.1	2	3.6e-07
PB.3827.1	28	5e-06
PB.3827.2	48	8.6e-06
PB.3827.3	5	8.9e-07
PB.3827.4	4	7.1e-07
PB.3827.5	4	7.1e-07
PB.3827.6	2	3.6e-07
PB.3827.7	2	3.6e-07
PB.3828.1	2	3.6e-07
PB.3828.2	2	3.6e-07
PB.3829.1	2	3.6e-07
PB.3830.3	2	3.6e-07
PB.3830.4	2	3.6e-07
PB.3831.1	3	5.3e-07
PB.3831.3	4	7.1e-07
PB.3831.4	2	3.6e-07
PB.3831.5	2	3.6e-07
PB.3833.1	2	3.6e-07
PB.3833.2	2	3.6e-07
PB.3835.1	2	3.6e-07
PB.3836.1	5	8.9e-07
PB.3836.2	2	3.6e-07
PB.3836.3	5	8.9e-07
PB.3836.4	2	3.6e-07
PB.3838.1	4	7.1e-07
PB.3838.2	2	3.6e-07
PB.3841.11	3	5.3e-07
PB.3841.12	2	3.6e-07
PB.3841.13	428	7.6e-05
PB.3841.14	9	1.6e-06
PB.3841.15	2	3.6e-07
PB.3841.16	2	3.6e-07
PB.3841.21	2	3.6e-07
PB.3841.24	2	3.6e-07
PB.3843.1	3	5.3e-07
PB.3844.1	18	3.2e-06
PB.3844.2	2	3.6e-07
PB.3845.1	2	3.6e-07
PB.3846.1	2	3.6e-07
PB.3848.1	2	3.6e-07
PB.3851.1	2	3.6e-07
PB.3852.3	3	5.3e-07
PB.3853.1	43	7.7e-06
PB.3853.2	15	2.7e-06
PB.3854.1	2	3.6e-07
PB.3855.1	4	7.1e-07
PB.3856.1	2	3.6e-07
PB.3857.1	2	3.6e-07
PB.3858.1	4	7.1e-07
PB.3860.1	2	3.6e-07
PB.3861.1	6	1.1e-06
PB.3861.2	7	1.2e-06
PB.3861.3	2	3.6e-07
PB.3863.3	2	3.6e-07
PB.3863.4	2	3.6e-07
PB.3863.5	2	3.6e-07
PB.3863.6	4	7.1e-07
PB.3865.1	3	5.3e-07
PB.3865.2	8	1.4e-06
PB.3865.3	2	3.6e-07
PB.3867.2	2	3.6e-07
PB.3868.1	66	1.2e-05
PB.3869.4	3	5.3e-07
PB.3870.1	2	3.6e-07
PB.3871.1	2	3.6e-07
PB.3872.1	7	1.2e-06
PB.3872.2	3	5.3e-07
PB.3872.3	7	1.2e-06
PB.3873.2	4	7.1e-07
PB.3873.3	2	3.6e-07
PB.3875.1	63	1.1e-05
PB.3876.1	6	1.1e-06
PB.3876.2	12	2.1e-06
PB.3876.3	3	5.3e-07
PB.3876.4	2	3.6e-07
PB.3876.5	15	2.7e-06
PB.3876.6	3	5.3e-07
PB.3876.7	3	5.3e-07
PB.3877.1	42	7.5e-06
PB.3877.4	2	3.6e-07
PB.3877.5	14	2.5e-06
PB.3877.6	18	3.2e-06
PB.3878.1	3	5.3e-07
PB.8631.2	2	3.6e-07
PB.8632.1	2	3.6e-07
PB.8632.2	2	3.6e-07
PB.8633.1	2	3.6e-07
PB.8635.1	2	3.6e-07
PB.8637.1	9	1.6e-06
PB.8639.2	12	2.1e-06
PB.8639.5	3	5.3e-07
PB.8639.6	4	7.1e-07
PB.8639.7	2	3.6e-07
PB.8639.8	2	3.6e-07
PB.8640.1	4	7.1e-07
PB.8641.1	2	3.6e-07
PB.8643.2	2	3.6e-07
PB.8644.1	2	3.6e-07
PB.8645.1	2	3.6e-07
PB.8645.2	2	3.6e-07
PB.8646.1	4	7.1e-07
PB.8646.2	5	8.9e-07
PB.8649.2	5	8.9e-07
PB.8649.3	4	7.1e-07
PB.8649.5	4	7.1e-07
PB.8649.6	4	7.1e-07
PB.8652.2	2	3.6e-07
PB.8653.1	2	3.6e-07
PB.8654.1	3	5.3e-07
PB.8655.1	5	8.9e-07
PB.8655.3	12	2.1e-06
PB.8656.1	2	3.6e-07
PB.8656.2	2	3.6e-07
PB.8657.1	2	3.6e-07
PB.8658.1	2	3.6e-07
PB.8661.1	4	7.1e-07
PB.8661.2	2	3.6e-07
PB.8661.4	2	3.6e-07
PB.8662.1	5	8.9e-07
PB.8662.2	5	8.9e-07
PB.8662.3	2	3.6e-07
PB.8662.4	7	1.2e-06
PB.8663.1	4	7.1e-07
PB.8665.2	4	7.1e-07
PB.8666.1	2	3.6e-07
PB.8666.2	3	5.3e-07
PB.8667.1	38	6.8e-06
PB.8668.1	2	3.6e-07
PB.8669.1	2	3.6e-07
PB.8671.2	2	3.6e-07
PB.8672.1	2	3.6e-07
PB.8673.1	15	2.7e-06
PB.8674.2	3	5.3e-07
PB.8681.2	2	3.6e-07
PB.8682.1	4	7.1e-07
PB.8683.1	2	3.6e-07
PB.8685.2	6	1.1e-06
PB.8687.2	2	3.6e-07
PB.8688.6	10	1.8e-06
PB.8689.1	2	3.6e-07
PB.8689.2	3	5.3e-07
PB.8689.3	38	6.8e-06
PB.8690.1	2	3.6e-07
PB.8691.1	9	1.6e-06
PB.8692.1	2	3.6e-07
PB.8693.1	2	3.6e-07
PB.8694.1	2	3.6e-07
PB.8695.1	2	3.6e-07
PB.8698.1	3	5.3e-07
PB.8699.1	2	3.6e-07
PB.8701.1	2	3.6e-07
PB.8702.1	18	3.2e-06
PB.8703.1	67	1.2e-05
PB.8705.1	2	3.6e-07
PB.8706.1	2	3.6e-07
PB.8707.1	2	3.6e-07
PB.8707.2	18	3.2e-06
PB.8707.3	24	4.3e-06
PB.8707.4	3	5.3e-07
PB.8708.1	3	5.3e-07
PB.8709.1	7	1.2e-06
PB.8709.2	2	3.6e-07
PB.8711.2	2	3.6e-07
PB.8715.1	2	3.6e-07
PB.8715.2	497	8.9e-05
PB.8715.3	8	1.4e-06
PB.8715.4	3	5.3e-07
PB.8715.5	2	3.6e-07
PB.8715.6	5	8.9e-07
PB.8715.7	7	1.2e-06
PB.8715.8	2	3.6e-07
PB.8716.1	3	5.3e-07
PB.8716.2	3	5.3e-07
PB.8718.1	2	3.6e-07
PB.8721.2	3	5.3e-07
PB.8723.1	2	3.6e-07
PB.8724.1	2	3.6e-07
PB.8724.2	10	1.8e-06
PB.8724.3	2	3.6e-07
PB.8724.4	26	4.6e-06
PB.8724.5	2	3.6e-07
PB.8725.1	2	3.6e-07
PB.8726.1	6	1.1e-06
PB.8726.2	2	3.6e-07
PB.8726.3	6	1.1e-06
PB.8726.4	2	3.6e-07
PB.8727.1	30	5.3e-06
PB.8728.1	2	3.6e-07
PB.8729.1	2	3.6e-07
PB.8729.2	2	3.6e-07
PB.8731.1	3	5.3e-07
PB.8732.2	7	1.2e-06
PB.8732.3	13	2.3e-06
PB.8733.2	2	3.6e-07
PB.8734.1	3	5.3e-07
PB.8736.1	2	3.6e-07
PB.8736.2	2	3.6e-07
PB.8737.1	2	3.6e-07
PB.15672.2	3	5.3e-07
PB.15679.1	4	7.1e-07
PB.15679.2	8	1.4e-06
PB.15680.1	69	1.2e-05
PB.15681.3	2	3.6e-07
PB.15682.1	8	1.4e-06
PB.15682.3	5	8.9e-07
PB.15682.4	2	3.6e-07
PB.15682.5	2	3.6e-07
PB.15683.1	3	5.3e-07
PB.15684.4	2	3.6e-07
PB.15684.5	6	1.1e-06
PB.15684.6	4	7.1e-07
PB.15684.8	2	3.6e-07
PB.15684.9	2	3.6e-07
PB.15686.1	6	1.1e-06
PB.15687.1	3	5.3e-07
PB.15689.1	2	3.6e-07
PB.15691.1	5	8.9e-07
PB.15693.1	2	3.6e-07
PB.15694.1	2	3.6e-07
PB.15696.1	2	3.6e-07
PB.15697.1	2	3.6e-07
PB.15702.1	3	5.3e-07
PB.15703.1	208	3.7e-05
PB.15703.3	2	3.6e-07
PB.15704.1	3	5.3e-07
PB.15706.1	4	7.1e-07
PB.15708.1	2	3.6e-07
PB.15709.1	2	3.6e-07
PB.15712.1	8	1.4e-06
PB.15712.2	17	3e-06
PB.15712.3	2	3.6e-07
PB.15712.6	3	5.3e-07
PB.15712.7	2	3.6e-07
PB.15712.8	7	1.2e-06
PB.15712.9	26	4.6e-06
PB.15715.1	2	3.6e-07
PB.15718.1	2	3.6e-07
PB.15718.2	2	3.6e-07
PB.15722.1	22	3.9e-06
PB.15723.4	3	5.3e-07
PB.15723.8	14	2.5e-06
PB.15724.1	2	3.6e-07
PB.15725.1	3	5.3e-07
PB.15728.1	4	7.1e-07
PB.15728.2	2	3.6e-07
PB.15728.4	2	3.6e-07
PB.15730.1	4	7.1e-07
PB.15734.1	35	6.2e-06
PB.15737.1	2	3.6e-07
PB.15740.1	7	1.2e-06
PB.15741.1	3	5.3e-07
PB.15743.1	2	3.6e-07
PB.15744.1	2	3.6e-07
PB.15747.2	2	3.6e-07
PB.15747.3	3	5.3e-07
PB.15747.4	8	1.4e-06
PB.15747.5	3	5.3e-07
PB.15750.1	4	7.1e-07
PB.15751.1	7	1.2e-06
PB.15751.3	11	2e-06
PB.15751.4	2	3.6e-07
PB.15754.1	2	3.6e-07
PB.15755.1	2	3.6e-07
PB.15756.1	5	8.9e-07
PB.15756.2	4	7.1e-07
PB.15757.1	2	3.6e-07
PB.15760.1	2	3.6e-07
PB.15761.1	5	8.9e-07
PB.15763.1	2	3.6e-07
PB.15764.1	3	5.3e-07
PB.15765.1	5	8.9e-07
PB.15766.2	24	4.3e-06
PB.15767.1	3	5.3e-07
PB.15767.2	5	8.9e-07
PB.15768.3	2	3.6e-07
PB.15770.1	2	3.6e-07
PB.15771.1	4	7.1e-07
PB.15772.2	2	3.6e-07
PB.15774.3	2	3.6e-07
PB.15775.1	5	8.9e-07
PB.15777.1	105	1.9e-05
PB.15780.1	2	3.6e-07
PB.15784.1	6	1.1e-06
PB.15785.1	5	8.9e-07
PB.15787.1	2	3.6e-07
PB.15791.1	3	5.3e-07
PB.15792.1	19	3.4e-06
PB.15793.1	3	5.3e-07
PB.15796.1	2	3.6e-07
PB.15798.2	2	3.6e-07
PB.15801.1	6	1.1e-06
PB.15802.1	8	1.4e-06
PB.15804.2	19	3.4e-06
PB.15805.1	3	5.3e-07
PB.15806.1	3	5.3e-07
PB.15808.1	4	7.1e-07
PB.15808.2	3	5.3e-07
PB.15809.2	3	5.3e-07
PB.15810.1	10	1.8e-06
PB.15811.1	5	8.9e-07
PB.15813.1	2	3.6e-07
PB.15814.2	5	8.9e-07
PB.15814.3	4	7.1e-07
PB.15815.1	2	3.6e-07
PB.15816.1	134	2.4e-05
PB.15817.1	2	3.6e-07
PB.15818.2	2	3.6e-07
PB.15822.1	4	7.1e-07
PB.15822.2	3	5.3e-07
PB.15824.1	3	5.3e-07
PB.15826.1	2	3.6e-07
PB.15828.1	15	2.7e-06
PB.15828.3	3	5.3e-07
PB.15829.2	4	7.1e-07
PB.15829.3	12	2.1e-06
PB.15829.4	2	3.6e-07
PB.15832.1	7	1.2e-06
PB.15832.3	2	3.6e-07
PB.15832.5	2	3.6e-07
PB.15832.6	2	3.6e-07
PB.15833.1	8	1.4e-06
PB.15834.1	2	3.6e-07
PB.15835.1	2	3.6e-07
PB.15836.1	3	5.3e-07
PB.15836.2	22	3.9e-06
PB.15837.1	2	3.6e-07
PB.15839.1	2	3.6e-07
PB.15840.1	2	3.6e-07
PB.15841.2	6	1.1e-06
PB.22967.1	2	3.6e-07
PB.22970.1	3	5.3e-07
PB.22971.2	4	7.1e-07
PB.22972.1	17	3e-06
PB.22974.1	6	1.1e-06
PB.22978.1	11	2e-06
PB.22978.2	299	5.3e-05
PB.22978.3	6	1.1e-06
PB.22979.1	5	8.9e-07
PB.22980.1	2	3.6e-07
PB.22984.1	2	3.6e-07
PB.22985.1	4	7.1e-07
PB.22986.1	2	3.6e-07
PB.22986.2	2	3.6e-07
PB.22986.3	5	8.9e-07
PB.22988.1	2	3.6e-07
PB.22989.1	3	5.3e-07
PB.22989.2	4	7.1e-07
PB.22989.3	30	5.3e-06
PB.22989.4	2	3.6e-07
PB.22989.5	11	2e-06
PB.22989.6	5	8.9e-07
PB.22989.7	2	3.6e-07
PB.22990.1	3	5.3e-07
PB.22991.1	2	3.6e-07
PB.22992.1	3	5.3e-07
PB.22994.1	9	1.6e-06
PB.22995.1	3	5.3e-07
PB.22996.1	3	5.3e-07
PB.22996.2	8	1.4e-06
PB.22997.1	3	5.3e-07
PB.22998.1	2	3.6e-07
PB.23001.2	2	3.6e-07
PB.23002.3	2	3.6e-07
PB.23004.1	2	3.6e-07
PB.23004.2	2	3.6e-07
PB.23007.1	5	8.9e-07
PB.23008.1	9	1.6e-06
PB.23010.1	2	3.6e-07
PB.23012.1	3	5.3e-07
PB.23012.2	6	1.1e-06
PB.23012.4	98	1.7e-05
PB.23013.1	2	3.6e-07
PB.23015.1	4	7.1e-07
PB.23016.1	2	3.6e-07
PB.23017.1	2	3.6e-07
PB.23017.2	2	3.6e-07
PB.23018.1	2	3.6e-07
PB.23021.1	2	3.6e-07
PB.23021.2	4	7.1e-07
PB.23021.3	4	7.1e-07
PB.23022.1	8	1.4e-06
PB.23023.1	3	5.3e-07
PB.23024.1	2	3.6e-07
PB.23026.1	2	3.6e-07
PB.23027.1	2	3.6e-07
PB.23029.1	6	1.1e-06
PB.23029.4	33	5.9e-06
PB.23029.6	3	5.3e-07
PB.23030.1	2	3.6e-07
PB.23034.1	2	3.6e-07
PB.23035.3	3	5.3e-07
PB.23036.1	9	1.6e-06
PB.23036.2	5	8.9e-07
PB.23036.3	5	8.9e-07
PB.23038.1	2	3.6e-07
PB.23039.1	8	1.4e-06
PB.23040.1	2	3.6e-07
PB.23041.1	3	5.3e-07
PB.23043.1	2	3.6e-07
PB.23044.1	5	8.9e-07
PB.23045.2	2	3.6e-07
PB.23047.1	7	1.2e-06
PB.23047.2	3	5.3e-07
PB.23049.1	6	1.1e-06
PB.23049.3	784	0.00014
PB.23050.1	402	7.2e-05
PB.23051.1	3	5.3e-07
PB.23052.1	2	3.6e-07
PB.23052.2	2	3.6e-07
PB.23053.2	7	1.2e-06
PB.23054.1	15	2.7e-06
PB.23054.2	4	7.1e-07
PB.23056.2	2	3.6e-07
PB.23057.1	50	8.9e-06
PB.23057.3	3	5.3e-07
PB.23058.1	2	3.6e-07
PB.23058.4	60	1.1e-05
PB.23058.5	2	3.6e-07
PB.23058.6	2	3.6e-07
PB.23060.1	5	8.9e-07
PB.23061.1	2	3.6e-07
PB.23064.1	2	3.6e-07
PB.23065.1	767	0.00014
PB.23066.1	3	5.3e-07
PB.23067.1	3	5.3e-07
PB.23068.2	3	5.3e-07
PB.23069.2	5	8.9e-07
PB.23070.1	2	3.6e-07
PB.23072.2	2	3.6e-07
PB.23074.1	2	3.6e-07
PB.23075.1	42	7.5e-06
PB.23076.1	6	1.1e-06
PB.23078.2	2	3.6e-07
PB.23082.1	18	3.2e-06
PB.23084.1	27	4.8e-06
PB.23085.1	2	3.6e-07
PB.23089.1	2	3.6e-07
PB.23095.1	3	5.3e-07
PB.23095.2	11	2e-06
PB.23096.1	2	3.6e-07
PB.23097.1	2437	0.00043
PB.23097.2	2	3.6e-07
PB.23097.3	2	3.6e-07
PB.23097.4	16	2.9e-06
PB.23097.5	2	3.6e-07
PB.23098.1	11	2e-06
PB.23100.1	22	3.9e-06
PB.23101.1	179	3.2e-05
PB.23103.1	2	3.6e-07
PB.23105.2	12	2.1e-06
PB.23106.2	4	7.1e-07
PB.23108.1	11	2e-06
PB.23109.1	53	9.4e-06
PB.23111.1	2	3.6e-07
PB.23113.1	47	8.4e-06
PB.23114.2	28	5e-06
PB.23116.1	2	3.6e-07
PB.23117.1	2	3.6e-07
PB.23118.1	17	3e-06
PB.23121.1	2	3.6e-07
PB.23122.2	14	2.5e-06
PB.23123.1	3	5.3e-07
PB.23125.1	2	3.6e-07
PB.23126.1	6	1.1e-06
PB.23127.1	9	1.6e-06
PB.23128.2	3	5.3e-07
PB.23130.1	2	3.6e-07
PB.23130.2	2	3.6e-07
PB.23131.1	2	3.6e-07
PB.23132.1	23	4.1e-06
PB.23133.1	6	1.1e-06
PB.23134.1	2	3.6e-07
PB.23135.1	6	1.1e-06
PB.23137.1	5	8.9e-07
PB.23138.1	5	8.9e-07
PB.23138.3	3	5.3e-07
PB.23139.1	27	4.8e-06
PB.23140.1	7	1.2e-06
PB.23140.2	2	3.6e-07
PB.23140.3	2	3.6e-07
PB.23141.1	2	3.6e-07
PB.23142.1	2	3.6e-07
PB.23143.1	7	1.2e-06
PB.23143.2	3	5.3e-07
PB.23143.3	75	1.3e-05
PB.30357.1	15	2.7e-06
PB.30357.2	4	7.1e-07
PB.30357.3	3	5.3e-07
PB.30360.1	4	7.1e-07
PB.30360.2	354	6.3e-05
PB.30361.1	2	3.6e-07
PB.30362.1	2	3.6e-07
PB.30364.2	5	8.9e-07
PB.30368.1	2	3.6e-07
PB.30369.1	4	7.1e-07
PB.30370.1	2	3.6e-07
PB.30371.1	6	1.1e-06
PB.30372.1	25	4.5e-06
PB.30372.2	27	4.8e-06
PB.30373.1	8	1.4e-06
PB.30374.1	2	3.6e-07
PB.30374.2	5	8.9e-07
PB.30374.3	3	5.3e-07
PB.30374.5	3	5.3e-07
PB.30374.6	2	3.6e-07
PB.30374.7	2	3.6e-07
PB.30374.8	7	1.2e-06
PB.30375.1	28	5e-06
PB.30375.3	239	4.3e-05
PB.30376.1	2	3.6e-07
PB.30377.1	155	2.8e-05
PB.30377.3	3	5.3e-07
PB.30378.1	5	8.9e-07
PB.30378.2	3	5.3e-07
PB.30378.3	2	3.6e-07
PB.30378.4	3	5.3e-07
PB.30378.5	8	1.4e-06
PB.30378.6	12	2.1e-06
PB.30378.7	2	3.6e-07
PB.30383.1	7	1.2e-06
PB.30385.1	10	1.8e-06
PB.30386.1	4	7.1e-07
PB.30390.1	10	1.8e-06
PB.30396.1	4	7.1e-07
PB.30397.1	2	3.6e-07
PB.30401.1	94	1.7e-05
PB.30402.1	5	8.9e-07
PB.30403.2	8	1.4e-06
PB.30409.2	7	1.2e-06
PB.30411.1	11	2e-06
PB.30412.1	2	3.6e-07
PB.30412.2	3	5.3e-07
PB.30413.1	2	3.6e-07
PB.30413.2	4	7.1e-07
PB.30414.1	8	1.4e-06
PB.30417.1	14	2.5e-06
PB.30417.2	2	3.6e-07
PB.30418.2	2	3.6e-07
PB.30418.3	35	6.2e-06
PB.30418.4	2	3.6e-07
PB.30418.5	57	1e-05
PB.30418.6	30	5.3e-06
PB.30419.1	2	3.6e-07
PB.30419.2	2	3.6e-07
PB.30419.3	2	3.6e-07
PB.30420.1	5	8.9e-07
PB.30421.1	2	3.6e-07
PB.30422.1	7	1.2e-06
PB.30422.2	913	0.00016
PB.30422.3	10	1.8e-06
PB.30423.1	3	5.3e-07
PB.30425.1	7	1.2e-06
PB.30426.1	2	3.6e-07
PB.30427.1	10	1.8e-06
PB.30430.2	19	3.4e-06
PB.30431.2	1093	0.00019
PB.30432.1	2	3.6e-07
PB.30433.1	17	3e-06
PB.30434.1	2	3.6e-07
PB.30437.1	4	7.1e-07
PB.30438.1	2	3.6e-07
PB.30439.1	5	8.9e-07
PB.30440.1	2	3.6e-07
PB.30441.1	1057	0.00019
PB.30442.1	2	3.6e-07
PB.30446.1	8	1.4e-06
PB.30447.1	3	5.3e-07
PB.30448.1	19	3.4e-06
PB.30450.1	2	3.6e-07
PB.30450.2	22	3.9e-06
PB.30450.3	4	7.1e-07
PB.30452.1	8	1.4e-06
PB.30454.1	2	3.6e-07
PB.30454.2	24	4.3e-06
PB.30454.3	3	5.3e-07
PB.30456.1	2	3.6e-07
PB.30456.2	2	3.6e-07
PB.30457.1	7	1.2e-06
PB.30457.2	4	7.1e-07
PB.30458.1	2	3.6e-07
PB.30459.1	2	3.6e-07
PB.30460.1	3	5.3e-07
PB.30460.2	2	3.6e-07
PB.30461.3	2	3.6e-07
PB.30463.1	2	3.6e-07
PB.30463.2	5	8.9e-07
PB.30464.2	7	1.2e-06
PB.30464.3	2	3.6e-07
PB.30465.1	4	7.1e-07
PB.30467.1	3	5.3e-07
PB.30468.1	39	6.9e-06
PB.30469.1	9	1.6e-06
PB.30471.1	11	2e-06
PB.30471.2	2	3.6e-07
PB.30475.1	15	2.7e-06
PB.30476.1	2	3.6e-07
PB.30478.1	3	5.3e-07
PB.30479.1	4	7.1e-07
PB.30483.1	2	3.6e-07
PB.30485.1	2	3.6e-07
PB.30488.1	2	3.6e-07
PB.30491.1	28	5e-06
PB.30492.1	12	2.1e-06
PB.30492.2	16	2.9e-06
PB.30492.3	3	5.3e-07
PB.30498.1	2	3.6e-07
PB.30499.2	5	8.9e-07
PB.30499.3	3	5.3e-07
PB.30500.1	9	1.6e-06
PB.30502.1	7	1.2e-06
PB.30503.1	2	3.6e-07
PB.30504.1	5	8.9e-07
PB.30504.2	24	4.3e-06
PB.30505.1	7	1.2e-06
PB.30509.1	2	3.6e-07
PB.30510.1	18	3.2e-06
PB.30510.2	221	3.9e-05
PB.30511.1	40	7.1e-06
PB.30512.2	9	1.6e-06
PB.30513.2	5	8.9e-07
PB.30515.1	10	1.8e-06
PB.30515.2	2	3.6e-07
PB.30516.1	2	3.6e-07
PB.30516.4	2	3.6e-07
PB.30517.1	2	3.6e-07
PB.30518.1	15	2.7e-06
PB.30520.1	3	5.3e-07
PB.30520.2	3	5.3e-07
PB.30520.3	3	5.3e-07
PB.30523.1	4	7.1e-07
PB.30523.2	3	5.3e-07
PB.30523.3	2	3.6e-07
PB.30523.4	7	1.2e-06
PB.30523.5	2	3.6e-07
PB.30526.1	2	3.6e-07
PB.30529.1	2	3.6e-07
PB.30530.1	2	3.6e-07
PB.30531.1	14	2.5e-06
PB.30532.1	2	3.6e-07
PB.30533.1	11	2e-06
PB.30536.1	7	1.2e-06
PB.30537.1	12	2.1e-06
PB.30538.1	12	2.1e-06
PB.30539.1	3	5.3e-07
PB.30539.2	2	3.6e-07
PB.30541.2	2	3.6e-07
PB.30543.1	2	3.6e-07
PB.30544.2	2	3.6e-07
PB.30544.3	3	5.3e-07
PB.37823.3	23	4.1e-06
PB.37825.1	2	3.6e-07
PB.37826.1	46	8.2e-06
PB.37827.1	6	1.1e-06
PB.37828.1	2	3.6e-07
PB.37831.1	88	1.6e-05
PB.37834.1	2	3.6e-07
PB.37835.1	4	7.1e-07
PB.37835.2	2	3.6e-07
PB.37837.1	4	7.1e-07
PB.37837.2	3	5.3e-07
PB.37837.3	10	1.8e-06
PB.37837.4	6	1.1e-06
PB.37839.1	2	3.6e-07
PB.37840.1	7	1.2e-06
PB.37840.3	2	3.6e-07
PB.37840.4	2	3.6e-07
PB.37841.1	5	8.9e-07
PB.37842.1	7	1.2e-06
PB.37843.1	2	3.6e-07
PB.37845.1	4	7.1e-07
PB.37846.1	7	1.2e-06
PB.37847.1	2	3.6e-07
PB.37849.1	3	5.3e-07
PB.37850.1	4	7.1e-07
PB.37851.1	14	2.5e-06
PB.37852.1	27	4.8e-06
PB.37852.2	7	1.2e-06
PB.37853.1	2	3.6e-07
PB.37856.1	4	7.1e-07
PB.37857.1	3	5.3e-07
PB.37858.1	2	3.6e-07
PB.37859.1	3	5.3e-07
PB.37860.2	3	5.3e-07
PB.37860.4	2	3.6e-07
PB.37861.1	2	3.6e-07
PB.37862.1	25	4.5e-06
PB.37863.1	2	3.6e-07
PB.37863.2	2	3.6e-07
PB.37865.1	5	8.9e-07
PB.37866.1	2	3.6e-07
PB.37867.1	2	3.6e-07
PB.37867.2	4	7.1e-07
PB.37868.1	5	8.9e-07
PB.37869.1	269	4.8e-05
PB.37869.2	5	8.9e-07
PB.37869.3	2	3.6e-07
PB.37871.2	2	3.6e-07
PB.37871.3	2	3.6e-07
PB.37871.4	2	3.6e-07
PB.37872.1	49	8.7e-06
PB.37875.1	8	1.4e-06
PB.37875.2	12	2.1e-06
PB.37875.3	2	3.6e-07
PB.37875.4	15	2.7e-06
PB.37876.1	8	1.4e-06
PB.37877.1	8	1.4e-06
PB.37878.2	2	3.6e-07
PB.37878.3	2	3.6e-07
PB.37881.1	2	3.6e-07
PB.37883.1	4	7.1e-07
PB.37883.2	10	1.8e-06
PB.37884.1	3	5.3e-07
PB.37884.2	190	3.4e-05
PB.37885.1	2	3.6e-07
PB.37889.2	5	8.9e-07
PB.37890.1	2	3.6e-07
PB.37891.2	3	5.3e-07
PB.37892.1	2	3.6e-07
PB.37893.2	358	6.4e-05
PB.37894.3	87	1.5e-05
PB.37895.1	6	1.1e-06
PB.37897.1	5	8.9e-07
PB.37898.1	2	3.6e-07
PB.37900.1	6	1.1e-06
PB.37900.2	3	5.3e-07
PB.37902.1	2	3.6e-07
PB.37905.1	2	3.6e-07
PB.37906.1	2	3.6e-07
PB.37907.1	1383	0.00025
PB.37907.2	6	1.1e-06
PB.37907.3	3	5.3e-07
PB.37907.4	4	7.1e-07
PB.37908.1	3	5.3e-07
PB.37910.1	3	5.3e-07
PB.37910.2	276	4.9e-05
PB.37911.1	2	3.6e-07
PB.37912.1	2	3.6e-07
PB.37912.2	5	8.9e-07
PB.37912.3	19	3.4e-06
PB.37913.1	6	1.1e-06
PB.37914.1	15	2.7e-06
PB.37914.2	7	1.2e-06
PB.37915.1	11	2e-06
PB.37916.1	2	3.6e-07
PB.37917.1	3	5.3e-07
PB.37918.1	6	1.1e-06
PB.37919.1	3	5.3e-07
PB.37920.1	153	2.7e-05
PB.37921.1	2013	0.00036
PB.37922.1	3	5.3e-07
PB.37923.1	4	7.1e-07
PB.37924.1	3	5.3e-07
PB.37924.2	31	5.5e-06
PB.37927.1	21	3.7e-06
PB.37928.1	6	1.1e-06
PB.37929.1	11	2e-06
PB.37932.1	8	1.4e-06
PB.37937.1	3	5.3e-07
PB.37938.1	3	5.3e-07
PB.37938.2	74	1.3e-05
PB.37938.3	3	5.3e-07
PB.37939.1	2	3.6e-07
PB.37939.2	3	5.3e-07
PB.37940.1	29	5.2e-06
PB.37941.1	2	3.6e-07
PB.37942.1	2	3.6e-07
PB.37943.1	12	2.1e-06
PB.37944.4	2	3.6e-07
PB.37946.1	35	6.2e-06
PB.37947.1	13	2.3e-06
PB.37947.2	4	7.1e-07
PB.37948.1	2	3.6e-07
PB.37948.3	10	1.8e-06
PB.37949.1	4	7.1e-07
PB.37951.1	5	8.9e-07
PB.37951.2	4	7.1e-07
PB.37952.1	4	7.1e-07
PB.37954.1	16	2.9e-06
PB.37955.1	21	3.7e-06
PB.37956.1	7	1.2e-06
PB.37957.1	2	3.6e-07
PB.37959.2	378	6.7e-05
PB.37960.1	2	3.6e-07
PB.37960.3	63	1.1e-05
PB.37962.1	3034	0.00054
PB.37962.2	2	3.6e-07
PB.37962.3	3	5.3e-07
PB.37963.5	414	7.4e-05
PB.37963.6	2	3.6e-07
PB.37963.7	2	3.6e-07
PB.37964.1	5	8.9e-07
PB.37965.1	3	5.3e-07
PB.37965.2	2	3.6e-07
PB.37966.1	2	3.6e-07
PB.37967.1	4	7.1e-07
PB.37968.1	49	8.7e-06
PB.37970.1	2	3.6e-07
PB.37973.2	7	1.2e-06
PB.37974.1	2	3.6e-07
PB.37974.2	102	1.8e-05
PB.37975.1	9	1.6e-06
PB.37975.2	2	3.6e-07
PB.37976.1	6	1.1e-06
PB.37979.2	2	3.6e-07
PB.37980.1	2	3.6e-07
PB.37980.2	2	3.6e-07
PB.37981.1	7	1.2e-06
PB.37982.1	7	1.2e-06
PB.37983.1	3	5.3e-07
PB.37984.1	9	1.6e-06
PB.37985.1	133	2.4e-05
PB.37986.2	5	8.9e-07
PB.37987.1	2	3.6e-07
PB.37988.1	4	7.1e-07
PB.37988.3	2	3.6e-07
PB.37989.1	2	3.6e-07
PB.37990.1	2	3.6e-07
PB.37991.1	5	8.9e-07
PB.37992.1	4	7.1e-07
PB.37993.1	5	8.9e-07
PB.37994.2	2	3.6e-07
PB.37995.1	2	3.6e-07
PB.37996.2	3	5.3e-07
PB.37996.3	2	3.6e-07
PB.37996.4	4	7.1e-07
PB.45356.1	7	1.2e-06
PB.45357.1	6	1.1e-06
PB.45357.2	7	1.2e-06
PB.45357.3	2	3.6e-07
PB.45357.4	2	3.6e-07
PB.45359.1	2	3.6e-07
PB.45360.1	2	3.6e-07
PB.45361.1	23	4.1e-06
PB.45362.1	2	3.6e-07
PB.45363.1	4	7.1e-07
PB.45364.1	46	8.2e-06
PB.45365.1	151	2.7e-05
PB.45365.2	2	3.6e-07
PB.45366.1	14	2.5e-06
PB.45368.1	2	3.6e-07
PB.45368.2	6	1.1e-06
PB.45368.3	2	3.6e-07
PB.45368.4	5	8.9e-07
PB.45368.5	3	5.3e-07
PB.45368.6	29	5.2e-06
PB.45369.1	3	5.3e-07
PB.45370.1	21	3.7e-06
PB.45371.1	6	1.1e-06
PB.45372.1	3	5.3e-07
PB.45372.2	2	3.6e-07
PB.45373.1	2	3.6e-07
PB.45374.1	32	5.7e-06
PB.45375.1	3	5.3e-07
PB.45377.1	4	7.1e-07
PB.45378.1	4	7.1e-07
PB.45379.1	23	4.1e-06
PB.45380.1	3	5.3e-07
PB.45383.1	8	1.4e-06
PB.45384.1	83	1.5e-05
PB.45385.1	2	3.6e-07
PB.45387.1	6	1.1e-06
PB.45389.2	5	8.9e-07
PB.45390.1	65	1.2e-05
PB.45390.2	2	3.6e-07
PB.45391.1	2	3.6e-07
PB.45394.1	7	1.2e-06
PB.45395.1	2	3.6e-07
PB.45395.2	4	7.1e-07
PB.45396.1	2	3.6e-07
PB.45397.1	34	6.1e-06
PB.45398.1	2	3.6e-07
PB.45400.2	2	3.6e-07
PB.45400.3	12	2.1e-06
PB.45401.1	4	7.1e-07
PB.45403.1	8	1.4e-06
PB.45404.1	27	4.8e-06
PB.45405.1	5	8.9e-07
PB.45406.1	7	1.2e-06
PB.45407.1	4	7.1e-07
PB.45408.1	2	3.6e-07
PB.45409.1	4	7.1e-07
PB.45410.1	19	3.4e-06
PB.45410.2	7	1.2e-06
PB.45411.1	4	7.1e-07
PB.45412.1	25	4.5e-06
PB.45413.1	32	5.7e-06
PB.45414.1	2	3.6e-07
PB.45415.1	8	1.4e-06
PB.45415.2	6	1.1e-06
PB.45416.1	2	3.6e-07
PB.45417.1	1462	0.00026
PB.45417.2	64	1.1e-05
PB.45419.1	100	1.8e-05
PB.45419.2	2	3.6e-07
PB.45419.3	2	3.6e-07
PB.45420.1	3	5.3e-07
PB.45420.2	2	3.6e-07
PB.45421.1	6	1.1e-06
PB.45421.2	2	3.6e-07
PB.45423.1	15	2.7e-06
PB.45424.1	3	5.3e-07
PB.45425.1	50	8.9e-06
PB.45426.1	3	5.3e-07
PB.45427.1	158	2.8e-05
PB.45427.2	7	1.2e-06
PB.45428.2	11	2e-06
PB.45429.1	3	5.3e-07
PB.45430.1	5	8.9e-07
PB.45431.1	12	2.1e-06
PB.45432.1	2	3.6e-07
PB.45433.1	11	2e-06
PB.45433.2	2	3.6e-07
PB.45434.1	21	3.7e-06
PB.45435.1	2	3.6e-07
PB.45436.1	2	3.6e-07
PB.45437.1	18	3.2e-06
PB.45438.1	10	1.8e-06
PB.45439.1	3	5.3e-07
PB.45442.1	2	3.6e-07
PB.45443.1	248	4.4e-05
PB.45444.2	83	1.5e-05
PB.45444.4	6	1.1e-06
PB.45447.1	5	8.9e-07
PB.45447.2	2	3.6e-07
PB.45447.3	2	3.6e-07
PB.45448.1	15	2.7e-06
PB.45449.1	42	7.5e-06
PB.45451.1	150	2.7e-05
PB.45452.1	31	5.5e-06
PB.45453.1	3	5.3e-07
PB.45454.1	43	7.7e-06
PB.45456.1	2	3.6e-07
PB.45456.2	4	7.1e-07
PB.45458.1	2	3.6e-07
PB.45459.1	27	4.8e-06
PB.45460.1	2	3.6e-07
PB.45461.1	3	5.3e-07
PB.45462.1	36	6.4e-06
PB.45463.1	4	7.1e-07
PB.45464.1	2	3.6e-07
PB.45466.1	2	3.6e-07
PB.45467.1	15	2.7e-06
PB.45467.2	11	2e-06
PB.45467.3	3	5.3e-07
PB.45467.4	31	5.5e-06
PB.45470.1	4	7.1e-07
PB.45470.2	41	7.3e-06
PB.45470.3	6	1.1e-06
PB.45471.1	2	3.6e-07
PB.45471.3	10	1.8e-06
PB.45472.1	6	1.1e-06
PB.45473.1	306	5.5e-05
PB.45473.2	2	3.6e-07
PB.45475.1	35	6.2e-06
PB.45476.1	20	3.6e-06
PB.45477.1	4	7.1e-07
PB.45478.1	31	5.5e-06
PB.45479.1	87	1.5e-05
PB.45480.1	2	3.6e-07
PB.45482.1	2	3.6e-07
PB.45482.2	3	5.3e-07
PB.45482.3	5	8.9e-07
PB.45483.1	2	3.6e-07
PB.45484.1	5	8.9e-07
PB.45484.2	573	0.0001
PB.45485.1	4	7.1e-07
PB.45486.1	10	1.8e-06
PB.45486.2	10	1.8e-06
PB.45487.1	183	3.3e-05
PB.45487.2	2	3.6e-07
PB.45488.1	35	6.2e-06
PB.45488.3	1458	0.00026
PB.45489.1	54	9.6e-06
PB.45490.2	18	3.2e-06
PB.45491.1	5	8.9e-07
PB.45492.1	61	1.1e-05
PB.45493.1	395	7e-05
PB.45494.1	11	2e-06
PB.45495.1	14	2.5e-06
PB.45497.1	9	1.6e-06
PB.45498.1	3	5.3e-07
PB.45501.1	8	1.4e-06
PB.45502.1	2	3.6e-07
PB.45503.1	41	7.3e-06
PB.45504.1	13	2.3e-06
PB.45504.2	7	1.2e-06
PB.45504.4	11	2e-06
PB.45504.5	5	8.9e-07
PB.45504.6	7	1.2e-06
PB.45504.7	3	5.3e-07
PB.45504.8	2	3.6e-07
PB.45504.9	2	3.6e-07
PB.45504.10	2	3.6e-07
PB.45505.1	3	5.3e-07
PB.45507.1	2	3.6e-07
PB.45508.1	2	3.6e-07
PB.45508.2	8	1.4e-06
PB.45509.1	11	2e-06
PB.45510.1	6	1.1e-06
PB.45510.2	12	2.1e-06
PB.45510.3	3	5.3e-07
PB.45511.1	10	1.8e-06
PB.45513.1	8	1.4e-06
PB.45514.1	2	3.6e-07
PB.45514.2	2	3.6e-07
PB.45516.1	2	3.6e-07
PB.45516.2	894	0.00016
PB.45517.1	19	3.4e-06
PB.45518.1	21	3.7e-06
PB.45519.1	19	3.4e-06
PB.45522.1	7	1.2e-06
PB.45523.1	27	4.8e-06
PB.45524.1	11	2e-06
PB.45525.1	2	3.6e-07
PB.45525.2	2	3.6e-07
PB.45525.3	2	3.6e-07
PB.45525.4	3	5.3e-07
PB.45527.1	3	5.3e-07
PB.45528.1	2	3.6e-07
PB.45528.2	2	3.6e-07
PB.45529.1	3	5.3e-07
PB.45530.1	359	6.4e-05
PB.45531.1	9	1.6e-06
PB.45531.2	2	3.6e-07
PB.45532.1	8	1.4e-06
PB.45533.1	7	1.2e-06
PB.45533.2	4	7.1e-07
PB.45533.3	2	3.6e-07
PB.45533.4	2	3.6e-07
PB.45533.5	43	7.7e-06
PB.52878.1	2	3.6e-07
PB.52879.1	2	3.6e-07
PB.52882.2	16	2.9e-06
PB.52883.1	4	7.1e-07
PB.52884.2	37	6.6e-06
PB.52887.1	4	7.1e-07
PB.52887.2	2	3.6e-07
PB.52890.1	2	3.6e-07
PB.52891.1	6	1.1e-06
PB.52892.1	2	3.6e-07
PB.52895.1	2	3.6e-07
PB.52895.2	2	3.6e-07
PB.52895.3	4	7.1e-07
PB.52896.1	4	7.1e-07
PB.52897.2	12	2.1e-06
PB.52898.1	3	5.3e-07
PB.52899.1	2	3.6e-07
PB.52901.2	2	3.6e-07
PB.52903.1	2	3.6e-07
PB.52904.1	2	3.6e-07
PB.52905.1	2	3.6e-07
PB.52906.1	7	1.2e-06
PB.52911.1	3	5.3e-07
PB.52912.1	2	3.6e-07
PB.52913.1	2	3.6e-07
PB.52915.2	13	2.3e-06
PB.52915.3	2	3.6e-07
PB.52917.1	3	5.3e-07
PB.52917.3	10	1.8e-06
PB.52917.5	7	1.2e-06
PB.52918.1	7	1.2e-06
PB.52921.1	2	3.6e-07
PB.52924.1	3	5.3e-07
PB.52925.1	2	3.6e-07
PB.52927.1	4	7.1e-07
PB.52927.2	5	8.9e-07
PB.52928.1	8	1.4e-06
PB.52928.2	2	3.6e-07
PB.52929.1	3	5.3e-07
PB.52932.1	2	3.6e-07
PB.52934.1	31	5.5e-06
PB.52937.1	3	5.3e-07
PB.52937.2	2	3.6e-07
PB.52939.1	9	1.6e-06
PB.52939.2	15	2.7e-06
PB.52939.3	7	1.2e-06
PB.52941.2	4	7.1e-07
PB.52942.1	38	6.8e-06
PB.52943.1	3	5.3e-07
PB.52944.1	13	2.3e-06
PB.52945.1	3	5.3e-07
PB.52947.1	28	5e-06
PB.52947.2	2	3.6e-07
PB.52948.1	5	8.9e-07
PB.52950.1	2	3.6e-07
PB.52951.1	8	1.4e-06
PB.52952.1	2	3.6e-07
PB.52953.1	4	7.1e-07
PB.52954.1	2	3.6e-07
PB.52955.1	2	3.6e-07
PB.52956.1	3	5.3e-07
PB.52957.1	3	5.3e-07
PB.52961.1	2	3.6e-07
PB.52962.1	3	5.3e-07
PB.52964.1	13	2.3e-06
PB.52965.1	15	2.7e-06
PB.52965.2	87	1.5e-05
PB.52968.1	2	3.6e-07
PB.52969.1	2	3.6e-07
PB.52970.1	105	1.9e-05
PB.52972.1	8	1.4e-06
PB.52972.2	13	2.3e-06
PB.52972.3	2	3.6e-07
PB.52973.1	4	7.1e-07
PB.52975.3	6	1.1e-06
PB.52976.2	2	3.6e-07
PB.52976.3	3	5.3e-07
PB.52976.4	8	1.4e-06
PB.52977.1	4	7.1e-07
PB.52978.1	52	9.3e-06
PB.52978.2	2	3.6e-07
PB.52979.1	32	5.7e-06
PB.52980.2	6	1.1e-06
PB.52981.1	2	3.6e-07
PB.52982.1	2	3.6e-07
PB.52983.1	2	3.6e-07
PB.52983.2	2	3.6e-07
PB.52984.1	2	3.6e-07
PB.52985.1	4	7.1e-07
PB.52989.1	12	2.1e-06
PB.52989.2	7	1.2e-06
PB.52989.3	17	3e-06
PB.52990.2	45	8e-06
PB.52991.1	3	5.3e-07
PB.52993.2	4	7.1e-07
PB.52993.4	2	3.6e-07
PB.52994.1	6	1.1e-06
PB.52996.1	9	1.6e-06
PB.53005.1	2	3.6e-07
PB.53007.1	3	5.3e-07
PB.53011.1	2	3.6e-07
PB.53013.1	2	3.6e-07
PB.53014.1	5	8.9e-07
PB.53015.1	4	7.1e-07
PB.53015.2	3	5.3e-07
PB.53015.3	2	3.6e-07
PB.53016.2	3	5.3e-07
PB.53018.1	16	2.9e-06
PB.53021.1	8	1.4e-06
PB.53022.2	2	3.6e-07
PB.53023.1	2	3.6e-07
PB.53024.2	3	5.3e-07
PB.53025.1	2	3.6e-07
PB.53028.1	2	3.6e-07
PB.53031.1	2	3.6e-07
PB.53033.1	2	3.6e-07
PB.53035.1	4	7.1e-07
PB.53035.2	2	3.6e-07
PB.53037.1	7	1.2e-06
PB.53037.3	6	1.1e-06
PB.53037.6	6	1.1e-06
PB.53039.1	43	7.7e-06
PB.53039.2	2	3.6e-07
PB.53039.3	2	3.6e-07
PB.53042.1	6	1.1e-06
PB.53043.1	349	6.2e-05
PB.53044.2	4	7.1e-07
PB.53046.1	6	1.1e-06
PB.53046.2	2	3.6e-07
PB.53049.1	3	5.3e-07
PB.53050.1	10	1.8e-06
PB.53052.1	2	3.6e-07
PB.53053.1	2	3.6e-07
PB.53054.1	6	1.1e-06
PB.53055.1	21	3.7e-06
PB.53055.2	71	1.3e-05
PB.53055.3	2	3.6e-07
PB.53055.4	2	3.6e-07
PB.53057.1	2	3.6e-07
PB.53059.1	2	3.6e-07
PB.53060.1	3	5.3e-07
PB.53061.1	3	5.3e-07
PB.53061.2	2	3.6e-07
PB.53061.3	2	3.6e-07
PB.53062.1	3	5.3e-07
PB.53063.2	2	3.6e-07
PB.53063.3	3	5.3e-07
PB.53063.4	3	5.3e-07
PB.53063.5	3	5.3e-07
PB.53064.1	17	3e-06
PB.53066.1	3	5.3e-07
PB.53067.1	8	1.4e-06
PB.53068.1	2	3.6e-07
PB.53068.2	80	1.4e-05
PB.53070.1	2	3.6e-07
PB.53071.1	3	5.3e-07
PB.53071.2	79	1.4e-05
PB.53072.1	2	3.6e-07
PB.60583.1	5	8.9e-07
PB.60584.1	6	1.1e-06
PB.60585.2	6	1.1e-06
PB.60585.3	15	2.7e-06
PB.60587.1	5	8.9e-07
PB.60588.1	2	3.6e-07
PB.60589.1	2	3.6e-07
PB.60590.1	2	3.6e-07
PB.60590.2	20	3.6e-06
PB.60591.1	3	5.3e-07
PB.60592.1	4	7.1e-07
PB.60592.2	2	3.6e-07
PB.60595.1	58	1e-05
PB.60595.2	2	3.6e-07
PB.60595.3	2	3.6e-07
PB.60596.1	31	5.5e-06
PB.60597.1	4	7.1e-07
PB.60597.2	3	5.3e-07
PB.60598.1	3	5.3e-07
PB.60600.2	3	5.3e-07
PB.60600.4	2	3.6e-07
PB.60602.1	4	7.1e-07
PB.60603.1	4	7.1e-07
PB.60604.1	4	7.1e-07
PB.60607.2	2	3.6e-07
PB.60609.1	5	8.9e-07
PB.60609.2	35	6.2e-06
PB.60609.4	2	3.6e-07
PB.60611.1	3	5.3e-07
PB.60613.1	2	3.6e-07
PB.60616.1	4	7.1e-07
PB.60617.1	2	3.6e-07
PB.60618.1	4	7.1e-07
PB.60620.1	2	3.6e-07
PB.60623.1	2	3.6e-07
PB.60624.1	4	7.1e-07
PB.60627.1	2	3.6e-07
PB.60629.1	5	8.9e-07
PB.60631.1	2	3.6e-07
PB.60632.1	2	3.6e-07
PB.60632.2	5	8.9e-07
PB.60632.3	3	5.3e-07
PB.60634.1	3	5.3e-07
PB.60634.2	2	3.6e-07
PB.60635.1	13	2.3e-06
PB.60636.2	3	5.3e-07
PB.60637.1	6	1.1e-06
PB.60641.1	5	8.9e-07
PB.60642.1	3	5.3e-07
PB.60643.1	3	5.3e-07
PB.60643.3	3	5.3e-07
PB.60643.4	11	2e-06
PB.60644.1	2	3.6e-07
PB.60645.1	6	1.1e-06
PB.60647.1	3	5.3e-07
PB.60647.2	412	7.3e-05
PB.60648.1	2	3.6e-07
PB.60649.3	3	5.3e-07
PB.60652.1	2	3.6e-07
PB.60654.1	18	3.2e-06
PB.60655.1	25	4.5e-06
PB.60655.2	16	2.9e-06
PB.60655.4	14	2.5e-06
PB.60656.1	8	1.4e-06
PB.60658.1	7	1.2e-06
PB.60659.1	2	3.6e-07
PB.60660.1	11	2e-06
PB.60662.1	32	5.7e-06
PB.60662.3	8	1.4e-06
PB.60665.1	2	3.6e-07
PB.60665.2	3	5.3e-07
PB.60666.1	21	3.7e-06
PB.60667.1	2	3.6e-07
PB.60667.2	5	8.9e-07
PB.60667.3	8	1.4e-06
PB.60670.1	5	8.9e-07
PB.60671.1	5	8.9e-07
PB.60672.1	13	2.3e-06
PB.60674.1	12	2.1e-06
PB.60674.2	2	3.6e-07
PB.60674.3	4	7.1e-07
PB.60675.1	11	2e-06
PB.60675.2	14	2.5e-06
PB.60675.3	147	2.6e-05
PB.60676.1	3	5.3e-07
PB.60677.1	2	3.6e-07
PB.60677.2	10	1.8e-06
PB.60678.1	2	3.6e-07
PB.60680.1	2	3.6e-07
PB.60681.2	2	3.6e-07
PB.60681.3	12	2.1e-06
PB.60681.4	2	3.6e-07
PB.60684.1	2	3.6e-07
PB.60684.2	8	1.4e-06
PB.60686.1	4	7.1e-07
PB.60687.1	2	3.6e-07
PB.60691.1	65	1.2e-05
PB.60693.1	12	2.1e-06
PB.60693.2	10	1.8e-06
PB.60693.3	258	4.6e-05
PB.60694.1	61	1.1e-05
PB.60695.2	61	1.1e-05
PB.60695.3	16	2.9e-06
PB.60696.1	3	5.3e-07
PB.60696.2	520	9.3e-05
PB.60698.1	6	1.1e-06
PB.60699.1	17	3e-06
PB.60699.3	5	8.9e-07
PB.60699.4	2	3.6e-07
PB.60701.1	2	3.6e-07
PB.60702.1	3	5.3e-07
PB.60703.3	2	3.6e-07
PB.60704.1	2	3.6e-07
PB.60705.1	16	2.9e-06
PB.60706.1	3	5.3e-07
PB.60707.2	2	3.6e-07
PB.60708.2	8	1.4e-06
PB.60710.1	9	1.6e-06
PB.60710.2	159	2.8e-05
PB.60711.1	2	3.6e-07
PB.60713.1	50	8.9e-06
PB.60716.1	6	1.1e-06
PB.60721.1	6	1.1e-06
PB.60721.2	3	5.3e-07
PB.60721.3	3	5.3e-07
PB.60721.4	2	3.6e-07
PB.60721.5	3	5.3e-07
PB.60721.6	3	5.3e-07
PB.60721.7	35	6.2e-06
PB.60722.1	3	5.3e-07
PB.60723.1	8	1.4e-06
PB.60725.2	4	7.1e-07
PB.60725.3	11	2e-06
PB.60725.4	2	3.6e-07
PB.60729.1	2	3.6e-07
PB.60730.1	12	2.1e-06
PB.60731.1	2	3.6e-07
PB.60733.1	2	3.6e-07
PB.60734.2	5	8.9e-07
PB.60736.1	75	1.3e-05
PB.60737.1	2	3.6e-07
PB.60738.1	2	3.6e-07
PB.60739.1	6	1.1e-06
PB.60740.1	5	8.9e-07
PB.60740.2	17	3e-06
PB.60740.3	19	3.4e-06
PB.60740.4	2	3.6e-07
PB.60740.5	3	5.3e-07
PB.60740.6	2	3.6e-07
PB.60740.7	3	5.3e-07
PB.60742.1	3	5.3e-07
PB.60742.2	2	3.6e-07
PB.60742.3	2	3.6e-07
PB.60743.1	2	3.6e-07
PB.60745.1	2	3.6e-07
PB.60746.1	2	3.6e-07
PB.60746.2	2	3.6e-07
PB.60746.3	20	3.6e-06
PB.60748.1	2	3.6e-07
PB.60748.3	2	3.6e-07
PB.60749.1	3	5.3e-07
PB.60750.2	2	3.6e-07
PB.60751.1	18	3.2e-06
PB.60752.1	4	7.1e-07
PB.60753.1	5	8.9e-07
PB.60755.1	2	3.6e-07
PB.60756.1	3	5.3e-07
PB.60757.1	24	4.3e-06
PB.60758.1	2	3.6e-07
PB.68181.1	2	3.6e-07
PB.68182.1	2	3.6e-07
PB.68182.2	8	1.4e-06
PB.68183.1	7	1.2e-06
PB.68184.2	2	3.6e-07
PB.68185.2	2	3.6e-07
PB.68185.3	6	1.1e-06
PB.68187.1	2	3.6e-07
PB.68189.1	4	7.1e-07
PB.68190.1	4	7.1e-07
PB.68191.2	4	7.1e-07
PB.68191.3	2	3.6e-07
PB.68192.1	4	7.1e-07
PB.68194.1	2	3.6e-07
PB.68195.2	4	7.1e-07
PB.68198.1	2	3.6e-07
PB.68198.2	2	3.6e-07
PB.68198.3	4	7.1e-07
PB.68198.4	3	5.3e-07
PB.68199.1	2	3.6e-07
PB.68200.1	3	5.3e-07
PB.68201.1	4	7.1e-07
PB.68201.4	3	5.3e-07
PB.68201.5	2	3.6e-07
PB.68203.2	2	3.6e-07
PB.68204.1	41	7.3e-06
PB.68205.1	2	3.6e-07
PB.68206.1	2	3.6e-07
PB.68207.1	23	4.1e-06
PB.68208.1	3	5.3e-07
PB.68214.2	21	3.7e-06
PB.68214.4	132	2.4e-05
PB.68217.1	3	5.3e-07
PB.68218.1	2	3.6e-07
PB.68220.1	3	5.3e-07
PB.68221.1	12	2.1e-06
PB.68223.1	583	0.0001
PB.68224.1	2	3.6e-07
PB.68227.1	2	3.6e-07
PB.68231.1	10	1.8e-06
PB.68236.1	2	3.6e-07
PB.68236.2	2	3.6e-07
PB.68236.3	3	5.3e-07
PB.68236.4	2	3.6e-07
PB.68237.1	10	1.8e-06
PB.68238.1	3	5.3e-07
PB.68240.1	2	3.6e-07
PB.68241.2	12	2.1e-06
PB.68242.1	2	3.6e-07
PB.68243.1	5	8.9e-07
PB.68246.1	5	8.9e-07
PB.68246.2	2	3.6e-07
PB.68247.1	9	1.6e-06
PB.68247.2	4	7.1e-07
PB.68249.2	7	1.2e-06
PB.68251.1	34	6.1e-06
PB.68254.1	2	3.6e-07
PB.68256.1	2	3.6e-07
PB.68258.1	3	5.3e-07
PB.68259.1	2	3.6e-07
PB.68261.1	4	7.1e-07
PB.68264.1	14	2.5e-06
PB.68266.1	2	3.6e-07
PB.68267.1	19	3.4e-06
PB.68268.1	2	3.6e-07
PB.68269.1	15	2.7e-06
PB.68270.1	3	5.3e-07
PB.68270.2	2	3.6e-07
PB.68270.3	2	3.6e-07
PB.68270.4	8	1.4e-06
PB.68270.5	5	8.9e-07
PB.68270.6	5	8.9e-07
PB.68272.2	19	3.4e-06
PB.68273.2	2	3.6e-07
PB.68274.1	15	2.7e-06
PB.68275.1	34	6.1e-06
PB.68275.2	2	3.6e-07
PB.68276.1	3	5.3e-07
PB.68276.2	10	1.8e-06
PB.68276.3	29	5.2e-06
PB.68276.4	2	3.6e-07
PB.68276.5	20	3.6e-06
PB.68277.1	2	3.6e-07
PB.68278.1	2	3.6e-07
PB.68278.2	16	2.9e-06
PB.68280.2	3	5.3e-07
PB.68283.1	17	3e-06
PB.68285.1	2	3.6e-07
PB.68286.1	2	3.6e-07
PB.68286.2	10	1.8e-06
PB.68287.1	2	3.6e-07
PB.68288.1	2	3.6e-07
PB.68289.1	2	3.6e-07
PB.68290.1	3	5.3e-07
PB.68293.3	16	2.9e-06
PB.68293.4	4	7.1e-07
PB.68293.6	2	3.6e-07
PB.68294.1	3	5.3e-07
PB.68296.1	2	3.6e-07
PB.68297.1	2	3.6e-07
PB.68301.1	5	8.9e-07
PB.68302.1	12	2.1e-06
PB.68302.2	12566	0.0022
PB.68304.1	8	1.4e-06
PB.68307.1	2	3.6e-07
PB.68307.2	44	7.8e-06
PB.68309.1	2	3.6e-07
PB.68309.2	24	4.3e-06
PB.68310.1	3	5.3e-07
PB.68314.1	12	2.1e-06
PB.68316.1	3	5.3e-07
PB.68316.2	2	3.6e-07
PB.68317.1	2	3.6e-07
PB.68318.1	2	3.6e-07
PB.68320.1	28	5e-06
PB.68321.1	7	1.2e-06
PB.68322.1	14	2.5e-06
PB.68322.2	5	8.9e-07
PB.68324.1	29	5.2e-06
PB.68328.1	11	2e-06
PB.68328.2	2	3.6e-07
PB.68328.3	2	3.6e-07
PB.68330.2	2	3.6e-07
PB.68331.1	2	3.6e-07
PB.68331.3	3	5.3e-07
PB.68331.4	2	3.6e-07
PB.68331.5	4	7.1e-07
PB.68333.1	2	3.6e-07
PB.68334.2	59	1.1e-05
PB.68336.1	2	3.6e-07
PB.68337.2	9	1.6e-06
PB.68338.1	2	3.6e-07
PB.68338.2	3	5.3e-07
PB.68338.3	18	3.2e-06
PB.68340.1	2	3.6e-07
PB.68342.1	11	2e-06
PB.68342.2	6	1.1e-06
PB.68343.1	3	5.3e-07
PB.68344.1	13	2.3e-06
PB.68345.1	2	3.6e-07
PB.68346.1	3	5.3e-07
PB.68346.2	2	3.6e-07
PB.68348.1	7	1.2e-06
PB.68350.1	2	3.6e-07
PB.68351.1	4	7.1e-07
PB.68352.2	2	3.6e-07
PB.68352.3	5	8.9e-07
PB.68352.4	66	1.2e-05
PB.68353.1	2	3.6e-07
PB.68354.1	3	5.3e-07
PB.68355.1	3	5.3e-07
PB.68356.1	2	3.6e-07
PB.68358.1	3	5.3e-07
PB.68359.2	2	3.6e-07
PB.68360.1	12	2.1e-06
PB.68360.2	3	5.3e-07
PB.68362.1	4	7.1e-07
PB.68363.1	4	7.1e-07
PB.68364.1	2	3.6e-07
PB.68365.1	2	3.6e-07
PB.75664.1	2	3.6e-07
PB.75665.1	2	3.6e-07
PB.75665.2	27	4.8e-06
PB.75666.1	12	2.1e-06
PB.75667.1	3	5.3e-07
PB.75668.1	3	5.3e-07
PB.75669.1	2	3.6e-07
PB.75670.1	8	1.4e-06
PB.75671.1	7	1.2e-06
PB.75671.2	11	2e-06
PB.75673.1	3	5.3e-07
PB.75674.1	2	3.6e-07
PB.75675.1	2	3.6e-07
PB.75676.1	4	7.1e-07
PB.75676.2	2	3.6e-07
PB.75677.1	3	5.3e-07
PB.75677.2	120	2.1e-05
PB.75678.1	4	7.1e-07
PB.75679.1	635	0.00011
PB.75679.2	6	1.1e-06
PB.75679.3	21	3.7e-06
PB.75679.4	3	5.3e-07
PB.75680.1	3	5.3e-07
PB.75683.2	2	3.6e-07
PB.75685.2	5	8.9e-07
PB.75686.1	2	3.6e-07
PB.75687.1	6	1.1e-06
PB.75688.1	3	5.3e-07
PB.75689.2	2	3.6e-07
PB.75692.1	17	3e-06
PB.75692.2	3	5.3e-07
PB.75692.3	2	3.6e-07
PB.75693.1	6	1.1e-06
PB.75694.1	19	3.4e-06
PB.75695.1	9	1.6e-06
PB.75695.2	126	2.2e-05
PB.75695.3	4	7.1e-07
PB.75695.4	4	7.1e-07
PB.75695.5	2	3.6e-07
PB.75697.1	2	3.6e-07
PB.75700.1	6	1.1e-06
PB.75701.1	2	3.6e-07
PB.75702.1	42	7.5e-06
PB.75703.1	2	3.6e-07
PB.75704.1	2	3.6e-07
PB.75707.1	2	3.6e-07
PB.75708.1	2	3.6e-07
PB.75709.1	2	3.6e-07
PB.75710.1	9	1.6e-06
PB.75710.2	2	3.6e-07
PB.75712.1	2	3.6e-07
PB.75714.1	511	9.1e-05
PB.75714.2	32	5.7e-06
PB.75718.1	2	3.6e-07
PB.75719.1	3	5.3e-07
PB.75719.2	15	2.7e-06
PB.75720.1	2	3.6e-07
PB.75721.1	3	5.3e-07
PB.75722.1	4	7.1e-07
PB.75725.2	112	2e-05
PB.75725.3	2	3.6e-07
PB.75726.2	5	8.9e-07
PB.75727.1	2	3.6e-07
PB.75728.1	2	3.6e-07
PB.75729.1	4	7.1e-07
PB.75731.2	2	3.6e-07
PB.75732.1	6	1.1e-06
PB.75733.1	6	1.1e-06
PB.75737.3	27	4.8e-06
PB.75738.1	2	3.6e-07
PB.75739.1	9	1.6e-06
PB.75740.1	2	3.6e-07
PB.75741.1	9	1.6e-06
PB.75743.1	4	7.1e-07
PB.75743.2	2	3.6e-07
PB.75745.2	26	4.6e-06
PB.75746.2	3	5.3e-07
PB.75747.2	2	3.6e-07
PB.75748.1	3	5.3e-07
PB.75749.1	4	7.1e-07
PB.75750.1	61	1.1e-05
PB.75750.3	5	8.9e-07
PB.75751.1	2	3.6e-07
PB.75752.1	2	3.6e-07
PB.75752.2	233	4.2e-05
PB.75755.1	7	1.2e-06
PB.75756.1	2	3.6e-07
PB.75757.1	9	1.6e-06
PB.75757.2	2	3.6e-07
PB.75758.1	5	8.9e-07
PB.75759.1	24	4.3e-06
PB.75763.4	5	8.9e-07
PB.75763.6	2	3.6e-07
PB.75765.1	4	7.1e-07
PB.75766.1	5	8.9e-07
PB.75766.2	20	3.6e-06
PB.75766.3	8	1.4e-06
PB.75766.4	2	3.6e-07
PB.75768.1	29	5.2e-06
PB.75771.1	2	3.6e-07
PB.75772.1	249	4.4e-05
PB.75772.2	4	7.1e-07
PB.75774.1	14	2.5e-06
PB.75774.2	32	5.7e-06
PB.75774.5	4	7.1e-07
PB.75774.6	5	8.9e-07
PB.75774.7	5	8.9e-07
PB.75775.1	20	3.6e-06
PB.75776.1	83	1.5e-05
PB.75777.1	4	7.1e-07
PB.75778.1	5	8.9e-07
PB.75781.1	2	3.6e-07
PB.75781.2	3	5.3e-07
PB.75781.3	2	3.6e-07
PB.75783.2	4	7.1e-07
PB.75784.1	15	2.7e-06
PB.75786.1	8	1.4e-06
PB.75788.1	2	3.6e-07
PB.75788.2	105	1.9e-05
PB.75789.1	15	2.7e-06
PB.75790.1	2	3.6e-07
PB.75791.1	2	3.6e-07
PB.75792.1	13	2.3e-06
PB.75793.1	2	3.6e-07
PB.75795.1	5	8.9e-07
PB.75795.2	5	8.9e-07
PB.75797.1	2	3.6e-07
PB.75799.2	2	3.6e-07
PB.75802.1	3	5.3e-07
PB.75802.2	2	3.6e-07
PB.75803.1	19	3.4e-06
PB.75804.1	2	3.6e-07
PB.75805.1	3	5.3e-07
PB.75806.1	4	7.1e-07
PB.75806.2	336	6e-05
PB.75808.1	2	3.6e-07
PB.75810.1	3	5.3e-07
PB.75811.1	2	3.6e-07
PB.75812.1	5	8.9e-07
PB.75813.1	6	1.1e-06
PB.75814.1	9	1.6e-06
PB.75815.1	2	3.6e-07
PB.75819.1	3	5.3e-07
PB.75819.2	246	4.4e-05
PB.75820.1	18	3.2e-06
PB.75821.1	2	3.6e-07
PB.75822.1	7	1.2e-06
PB.75823.1	11	2e-06
PB.75824.1	4	7.1e-07
PB.75825.1	3	5.3e-07
PB.75826.1	2	3.6e-07
PB.75827.1	3	5.3e-07
PB.75828.1	6	1.1e-06
PB.75829.1	3	5.3e-07
PB.83093.1	2	3.6e-07
PB.83094.1	3	5.3e-07
PB.83094.2	2	3.6e-07
PB.83094.3	2	3.6e-07
PB.83094.6	7	1.2e-06
PB.83095.1	2	3.6e-07
PB.83095.2	2	3.6e-07
PB.83095.3	6	1.1e-06
PB.83095.4	2	3.6e-07
PB.83096.1	2	3.6e-07
PB.83097.1	4	7.1e-07
PB.83098.2	244	4.3e-05
PB.83099.2	262	4.7e-05
PB.83100.1	19	3.4e-06
PB.83102.1	2	3.6e-07
PB.83104.1	2	3.6e-07
PB.83105.1	10	1.8e-06
PB.83107.1	4	7.1e-07
PB.83107.2	324	5.8e-05
PB.83107.3	4	7.1e-07
PB.83107.4	17	3e-06
PB.83108.1	9	1.6e-06
PB.83108.2	4	7.1e-07
PB.83109.1	5	8.9e-07
PB.83109.2	2	3.6e-07
PB.83110.1	2	3.6e-07
PB.83111.1	2	3.6e-07
PB.83111.3	54	9.6e-06
PB.83112.1	2	3.6e-07
PB.83113.1	5	8.9e-07
PB.83115.1	3	5.3e-07
PB.83116.2	1254	0.00022
PB.83116.3	6	1.1e-06
PB.83116.4	2	3.6e-07
PB.83116.5	2	3.6e-07
PB.83116.7	30	5.3e-06
PB.83117.1	10	1.8e-06
PB.83118.1	3	5.3e-07
PB.83119.1	2	3.6e-07
PB.83121.1	285	5.1e-05
PB.83121.2	3	5.3e-07
PB.83121.3	4	7.1e-07
PB.83123.1	17	3e-06
PB.83123.2	57	1e-05
PB.83124.1	4	7.1e-07
PB.83124.2	3	5.3e-07
PB.83125.1	2	3.6e-07
PB.83126.1	2	3.6e-07
PB.83129.1	2	3.6e-07
PB.83129.2	12	2.1e-06
PB.83129.3	32	5.7e-06
PB.83130.1	2	3.6e-07
PB.83131.1	10	1.8e-06
PB.83134.1	2	3.6e-07
PB.83135.1	2	3.6e-07
PB.83137.1	4	7.1e-07
PB.83138.1	2	3.6e-07
PB.83139.1	3	5.3e-07
PB.83139.2	13	2.3e-06
PB.83139.3	5	8.9e-07
PB.83140.1	2	3.6e-07
PB.83143.1	22	3.9e-06
PB.83144.1	2	3.6e-07
PB.83146.1	2	3.6e-07
PB.83148.1	2	3.6e-07
PB.83149.1	2	3.6e-07
PB.83153.1	2	3.6e-07
PB.83154.1	13	2.3e-06
PB.83155.1	11	2e-06
PB.83155.2	4	7.1e-07
PB.83155.3	3	5.3e-07
PB.83155.4	85	1.5e-05
PB.83157.2	8	1.4e-06
PB.83158.1	6	1.1e-06
PB.83159.1	22	3.9e-06
PB.83159.2	2	3.6e-07
PB.83159.3	4	7.1e-07
PB.83164.1	3	5.3e-07
PB.83166.1	2	3.6e-07
PB.83168.1	2	3.6e-07
PB.83170.1	6	1.1e-06
PB.83172.1	30	5.3e-06
PB.83172.2	21	3.7e-06
PB.83173.1	4	7.1e-07
PB.83174.1	14	2.5e-06
PB.83174.2	3	5.3e-07
PB.83177.1	11	2e-06
PB.83180.2	2	3.6e-07
PB.83180.3	441	7.9e-05
PB.83180.4	6	1.1e-06
PB.83181.1	2	3.6e-07
PB.83181.3	2	3.6e-07
PB.83182.1	5	8.9e-07
PB.83183.1	75	1.3e-05
PB.83184.1	9	1.6e-06
PB.83185.1	3	5.3e-07
PB.83186.1	35	6.2e-06
PB.83187.1	2	3.6e-07
PB.83189.1	19	3.4e-06
PB.83189.2	93	1.7e-05
PB.83189.3	2	3.6e-07
PB.83191.1	3	5.3e-07
PB.83193.1	17	3e-06
PB.83194.1	2	3.6e-07
PB.83195.1	2	3.6e-07
PB.83196.1	3	5.3e-07
PB.83198.1	3	5.3e-07
PB.83199.1	2	3.6e-07
PB.83199.2	20	3.6e-06
PB.83200.1	2	3.6e-07
PB.83203.1	2	3.6e-07
PB.83203.3	2	3.6e-07
PB.83204.1	2	3.6e-07
PB.83204.2	3	5.3e-07
PB.83205.2	3	5.3e-07
PB.83207.1	3	5.3e-07
PB.83207.2	56	1e-05
PB.83211.1	11	2e-06
PB.83212.1	2	3.6e-07
PB.83213.1	8	1.4e-06
PB.83214.1	3	5.3e-07
PB.83215.1	2	3.6e-07
PB.83216.2	6	1.1e-06
PB.83216.3	5	8.9e-07
PB.83216.4	60	1.1e-05
PB.83216.5	3	5.3e-07
PB.83216.6	3	5.3e-07
PB.83216.7	2	3.6e-07
PB.83216.9	3	5.3e-07
PB.83218.1	5	8.9e-07
PB.83219.1	24	4.3e-06
PB.83221.1	3	5.3e-07
PB.83222.1	2	3.6e-07
PB.83223.1	8	1.4e-06
PB.83226.1	2	3.6e-07
PB.83230.1	65	1.2e-05
PB.83232.1	24	4.3e-06
PB.83233.1	3	5.3e-07
PB.83233.2	4	7.1e-07
PB.83235.1	2	3.6e-07
PB.83235.2	2	3.6e-07
PB.83236.1	15	2.7e-06
PB.83239.1	8	1.4e-06
PB.83240.1	20	3.6e-06
PB.83240.2	4	7.1e-07
PB.83241.1	3	5.3e-07
PB.83241.2	2	3.6e-07
PB.83242.2	2	3.6e-07
PB.83243.1	6	1.1e-06
PB.83244.1	2	3.6e-07
PB.83246.1	46	8.2e-06
PB.83247.1	2	3.6e-07
PB.83247.2	17	3e-06
PB.83248.1	14	2.5e-06
PB.83250.1	2	3.6e-07
PB.83252.1	2	3.6e-07
PB.83254.1	2	3.6e-07
PB.83255.1	2	3.6e-07
PB.83256.1	5	8.9e-07
PB.83257.1	2	3.6e-07
PB.83257.2	3	5.3e-07
PB.83260.1	2	3.6e-07
PB.83261.1	2	3.6e-07
PB.83262.1	2	3.6e-07
PB.83263.1	5	8.9e-07
PB.83264.1	4	7.1e-07
PB.83266.1	3	5.3e-07
PB.83267.1	4	7.1e-07
PB.83268.1	2	3.6e-07
PB.83268.2	2	3.6e-07
PB.83269.1	5	8.9e-07
PB.83270.1	2	3.6e-07
PB.83271.1	5	8.9e-07
PB.83272.1	108	1.9e-05
PB.83272.2	7	1.2e-06
PB.83272.3	15	2.7e-06
PB.83272.4	2	3.6e-07
PB.83273.1	2	3.6e-07
PB.83273.2	5	8.9e-07
PB.83274.1	2	3.6e-07
PB.83275.1	18	3.2e-06
PB.88755.1	5	8.9e-07
PB.88756.1	12	2.1e-06
PB.88758.1	4	7.1e-07
PB.88761.1	4	7.1e-07
PB.88761.3	2	3.6e-07
PB.88761.4	2	3.6e-07
PB.88762.1	3	5.3e-07
PB.88762.2	3	5.3e-07
PB.88763.1	2	3.6e-07
PB.88764.1	2	3.6e-07
PB.88764.2	2	3.6e-07
PB.88765.1	63	1.1e-05
PB.88765.2	2	3.6e-07
PB.88768.1	2	3.6e-07
PB.88770.1	11	2e-06
PB.88771.1	2	3.6e-07
PB.88771.2	2	3.6e-07
PB.88773.1	30	5.3e-06
PB.88774.1	4	7.1e-07
PB.88774.3	2	3.6e-07
PB.88774.5	2	3.6e-07
PB.88775.1	3	5.3e-07
PB.88776.2	2	3.6e-07
PB.88777.1	6	1.1e-06
PB.88777.2	9	1.6e-06
PB.88777.3	2	3.6e-07
PB.88777.4	19	3.4e-06
PB.88777.5	3	5.3e-07
PB.88777.6	3	5.3e-07
PB.88778.1	2	3.6e-07
PB.88778.2	10	1.8e-06
PB.88779.2	4	7.1e-07
PB.88780.1	11	2e-06
PB.88781.1	2	3.6e-07
PB.88782.1	2	3.6e-07
PB.88783.1	2	3.6e-07
PB.88784.1	3	5.3e-07
PB.88785.1	2	3.6e-07
PB.88785.2	3	5.3e-07
PB.88786.1	3	5.3e-07
PB.88787.1	3	5.3e-07
PB.88788.1	2	3.6e-07
PB.88788.2	13	2.3e-06
PB.88788.3	5	8.9e-07
PB.88788.4	5	8.9e-07
PB.88788.5	5	8.9e-07
PB.88788.8	2	3.6e-07
PB.88788.9	4	7.1e-07
PB.88788.10	2	3.6e-07
PB.88788.11	2	3.6e-07
PB.88788.12	2	3.6e-07
PB.88789.1	20	3.6e-06
PB.88789.2	2	3.6e-07
PB.88790.1	3	5.3e-07
PB.88791.1	5	8.9e-07
PB.88791.2	2	3.6e-07
PB.88792.1	3	5.3e-07
PB.88792.2	8	1.4e-06
PB.88793.1	2	3.6e-07
PB.88795.1	9	1.6e-06
PB.88796.1	4	7.1e-07
PB.88800.1	16	2.9e-06
PB.88800.3	543	9.7e-05
PB.88800.4	10	1.8e-06
PB.88800.5	3	5.3e-07
PB.88800.6	2	3.6e-07
PB.88800.7	2	3.6e-07
PB.88801.1	6	1.1e-06
PB.88801.2	3	5.3e-07
PB.88801.4	2	3.6e-07
PB.88803.1	12	2.1e-06
PB.88804.1	4	7.1e-07
PB.88804.2	13	2.3e-06
PB.88804.3	29	5.2e-06
PB.88804.4	2	3.6e-07
PB.88805.1	2	3.6e-07
PB.88806.1	2	3.6e-07
PB.88806.2	10	1.8e-06
PB.88807.1	2	3.6e-07
PB.88808.1	9	1.6e-06
PB.88808.2	19	3.4e-06
PB.88808.3	11	2e-06
PB.88808.4	3	5.3e-07
PB.88808.5	9	1.6e-06
PB.88808.6	4	7.1e-07
PB.88808.7	2	3.6e-07
PB.88809.1	10	1.8e-06
PB.88810.1	4	7.1e-07
PB.88811.1	3	5.3e-07
PB.88812.1	4	7.1e-07
PB.88814.4	13	2.3e-06
PB.88814.5	22	3.9e-06
PB.88815.1	2	3.6e-07
PB.88815.2	3	5.3e-07
PB.88815.3	4	7.1e-07
PB.88816.1	3	5.3e-07
PB.88817.1	2	3.6e-07
PB.88818.1	2	3.6e-07
PB.88819.2	34	6.1e-06
PB.88820.1	9	1.6e-06
PB.88820.2	2	3.6e-07
PB.88821.1	2	3.6e-07
PB.88822.1	5	8.9e-07
PB.88822.2	2	3.6e-07
PB.88822.3	2	3.6e-07
PB.88822.4	2	3.6e-07
PB.88823.1	9	1.6e-06
PB.88825.1	9	1.6e-06
PB.88825.2	2	3.6e-07
PB.88825.4	5	8.9e-07
PB.88827.1	4	7.1e-07
PB.88828.2	7	1.2e-06
PB.88831.2	2	3.6e-07
PB.88832.1	2	3.6e-07
PB.88833.2	2	3.6e-07
PB.88834.1	3	5.3e-07
PB.88835.1	51	9.1e-06
PB.88837.1	2	3.6e-07
PB.88838.1	2	3.6e-07
PB.88841.1	2	3.6e-07
PB.88841.2	14	2.5e-06
PB.88841.3	9	1.6e-06
PB.88844.1	4	7.1e-07
PB.88846.1	4	7.1e-07
PB.88847.1	4	7.1e-07
PB.88848.1	2	3.6e-07
PB.88851.1	2	3.6e-07
PB.88853.1	2	3.6e-07
PB.88856.1	3	5.3e-07
PB.88857.1	2	3.6e-07
PB.88857.2	2	3.6e-07
PB.88859.1	3	5.3e-07
PB.88860.1	8	1.4e-06
PB.88861.2	4	7.1e-07
PB.88862.1	2	3.6e-07
PB.88862.2	154	2.7e-05
PB.88862.3	2	3.6e-07
PB.88864.1	6	1.1e-06
PB.88865.1	2	3.6e-07
PB.88866.1	3	5.3e-07
PB.88867.3	4	7.1e-07
PB.88868.3	2	3.6e-07
PB.88869.1	2	3.6e-07
PB.88870.1	7	1.2e-06
PB.88871.1	15	2.7e-06
PB.96068.1	2	3.6e-07
PB.96069.2	30	5.3e-06
PB.96069.3	2	3.6e-07
PB.96069.4	18	3.2e-06
PB.96070.1	4	7.1e-07
PB.96071.1	3	5.3e-07
PB.96072.1	19	3.4e-06
PB.96073.1	20	3.6e-06
PB.96075.1	36	6.4e-06
PB.96076.1	3	5.3e-07
PB.96077.1	233	4.2e-05
PB.96078.1	8	1.4e-06
PB.96079.1	10	1.8e-06
PB.96079.2	3	5.3e-07
PB.96079.3	22	3.9e-06
PB.96080.1	4	7.1e-07
PB.96081.1	2	3.6e-07
PB.96083.1	2	3.6e-07
PB.96083.2	2	3.6e-07
PB.96085.1	16	2.9e-06
PB.96086.2	2	3.6e-07
PB.96086.3	5	8.9e-07
PB.96086.4	10	1.8e-06
PB.96086.5	2	3.6e-07
PB.96086.6	2	3.6e-07
PB.96086.7	2	3.6e-07
PB.96086.8	9	1.6e-06
PB.96087.1	2	3.6e-07
PB.96089.1	4	7.1e-07
PB.96090.1	3	5.3e-07
PB.96090.2	2	3.6e-07
PB.96091.1	3	5.3e-07
PB.96092.1	6	1.1e-06
PB.96093.1	3	5.3e-07
PB.96093.2	3	5.3e-07
PB.96093.3	5	8.9e-07
PB.96096.1	17	3e-06
PB.96097.1	133	2.4e-05
PB.96098.1	24	4.3e-06
PB.96099.1	10	1.8e-06
PB.96100.1	2	3.6e-07
PB.96101.1	848	0.00015
PB.96101.2	10	1.8e-06
PB.96102.1	35	6.2e-06
PB.96103.1	389	6.9e-05
PB.96105.1	8	1.4e-06
PB.96105.2	2	3.6e-07
PB.96106.1	66	1.2e-05
PB.96106.3	26	4.6e-06
PB.96108.1	2	3.6e-07
PB.96109.1	6	1.1e-06
PB.96110.1	2	3.6e-07
PB.96111.1	2	3.6e-07
PB.96112.1	5	8.9e-07
PB.96113.1	49	8.7e-06
PB.96115.2	17	3e-06
PB.96115.3	2	3.6e-07
PB.96117.1	2	3.6e-07
PB.96118.1	5	8.9e-07
PB.96119.1	2	3.6e-07
PB.96121.2	2	3.6e-07
PB.96123.1	3	5.3e-07
PB.96123.2	27	4.8e-06
PB.96123.3	2	3.6e-07
PB.96123.4	7	1.2e-06
PB.96126.1	6	1.1e-06
PB.96128.1	2	3.6e-07
PB.96129.1	26	4.6e-06
PB.96132.1	14	2.5e-06
PB.96133.1	10	1.8e-06
PB.96135.1	6	1.1e-06
PB.96135.2	2	3.6e-07
PB.96136.1	2	3.6e-07
PB.96137.1	29	5.2e-06
PB.96139.1	3	5.3e-07
PB.96142.1	5	8.9e-07
PB.96143.1	5	8.9e-07
PB.96144.1	53	9.4e-06
PB.96145.1	7	1.2e-06
PB.96146.1	2	3.6e-07
PB.96147.1	8	1.4e-06
PB.96151.1	2	3.6e-07
PB.96152.1	5	8.9e-07
PB.96154.1	49	8.7e-06
PB.96155.1	2	3.6e-07
PB.96156.1	19	3.4e-06
PB.96156.3	2	3.6e-07
PB.96156.4	10	1.8e-06
PB.96156.5	10	1.8e-06
PB.96157.1	9	1.6e-06
PB.96158.1	2	3.6e-07
PB.96160.1	5	8.9e-07
PB.96162.1	2	3.6e-07
PB.96168.1	18	3.2e-06
PB.96169.1	9	1.6e-06
PB.96170.1	2	3.6e-07
PB.96171.1	3	5.3e-07
PB.96173.1	30	5.3e-06
PB.96174.1	2	3.6e-07
PB.96177.1	3	5.3e-07
PB.96180.1	3	5.3e-07
PB.96181.1	2	3.6e-07
PB.96182.1	2	3.6e-07
PB.96183.1	149	2.7e-05
PB.96183.2	2	3.6e-07
PB.96183.3	2	3.6e-07
PB.96183.4	3	5.3e-07
PB.96184.1	2	3.6e-07
PB.96184.2	132	2.4e-05
PB.96186.1	248	4.4e-05
PB.96187.1	2	3.6e-07
PB.96189.1	4	7.1e-07
PB.96191.1	2	3.6e-07
PB.96192.1	5	8.9e-07
PB.96193.1	83	1.5e-05
PB.96194.1	2	3.6e-07
PB.96195.1	16	2.9e-06
PB.96196.3	20	3.6e-06
PB.96197.1	12	2.1e-06
PB.96198.1	2	3.6e-07
PB.96200.1	144	2.6e-05
PB.96200.2	15	2.7e-06
PB.96200.3	2	3.6e-07
PB.96200.4	8	1.4e-06
PB.96202.1	2	3.6e-07
PB.96203.1	4	7.1e-07
PB.96204.1	19	3.4e-06
PB.96205.1	4	7.1e-07
PB.96205.2	428	7.6e-05
PB.96207.1	3	5.3e-07
PB.96207.2	5	8.9e-07
PB.96210.1	2	3.6e-07
PB.96211.1	2	3.6e-07
PB.96212.1	4	7.1e-07
PB.96213.1	2	3.6e-07
PB.96219.1	2	3.6e-07
PB.96220.1	2	3.6e-07
PB.96221.1	4	7.1e-07
PB.96222.1	2	3.6e-07
PB.96223.1	10	1.8e-06
PB.96224.1	2	3.6e-07
PB.96225.1	2	3.6e-07
PB.96226.1	2	3.6e-07
PB.96227.1	25	4.5e-06
PB.103684.1	2	3.6e-07
PB.103684.2	5	8.9e-07
PB.103686.1	2	3.6e-07
PB.103687.1	2	3.6e-07
PB.103688.1	2	3.6e-07
PB.103689.1	40	7.1e-06
PB.103689.2	4	7.1e-07
PB.103690.1	2	3.6e-07
PB.103690.2	3	5.3e-07
PB.103694.1	2	3.6e-07
PB.103695.1	4	7.1e-07
PB.103696.1	2	3.6e-07
PB.103697.1	16	2.9e-06
PB.103698.1	8	1.4e-06
PB.103699.1	2	3.6e-07
PB.103700.1	19	3.4e-06
PB.103701.1	11	2e-06
PB.103702.1	5	8.9e-07
PB.103703.1	16	2.9e-06
PB.103704.1	6	1.1e-06
PB.103704.2	3	5.3e-07
PB.103705.1	3	5.3e-07
PB.103706.2	2	3.6e-07
PB.103707.1	2	3.6e-07
PB.103709.1	5	8.9e-07
PB.103709.3	4	7.1e-07
PB.103710.1	22	3.9e-06
PB.103711.1	54	9.6e-06
PB.103712.1	5	8.9e-07
PB.103713.1	22	3.9e-06
PB.103714.1	35	6.2e-06
PB.103715.1	3	5.3e-07
PB.103717.1	31	5.5e-06
PB.103718.1	57	1e-05
PB.103719.1	2	3.6e-07
PB.103720.1	451	8e-05
PB.103720.2	2	3.6e-07
PB.103721.1	9	1.6e-06
PB.103722.1	2	3.6e-07
PB.103723.1	18	3.2e-06
PB.103724.1	24	4.3e-06
PB.103725.1	5	8.9e-07
PB.103726.1	2	3.6e-07
PB.103728.1	21	3.7e-06
PB.103728.2	2	3.6e-07
PB.103729.1	10	1.8e-06
PB.103730.1	4	7.1e-07
PB.103731.1	69	1.2e-05
PB.103732.1	11	2e-06
PB.103733.1	2	3.6e-07
PB.103734.1	2	3.6e-07
PB.103735.1	13	2.3e-06
PB.103737.1	2	3.6e-07
PB.103739.1	2	3.6e-07
PB.103740.1	6	1.1e-06
PB.103741.1	7	1.2e-06
PB.103742.1	2	3.6e-07
PB.103743.1	52	9.3e-06
PB.103744.1	100	1.8e-05
PB.103745.1	11	2e-06
PB.103746.1	5	8.9e-07
PB.103747.1	2	3.6e-07
PB.103748.1	2	3.6e-07
PB.103752.1	3	5.3e-07
PB.103753.1	11	2e-06
PB.103754.1	7	1.2e-06
PB.103756.1	2	3.6e-07
PB.103757.1	2	3.6e-07
PB.103758.1	4	7.1e-07
PB.103759.1	4	7.1e-07
PB.103760.1	2	3.6e-07
PB.103761.1	5	8.9e-07
PB.103762.1	27	4.8e-06
PB.103763.1	2	3.6e-07
PB.103763.2	2	3.6e-07
PB.103764.1	2	3.6e-07
PB.103766.1	17	3e-06
PB.103767.1	61	1.1e-05
PB.103767.2	3178	0.00057
PB.103768.1	2	3.6e-07
PB.103769.1	1909	0.00034
PB.103770.1	2	3.6e-07
PB.103772.1	15	2.7e-06
PB.103773.1	2	3.6e-07
PB.103774.1	18	3.2e-06
PB.103775.1	2	3.6e-07
PB.103778.1	228	4.1e-05
PB.103779.1	2	3.6e-07
PB.103781.1	11	2e-06
PB.103782.1	9	1.6e-06
PB.103783.1	2	3.6e-07
PB.103784.1	66	1.2e-05
PB.103784.3	2	3.6e-07
PB.103785.1	6	1.1e-06
PB.103786.1	119	2.1e-05
PB.103787.1	2	3.6e-07
PB.103787.2	6	1.1e-06
PB.103789.1	2	3.6e-07
PB.103790.1	2	3.6e-07
PB.103792.1	16	2.9e-06
PB.103793.1	7	1.2e-06
PB.103793.2	406	7.2e-05
PB.103794.1	39	6.9e-06
PB.103795.1	7	1.2e-06
PB.103795.2	4	7.1e-07
PB.103796.1	2	3.6e-07
PB.103797.1	3	5.3e-07
PB.103798.1	15	2.7e-06
PB.103799.1	3	5.3e-07
PB.103799.3	176	3.1e-05
PB.103799.4	647	0.00012
PB.103799.5	7	1.2e-06
PB.103800.1	9	1.6e-06
PB.103802.1	2	3.6e-07
PB.103802.2	3	5.3e-07
PB.103803.1	2	3.6e-07
PB.103804.1	227	4e-05
PB.103804.2	11	2e-06
PB.103805.1	6	1.1e-06
PB.103806.1	4	7.1e-07
PB.103808.1	54	9.6e-06
PB.103810.1	7	1.2e-06
PB.103811.1	2	3.6e-07
PB.103811.2	35	6.2e-06
PB.103813.1	3	5.3e-07
PB.103815.1	56	1e-05
PB.103816.1	7	1.2e-06
PB.103818.1	2	3.6e-07
PB.103819.1	3	5.3e-07
PB.103820.1	2	3.6e-07
PB.103825.1	2	3.6e-07
PB.103826.1	2	3.6e-07
PB.103828.1	4	7.1e-07
PB.103829.1	30	5.3e-06
PB.103830.1	11	2e-06
PB.103831.1	4	7.1e-07
PB.103833.1	3	5.3e-07
PB.103835.1	3	5.3e-07
PB.103836.1	2	3.6e-07
PB.103837.1	2	3.6e-07
PB.103838.1	5	8.9e-07
PB.103838.2	3	5.3e-07
PB.103839.1	10	1.8e-06
PB.103840.1	3	5.3e-07
PB.103841.1	2	3.6e-07
PB.111548.1	3	5.3e-07
PB.111549.1	6	1.1e-06
PB.111549.2	4	7.1e-07
PB.111550.1	3	5.3e-07
PB.111551.1	27	4.8e-06
PB.111552.1	12	2.1e-06
PB.111552.2	2	3.6e-07
PB.111553.1	3	5.3e-07
PB.111554.1	5	8.9e-07
PB.111558.1	4	7.1e-07
PB.111559.1	2	3.6e-07
PB.111560.1	2	3.6e-07
PB.111562.1	2	3.6e-07
PB.111563.1	79	1.4e-05
PB.111564.1	5	8.9e-07
PB.111564.2	2	3.6e-07
PB.111565.1	2	3.6e-07
PB.111566.1	2	3.6e-07
PB.111567.1	2	3.6e-07
PB.111568.1	10	1.8e-06
PB.111570.1	5	8.9e-07
PB.111571.1	2	3.6e-07
PB.111572.1	2	3.6e-07
PB.111573.1	116	2.1e-05
PB.111574.1	2	3.6e-07
PB.111575.1	5	8.9e-07
PB.111576.1	5	8.9e-07
PB.111577.1	8	1.4e-06
PB.111580.1	3	5.3e-07
PB.111581.1	2	3.6e-07
PB.111582.1	24	4.3e-06
PB.111583.1	323	5.8e-05
PB.111584.1	3	5.3e-07
PB.111584.2	29	5.2e-06
PB.111585.1	2	3.6e-07
PB.111586.1	31	5.5e-06
PB.111587.1	2	3.6e-07
PB.111589.1	2	3.6e-07
PB.111590.1	6	1.1e-06
PB.111591.1	2	3.6e-07
PB.111592.1	3	5.3e-07
PB.111594.1	2	3.6e-07
PB.111594.2	2	3.6e-07
PB.111595.1	2	3.6e-07
PB.111596.1	30	5.3e-06
PB.111597.1	15	2.7e-06
PB.111598.1	4	7.1e-07
PB.111601.1	3	5.3e-07
PB.111602.1	737	0.00013
PB.111602.2	81	1.4e-05
PB.111603.1	4	7.1e-07
PB.111604.1	39	6.9e-06
PB.111605.1	2	3.6e-07
PB.111606.1	9	1.6e-06
PB.111607.1	2	3.6e-07
PB.111608.1	3	5.3e-07
PB.111610.1	2	3.6e-07
PB.111611.1	3	5.3e-07
PB.111613.1	21	3.7e-06
PB.111617.1	52	9.3e-06
PB.111619.1	2	3.6e-07
PB.111620.1	5	8.9e-07
PB.111621.1	4	7.1e-07
PB.111622.1	5	8.9e-07
PB.111622.2	4	7.1e-07
PB.111623.1	15	2.7e-06
PB.111627.1	2	3.6e-07
PB.111628.1	2	3.6e-07
PB.111629.1	3	5.3e-07
PB.111630.1	7	1.2e-06
PB.111632.1	12	2.1e-06
PB.111633.1	5	8.9e-07
PB.111634.1	9	1.6e-06
PB.111635.1	36	6.4e-06
PB.111638.1	2	3.6e-07
PB.111638.2	379	6.8e-05
PB.111639.1	17	3e-06
PB.111642.1	8	1.4e-06
PB.111644.1	2	3.6e-07
PB.111645.1	2	3.6e-07
PB.111646.1	364	6.5e-05
PB.111648.1	38	6.8e-06
PB.111651.1	4	7.1e-07
PB.111652.1	16	2.9e-06
PB.111653.1	3	5.3e-07
PB.111653.2	15	2.7e-06
PB.111654.1	2	3.6e-07
PB.111657.1	4	7.1e-07
PB.111658.1	18	3.2e-06
PB.111659.1	4	7.1e-07
PB.111660.1	2	3.6e-07
PB.111661.1	3	5.3e-07
PB.111663.2	2	3.6e-07
PB.111664.1	20	3.6e-06
PB.111664.2	10	1.8e-06
PB.111666.1	2	3.6e-07
PB.111668.1	2	3.6e-07
PB.111672.1	37	6.6e-06
PB.111673.1	4	7.1e-07
PB.111675.1	50	8.9e-06
PB.111677.1	3	5.3e-07
PB.111678.1	4	7.1e-07
PB.111680.1	2	3.6e-07
PB.111683.1	2	3.6e-07
PB.111685.1	2	3.6e-07
PB.111690.1	6	1.1e-06
PB.111692.1	3	5.3e-07
PB.111692.2	11	2e-06
PB.111693.1	37	6.6e-06
PB.111694.1	2	3.6e-07
PB.111696.1	5	8.9e-07
PB.111699.1	5	8.9e-07
PB.111700.1	2	3.6e-07
PB.111701.1	15	2.7e-06
PB.111702.1	9	1.6e-06
PB.111703.1	4	7.1e-07
PB.111705.1	10	1.8e-06
PB.111706.1	2	3.6e-07
PB.111707.1	3	5.3e-07
PB.118859.1	2	3.6e-07
PB.118860.1	2	3.6e-07
PB.118861.1	8	1.4e-06
PB.118863.1	2	3.6e-07
PB.118864.1	4	7.1e-07
PB.118865.1	4	7.1e-07
PB.118866.1	12	2.1e-06
PB.118868.1	5	8.9e-07
PB.118869.1	3	5.3e-07
PB.118870.1	14	2.5e-06
PB.118871.1	2	3.6e-07
PB.118872.1	5	8.9e-07
PB.118873.1	2	3.6e-07
PB.118874.1	3	5.3e-07
PB.118875.1	2	3.6e-07
PB.118876.1	4	7.1e-07
PB.118877.1	6	1.1e-06
PB.118878.1	7	1.2e-06
PB.118879.1	3	5.3e-07
PB.118882.2	2	3.6e-07
PB.118882.3	53	9.4e-06
PB.118884.1	2	3.6e-07
PB.118886.1	4	7.1e-07
PB.118887.1	2	3.6e-07
PB.118889.1	7	1.2e-06
PB.118891.1	15	2.7e-06
PB.118897.1	2	3.6e-07
PB.118901.1	6	1.1e-06
PB.118905.1	3	5.3e-07
PB.118906.1	5	8.9e-07
PB.118908.1	2	3.6e-07
PB.118911.1	3	5.3e-07
PB.118912.1	2	3.6e-07
PB.118913.1	2	3.6e-07
PB.118916.1	2	3.6e-07
PB.118917.1	2	3.6e-07
PB.118921.2	10	1.8e-06
PB.118923.1	2	3.6e-07
PB.118924.1	2	3.6e-07
PB.118931.1	4	7.1e-07
PB.118933.1	2	3.6e-07
PB.118934.1	2	3.6e-07
PB.118935.1	4	7.1e-07
PB.118936.1	17	3e-06
PB.118938.1	13	2.3e-06
PB.118939.1	9	1.6e-06
PB.118942.1	2	3.6e-07
PB.118943.1	5	8.9e-07
PB.118945.1	2	3.6e-07
PB.118948.1	8	1.4e-06
PB.118949.1	4	7.1e-07
PB.118950.1	3	5.3e-07
PB.118950.2	2	3.6e-07
PB.118951.1	3	5.3e-07
PB.118953.1	8	1.4e-06
PB.118954.1	5	8.9e-07
PB.118958.1	13	2.3e-06
PB.118958.2	56	1e-05
PB.118958.3	5	8.9e-07
PB.118961.1	2	3.6e-07
PB.118962.1	36	6.4e-06
PB.118962.2	3	5.3e-07
PB.118963.1	2	3.6e-07
PB.118964.1	3	5.3e-07
PB.118965.1	2	3.6e-07
PB.118965.3	4	7.1e-07
PB.118973.1	9	1.6e-06
PB.118974.1	2	3.6e-07
PB.118975.1	13	2.3e-06
PB.118977.1	2	3.6e-07
PB.118980.1	2	3.6e-07
PB.118981.1	58	1e-05
PB.118985.1	2	3.6e-07
PB.118986.1	7	1.2e-06
PB.118988.1	2	3.6e-07
PB.118989.1	7	1.2e-06
PB.118991.1	2	3.6e-07
PB.118992.1	7	1.2e-06
PB.118993.1	2	3.6e-07
PB.118993.2	14	2.5e-06
PB.118994.1	5	8.9e-07
PB.118996.1	4	7.1e-07
PB.118998.1	10	1.8e-06
PB.118999.1	6	1.1e-06
PB.119000.1	31	5.5e-06
PB.119003.1	5	8.9e-07
PB.119005.1	3	5.3e-07
PB.119006.1	6	1.1e-06
PB.119009.1	9	1.6e-06
PB.119011.1	5	8.9e-07
PB.119013.1	2	3.6e-07
PB.119015.1	2	3.6e-07
PB.119018.1	2	3.6e-07
PB.119019.1	4	7.1e-07
PB.119020.1	7	1.2e-06
PB.119021.1	30	5.3e-06
PB.119022.1	5	8.9e-07
PB.119024.1	2	3.6e-07
PB.119027.1	3	5.3e-07
PB.119028.1	2	3.6e-07
PB.119029.1	7	1.2e-06
PB.119032.1	2	3.6e-07
PB.119034.1	2	3.6e-07
PB.119036.1	6	1.1e-06
PB.119037.1	4	7.1e-07
PB.119038.1	2	3.6e-07
PB.124735.1	2	3.6e-07
PB.124736.1	5	8.9e-07
PB.124736.2	3	5.3e-07
PB.124736.3	8	1.4e-06
PB.124736.4	9	1.6e-06
PB.124737.1	2	3.6e-07
PB.124739.1	2	3.6e-07
PB.124742.1	4	7.1e-07
PB.124744.2	10	1.8e-06
PB.124744.3	7	1.2e-06
PB.124745.1	2	3.6e-07
PB.124746.1	2	3.6e-07
PB.124747.1	4	7.1e-07
PB.124748.1	2	3.6e-07
PB.124749.1	2	3.6e-07
PB.124751.1	8	1.4e-06
PB.124751.2	13	2.3e-06
PB.124751.3	2	3.6e-07
PB.124752.1	2	3.6e-07
PB.124752.2	11	2e-06
PB.124753.1	2	3.6e-07
PB.124754.1	2	3.6e-07
PB.124755.1	2	3.6e-07
PB.124755.2	2	3.6e-07
PB.124756.1	6	1.1e-06
PB.124756.2	15	2.7e-06
PB.124756.3	2	3.6e-07
PB.124756.4	153	2.7e-05
PB.124756.5	7	1.2e-06
PB.124757.1	4	7.1e-07
PB.124758.1	4	7.1e-07
PB.124760.1	24	4.3e-06
PB.124761.1	5	8.9e-07
PB.124764.1	25	4.5e-06
PB.124765.1	5	8.9e-07
PB.124765.2	22	3.9e-06
PB.124765.3	3	5.3e-07
PB.124768.1	15	2.7e-06
PB.124768.2	2	3.6e-07
PB.124769.1	2	3.6e-07
PB.124769.2	6	1.1e-06
PB.124769.3	2	3.6e-07
PB.124770.1	5	8.9e-07
PB.124770.2	14	2.5e-06
PB.124770.3	2	3.6e-07
PB.124772.1	3	5.3e-07
PB.124773.1	3	5.3e-07
PB.124774.1	3	5.3e-07
PB.124775.1	61	1.1e-05
PB.124775.2	451	8e-05
PB.124776.2	6	1.1e-06
PB.124778.1	2	3.6e-07
PB.124778.2	4	7.1e-07
PB.124778.3	4	7.1e-07
PB.124778.4	3	5.3e-07
PB.124778.5	2	3.6e-07
PB.124780.2	2	3.6e-07
PB.124782.2	2	3.6e-07
PB.124783.1	7	1.2e-06
PB.124784.1	6	1.1e-06
PB.124787.2	7	1.2e-06
PB.124787.3	4	7.1e-07
PB.124788.2	3	5.3e-07
PB.124791.2	4	7.1e-07
PB.124792.2	5	8.9e-07
PB.124795.1	2	3.6e-07
PB.124796.1	16	2.9e-06
PB.124796.3	2	3.6e-07
PB.124796.4	2	3.6e-07
PB.124797.1	8	1.4e-06
PB.124799.1	8	1.4e-06
PB.124799.2	3	5.3e-07
PB.124799.3	16	2.9e-06
PB.124799.4	2	3.6e-07
PB.124800.1	2	3.6e-07
PB.124801.3	7	1.2e-06
PB.124802.3	2	3.6e-07
PB.124802.4	108	1.9e-05
PB.124802.5	2	3.6e-07
PB.124803.1	2	3.6e-07
PB.124804.1	4	7.1e-07
PB.124804.2	2	3.6e-07
PB.124806.1	4	7.1e-07
PB.124807.1	3	5.3e-07
PB.124809.1	5	8.9e-07
PB.124809.2	5	8.9e-07
PB.124811.1	4	7.1e-07
PB.124812.3	35	6.2e-06
PB.124813.1	2	3.6e-07
PB.124813.2	6	1.1e-06
PB.124813.4	5	8.9e-07
PB.124814.1	2	3.6e-07
PB.124815.1	2	3.6e-07
PB.124816.1	4	7.1e-07
PB.124817.1	2	3.6e-07
PB.124817.2	2	3.6e-07
PB.124818.1	4	7.1e-07
PB.124820.1	2	3.6e-07
PB.124821.1	2	3.6e-07
PB.124822.1	22	3.9e-06
PB.124822.2	355	6.3e-05
PB.124822.3	10	1.8e-06
PB.124822.4	5	8.9e-07
PB.124822.5	4	7.1e-07
PB.124822.6	3	5.3e-07
PB.124822.7	4	7.1e-07
PB.124822.8	3	5.3e-07
PB.124823.1	2	3.6e-07
PB.124823.2	2	3.6e-07
PB.124824.1	4	7.1e-07
PB.124825.2	5	8.9e-07
PB.124826.2	9	1.6e-06
PB.124829.1	3	5.3e-07
PB.124830.1	5	8.9e-07
PB.124830.2	2	3.6e-07
PB.124831.1	3	5.3e-07
PB.124832.1	5	8.9e-07
PB.124833.2	9	1.6e-06
PB.124833.3	3	5.3e-07
PB.124837.1	4	7.1e-07
PB.124838.1	8	1.4e-06
PB.124838.2	3	5.3e-07
PB.124838.3	3	5.3e-07
PB.124841.1	3	5.3e-07
PB.124841.2	2	3.6e-07
PB.124842.1	2	3.6e-07
PB.124842.4	10	1.8e-06
PB.124843.1	4	7.1e-07
PB.124843.3	2	3.6e-07
PB.124844.1	2	3.6e-07
PB.124845.1	3	5.3e-07
PB.124846.1	371	6.6e-05
PB.124846.2	5	8.9e-07
PB.124846.3	11	2e-06
PB.124848.2	4	7.1e-07
PB.124848.4	11	2e-06
PB.124849.2	2	3.6e-07
PB.124850.1	2	3.6e-07
PB.124851.1	2	3.6e-07
PB.124852.1	4	7.1e-07
PB.124853.1	10	1.8e-06
PB.124854.1	4	7.1e-07
PB.124857.1	3	5.3e-07
PB.124858.1	4	7.1e-07
PB.124859.1	6	1.1e-06
PB.124860.2	2	3.6e-07
PB.124861.1	4	7.1e-07
PB.124862.1	2	3.6e-07
PB.124865.1	2	3.6e-07
PB.124866.1	2	3.6e-07
PB.124866.2	2	3.6e-07
PB.124867.1	2	3.6e-07
PB.124868.2	10	1.8e-06
PB.124869.1	7	1.2e-06
PB.124869.2	6	1.1e-06
PB.124869.3	2	3.6e-07
PB.124869.4	119	2.1e-05
PB.124870.1	2	3.6e-07
PB.124870.2	2	3.6e-07
PB.124870.3	3	5.3e-07
PB.124871.1	2	3.6e-07
PB.124871.2	2	3.6e-07
PB.124871.3	2	3.6e-07
PB.124872.1	3	5.3e-07
PB.124872.2	3	5.3e-07
PB.124873.1	8	1.4e-06
PB.130815.3	10	1.8e-06
PB.130815.4	5	8.9e-07
PB.130815.5	2	3.6e-07
PB.130815.6	4	7.1e-07
PB.130816.1	6	1.1e-06
PB.130817.2	3	5.3e-07
PB.130818.1	2	3.6e-07
PB.130819.2	6	1.1e-06
PB.130819.3	4	7.1e-07
PB.130819.4	25	4.5e-06
PB.130819.6	111	2e-05
PB.130820.1	2	3.6e-07
PB.130821.2	4	7.1e-07
PB.130822.1	4	7.1e-07
PB.130824.1	8	1.4e-06
PB.130824.2	3	5.3e-07
PB.130825.1	8	1.4e-06
PB.130827.1	6	1.1e-06
PB.130827.2	2	3.6e-07
PB.130828.1	3	5.3e-07
PB.130830.1	2	3.6e-07
PB.130831.1	4	7.1e-07
PB.130832.2	2	3.6e-07
PB.130832.3	2	3.6e-07
PB.130833.1	3	5.3e-07
PB.130834.1	246	4.4e-05
PB.130835.1	2	3.6e-07
PB.130835.2	13	2.3e-06
PB.130835.3	11	2e-06
PB.130835.4	308	5.5e-05
PB.130835.5	20	3.6e-06
PB.130835.6	10	1.8e-06
PB.130835.7	3	5.3e-07
PB.130835.8	11	2e-06
PB.130835.9	2	3.6e-07
PB.130835.10	2	3.6e-07
PB.130835.11	2	3.6e-07
PB.130836.2	6	1.1e-06
PB.130836.3	2	3.6e-07
PB.130837.1	49	8.7e-06
PB.130838.1	100	1.8e-05
PB.130841.1	2	3.6e-07
PB.130844.1	2	3.6e-07
PB.130845.1	5	8.9e-07
PB.130846.1	2	3.6e-07
PB.130847.1	4	7.1e-07
PB.130848.1	2	3.6e-07
PB.130850.1	2	3.6e-07
PB.130852.1	2	3.6e-07
PB.130852.2	2	3.6e-07
PB.130853.1	2	3.6e-07
PB.130854.1	2	3.6e-07
PB.130855.1	48	8.6e-06
PB.130856.1	2	3.6e-07
PB.130857.1	4	7.1e-07
PB.130857.2	16	2.9e-06
PB.130857.4	2	3.6e-07
PB.130857.5	7	1.2e-06
PB.130857.6	2	3.6e-07
PB.130857.7	11	2e-06
PB.130857.8	12	2.1e-06
PB.130857.9	2	3.6e-07
PB.130858.1	7	1.2e-06
PB.130858.2	17	3e-06
PB.130859.1	2	3.6e-07
PB.130860.1	5	8.9e-07
PB.130863.1	4	7.1e-07
PB.130863.2	2	3.6e-07
PB.130865.1	14	2.5e-06
PB.130866.1	9	1.6e-06
PB.130866.2	6	1.1e-06
PB.130867.2	5	8.9e-07
PB.130867.3	5	8.9e-07
PB.130867.5	2	3.6e-07
PB.130868.1	2	3.6e-07
PB.130869.1	2	3.6e-07
PB.130871.3	2	3.6e-07
PB.130871.4	5	8.9e-07
PB.130872.1	4	7.1e-07
PB.130873.1	9	1.6e-06
PB.130873.2	7	1.2e-06
PB.130873.3	92	1.6e-05
PB.130875.1	3	5.3e-07
PB.130875.2	2	3.6e-07
PB.130875.3	2	3.6e-07
PB.130875.4	8	1.4e-06
PB.130875.5	363	6.5e-05
PB.130875.6	8	1.4e-06
PB.130875.7	4	7.1e-07
PB.130875.8	4	7.1e-07
PB.130876.1	2	3.6e-07
PB.130876.2	15	2.7e-06
PB.130876.3	2	3.6e-07
PB.130877.1	2	3.6e-07
PB.130877.2	27	4.8e-06
PB.130877.3	13	2.3e-06
PB.130877.4	2	3.6e-07
PB.130877.6	2	3.6e-07
PB.130877.7	3	5.3e-07
PB.130878.1	59	1.1e-05
PB.130878.2	11	2e-06
PB.130878.3	2	3.6e-07
PB.130879.1	2	3.6e-07
PB.130879.2	4	7.1e-07
PB.130881.1	2	3.6e-07
PB.130881.2	2	3.6e-07
PB.130882.1	2	3.6e-07
PB.130882.2	11	2e-06
PB.130883.1	26	4.6e-06
PB.130885.1	5	8.9e-07
PB.130886.1	27	4.8e-06
PB.130887.1	2	3.6e-07
PB.130888.1	100	1.8e-05
PB.130890.4	2	3.6e-07
PB.130890.6	40	7.1e-06
PB.130890.7	2	3.6e-07
PB.130891.1	3	5.3e-07
PB.130891.2	3	5.3e-07
PB.130891.4	2	3.6e-07
PB.130892.1	2	3.6e-07
PB.130893.1	2	3.6e-07
PB.130894.1	33	5.9e-06
PB.130896.1	2	3.6e-07
PB.130897.1	2	3.6e-07
PB.130898.1	2	3.6e-07
PB.130898.2	43	7.7e-06
PB.130898.3	2	3.6e-07
PB.130900.1	6	1.1e-06
PB.130901.1	2	3.6e-07
PB.130902.1	2	3.6e-07
PB.130903.1	10	1.8e-06
PB.130904.1	12	2.1e-06
PB.130904.2	3	5.3e-07
PB.130905.1	2	3.6e-07
PB.130907.1	5	8.9e-07
PB.130909.1	11	2e-06
PB.130911.2	21	3.7e-06
PB.130912.1	4	7.1e-07
PB.130913.1	5	8.9e-07
PB.130913.2	236	4.2e-05
PB.130913.3	5	8.9e-07
PB.130914.1	124	2.2e-05
PB.130914.3	2	3.6e-07
PB.130914.4	2	3.6e-07
PB.130915.1	2	3.6e-07
PB.130916.1	6	1.1e-06
PB.130916.3	2	3.6e-07
PB.130917.1	2	3.6e-07
PB.130918.1	2	3.6e-07
PB.130920.1	5	8.9e-07
PB.130921.2	4	7.1e-07
PB.130921.3	2	3.6e-07
PB.130922.1	2	3.6e-07
PB.130923.3	23	4.1e-06
PB.130924.1	3	5.3e-07
PB.130927.1	3	5.3e-07
PB.130927.2	2	3.6e-07
PB.130928.1	2	3.6e-07
PB.130929.1	8	1.4e-06
PB.130929.2	10	1.8e-06
PB.130929.3	5	8.9e-07
PB.130929.4	12	2.1e-06
PB.130931.1	2	3.6e-07
PB.130931.2	6	1.1e-06
PB.130931.3	2	3.6e-07
PB.130931.5	7	1.2e-06
PB.130932.1	7	1.2e-06
PB.130932.2	81	1.4e-05
PB.130932.3	7	1.2e-06
PB.130932.4	3	5.3e-07
PB.130932.5	2	3.6e-07
PB.130933.1	3	5.3e-07
PB.130934.2	3	5.3e-07
PB.130934.3	7	1.2e-06
PB.130934.4	5	8.9e-07
PB.130934.5	6	1.1e-06
PB.130934.6	107	1.9e-05
PB.130934.7	3	5.3e-07
PB.130934.8	2	3.6e-07
PB.130934.9	2	3.6e-07
PB.130934.10	2	3.6e-07
PB.130934.11	3	5.3e-07
PB.130934.12	2	3.6e-07
PB.130934.13	2	3.6e-07
PB.130935.2	7	1.2e-06
PB.130935.3	32	5.7e-06
PB.130935.4	4	7.1e-07
PB.130935.5	2	3.6e-07
PB.130935.6	4	7.1e-07
PB.130935.7	17	3e-06
PB.130935.8	3	5.3e-07
PB.130935.9	2	3.6e-07
PB.130937.1	3	5.3e-07
PB.130937.2	554	9.9e-05
PB.130938.1	2	3.6e-07
PB.130944.1	3	5.3e-07
PB.130945.1	3	5.3e-07
PB.130946.3	2	3.6e-07
PB.130947.1	2	3.6e-07
PB.130948.1	2	3.6e-07
PB.130949.1	2	3.6e-07
PB.130950.1	3	5.3e-07
PB.130951.1	4	7.1e-07
PB.130952.1	6	1.1e-06
PB.130953.1	8	1.4e-06
PB.130954.1	5	8.9e-07
PB.130957.1	2	3.6e-07
PB.130958.1	7	1.2e-06
PB.130959.1	8	1.4e-06
PB.130960.1	6	1.1e-06
PB.130960.2	7	1.2e-06
PB.130960.3	2	3.6e-07
PB.130960.4	48	8.6e-06
PB.130960.5	2	3.6e-07
PB.130961.1	3	5.3e-07
PB.130961.2	5	8.9e-07
PB.130963.1	2	3.6e-07
PB.130963.2	2	3.6e-07
PB.130963.3	2	3.6e-07
PB.130963.4	2	3.6e-07
PB.130963.5	2	3.6e-07
PB.130963.6	31	5.5e-06
PB.130963.7	3	5.3e-07
PB.130963.8	2	3.6e-07
PB.130963.9	4	7.1e-07
PB.130964.2	8	1.4e-06
PB.130964.3	10	1.8e-06
PB.130965.1	3	5.3e-07
PB.130966.1	12	2.1e-06
PB.130966.2	2	3.6e-07
PB.137288.1	2	3.6e-07
PB.137289.1	2	3.6e-07
PB.137290.1	10	1.8e-06
PB.137290.2	7	1.2e-06
PB.137290.3	7	1.2e-06
PB.137291.1	5	8.9e-07
PB.137292.1	2	3.6e-07
PB.137293.1	16	2.9e-06
PB.137294.1	6	1.1e-06
PB.137294.2	11	2e-06
PB.137294.3	2	3.6e-07
PB.137294.4	8	1.4e-06
PB.137294.5	10	1.8e-06
PB.137294.6	5	8.9e-07
PB.137295.1	2	3.6e-07
PB.137296.1	3	5.3e-07
PB.137296.2	3	5.3e-07
PB.137296.4	19	3.4e-06
PB.137298.1	6	1.1e-06
PB.137301.1	5	8.9e-07
PB.137301.2	4	7.1e-07
PB.137302.1	7	1.2e-06
PB.137304.5	2	3.6e-07
PB.137306.1	87	1.5e-05
PB.137307.1	8	1.4e-06
PB.137307.2	3	5.3e-07
PB.137307.3	15	2.7e-06
PB.137307.4	14	2.5e-06
PB.137307.5	5	8.9e-07
PB.137307.6	2	3.6e-07
PB.137307.7	2	3.6e-07
PB.137307.8	2	3.6e-07
PB.137307.9	3	5.3e-07
PB.137307.10	2	3.6e-07
PB.137307.11	3	5.3e-07
PB.137307.12	2	3.6e-07
PB.137308.1	4	7.1e-07
PB.137310.1	3	5.3e-07
PB.137310.2	3	5.3e-07
PB.137312.1	2	3.6e-07
PB.137313.3	2	3.6e-07
PB.137316.1	6	1.1e-06
PB.137316.2	7	1.2e-06
PB.137316.3	4	7.1e-07
PB.137316.4	2	3.6e-07
PB.137316.5	2	3.6e-07
PB.137317.3	2	3.6e-07
PB.137318.1	2	3.6e-07
PB.137321.1	3	5.3e-07
PB.137322.1	2	3.6e-07
PB.137322.2	5	8.9e-07
PB.137322.3	2	3.6e-07
PB.137322.4	2	3.6e-07
PB.137323.1	4	7.1e-07
PB.137323.2	16	2.9e-06
PB.137324.1	5	8.9e-07
PB.137325.1	2	3.6e-07
PB.137326.1	3	5.3e-07
PB.137327.1	2	3.6e-07
PB.137327.2	10	1.8e-06
PB.137329.1	2	3.6e-07
PB.137330.1	3	5.3e-07
PB.137331.1	2	3.6e-07
PB.137331.2	3	5.3e-07
PB.137332.1	2	3.6e-07
PB.137333.1	2	3.6e-07
PB.137334.1	2	3.6e-07
PB.137335.1	138	2.5e-05
PB.137335.2	2	3.6e-07
PB.137336.1	3	5.3e-07
PB.137337.1	17	3e-06
PB.137337.3	4	7.1e-07
PB.137339.1	31	5.5e-06
PB.137340.2	3	5.3e-07
PB.137341.1	2	3.6e-07
PB.137341.2	2	3.6e-07
PB.137343.1	2	3.6e-07
PB.137343.2	2	3.6e-07
PB.137343.3	2	3.6e-07
PB.137344.2	811	0.00014
PB.137344.4	2	3.6e-07
PB.137345.1	2	3.6e-07
PB.137346.2	2	3.6e-07
PB.137347.1	4	7.1e-07
PB.137347.2	15	2.7e-06
PB.137348.1	4	7.1e-07
PB.137350.1	3	5.3e-07
PB.137350.2	9	1.6e-06
PB.137350.3	4	7.1e-07
PB.137350.4	29	5.2e-06
PB.137350.5	3	5.3e-07
PB.137350.6	2	3.6e-07
PB.137350.7	2	3.6e-07
PB.137351.2	3	5.3e-07
PB.137351.3	7	1.2e-06
PB.137351.4	2	3.6e-07
PB.137351.5	154	2.7e-05
PB.137352.1	2	3.6e-07
PB.137353.3	6	1.1e-06
PB.137354.1	2	3.6e-07
PB.137355.1	2	3.6e-07
PB.137355.2	2	3.6e-07
PB.137356.1	2	3.6e-07
PB.137357.1	3	5.3e-07
PB.137359.1	2	3.6e-07
PB.137362.1	5	8.9e-07
PB.137363.1	18	3.2e-06
PB.137364.2	66	1.2e-05
PB.137365.1	2	3.6e-07
PB.137366.1	23	4.1e-06
PB.137366.2	38	6.8e-06
PB.137366.3	6	1.1e-06
PB.137367.1	2	3.6e-07
PB.137368.1	7	1.2e-06
PB.137369.1	179	3.2e-05
PB.137369.2	6	1.1e-06
PB.137370.1	15	2.7e-06
PB.137371.1	4	7.1e-07
PB.137371.3	3	5.3e-07
PB.137372.3	7	1.2e-06
PB.137374.1	8	1.4e-06
PB.137374.2	7	1.2e-06
PB.137374.3	5	8.9e-07
PB.137375.1	6	1.1e-06
PB.137376.1	3	5.3e-07
PB.137377.1	5	8.9e-07
PB.137377.2	10	1.8e-06
PB.137378.1	2	3.6e-07
PB.137379.2	6	1.1e-06
PB.137381.1	2	3.6e-07
PB.137381.3	181	3.2e-05
PB.137381.4	2	3.6e-07
PB.137382.1	2	3.6e-07
PB.137383.1	6	1.1e-06
PB.137383.2	2	3.6e-07
PB.137385.2	4	7.1e-07
PB.137387.1	3	5.3e-07
PB.137387.2	3	5.3e-07
PB.137387.3	3	5.3e-07
PB.137387.4	5	8.9e-07
PB.137387.5	8	1.4e-06
PB.137387.6	3	5.3e-07
PB.137387.7	39	6.9e-06
PB.137387.8	2	3.6e-07
PB.137392.1	7	1.2e-06
PB.137392.2	5	8.9e-07
PB.137392.3	2	3.6e-07
PB.137392.4	3	5.3e-07
PB.137393.1	9	1.6e-06
PB.137393.2	6	1.1e-06
PB.137393.3	8	1.4e-06
PB.137393.4	5	8.9e-07
PB.137393.5	3	5.3e-07
PB.137393.6	13	2.3e-06
PB.137395.1	34	6.1e-06
PB.137396.1	3	5.3e-07
PB.137399.2	13	2.3e-06
PB.137400.1	10	1.8e-06
PB.137400.2	4	7.1e-07
PB.137401.1	11	2e-06
PB.137402.1	6	1.1e-06
PB.137402.2	3	5.3e-07
PB.137403.1	81	1.4e-05
PB.137403.2	2	3.6e-07
PB.137404.1	2	3.6e-07
PB.137405.1	30	5.3e-06
PB.137405.2	22	3.9e-06
PB.137405.4	6	1.1e-06
PB.137406.1	8	1.4e-06
PB.137406.2	4	7.1e-07
PB.137407.1	4	7.1e-07
PB.137409.1	2	3.6e-07
PB.137410.2	8	1.4e-06
PB.137410.3	46	8.2e-06
PB.137410.4	5	8.9e-07
PB.137411.1	3	5.3e-07
PB.137411.2	2	3.6e-07
PB.137411.3	6	1.1e-06
PB.137411.4	2	3.6e-07
PB.137411.5	2	3.6e-07
PB.137412.1	3	5.3e-07
PB.137413.1	2	3.6e-07
PB.137414.1	7	1.2e-06
PB.137415.1	3	5.3e-07
PB.137416.1	3	5.3e-07
PB.137417.1	7	1.2e-06
PB.137418.1	2	3.6e-07
PB.137419.1	2	3.6e-07
PB.137421.1	2	3.6e-07
PB.137422.1	14	2.5e-06
PB.137422.2	2	3.6e-07
PB.137423.1	3	5.3e-07
PB.137423.2	2	3.6e-07
PB.137423.4	10	1.8e-06
PB.137425.1	4	7.1e-07
PB.137425.2	2	3.6e-07
PB.137425.3	3	5.3e-07
PB.137425.5	3	5.3e-07
PB.137425.6	2	3.6e-07
PB.137426.1	2	3.6e-07
PB.137427.1	7	1.2e-06
PB.143795.2	15	2.7e-06
PB.143795.3	5	8.9e-07
PB.143795.4	3	5.3e-07
PB.143796.1	2	3.6e-07
PB.143797.1	81	1.4e-05
PB.143799.1	2	3.6e-07
PB.143801.1	2	3.6e-07
PB.143802.1	2	3.6e-07
PB.143804.2	5	8.9e-07
PB.143804.4	3	5.3e-07
PB.143805.1	2	3.6e-07
PB.143807.1	2	3.6e-07
PB.143809.1	2	3.6e-07
PB.143809.2	3	5.3e-07
PB.143810.1	2	3.6e-07
PB.143811.1	6	1.1e-06
PB.143812.3	2	3.6e-07
PB.143812.4	2	3.6e-07
PB.143812.5	31	5.5e-06
PB.143813.1	3	5.3e-07
PB.143814.1	2	3.6e-07
PB.143814.2	8	1.4e-06
PB.143814.3	3	5.3e-07
PB.143814.4	2	3.6e-07
PB.143814.5	7	1.2e-06
PB.143814.6	4	7.1e-07
PB.143814.8	2	3.6e-07
PB.143815.1	2	3.6e-07
PB.143817.1	30	5.3e-06
PB.143822.1	5	8.9e-07
PB.143822.2	2	3.6e-07
PB.143822.3	3	5.3e-07
PB.143822.5	2	3.6e-07
PB.143826.1	13	2.3e-06
PB.143826.2	2	3.6e-07
PB.143826.3	2	3.6e-07
PB.143826.4	2	3.6e-07
PB.143826.5	49	8.7e-06
PB.143827.1	2	3.6e-07
PB.143828.1	202	3.6e-05
PB.143829.1	6	1.1e-06
PB.143830.1	2	3.6e-07
PB.143831.1	4	7.1e-07
PB.143832.1	3	5.3e-07
PB.143833.2	2	3.6e-07
PB.143834.1	5	8.9e-07
PB.143837.1	2	3.6e-07
PB.143838.1	4	7.1e-07
PB.143838.3	2	3.6e-07
PB.143838.4	38	6.8e-06
PB.143839.2	14	2.5e-06
PB.143839.3	230	4.1e-05
PB.143839.4	5	8.9e-07
PB.143841.2	3	5.3e-07
PB.143841.3	2	3.6e-07
PB.143841.5	2	3.6e-07
PB.143842.1	10	1.8e-06
PB.143844.1	3	5.3e-07
PB.143845.1	13	2.3e-06
PB.143849.1	2	3.6e-07
PB.143849.2	30	5.3e-06
PB.143850.1	38	6.8e-06
PB.143851.1	2	3.6e-07
PB.143852.1	3	5.3e-07
PB.143852.2	25	4.5e-06
PB.143852.3	168	3e-05
PB.143852.4	29	5.2e-06
PB.143852.5	15	2.7e-06
PB.143852.6	151	2.7e-05
PB.143852.7	2	3.6e-07
PB.143853.1	5	8.9e-07
PB.143855.1	5	8.9e-07
PB.143856.1	2	3.6e-07
PB.143857.1	3	5.3e-07
PB.143857.2	2	3.6e-07
PB.143859.1	5	8.9e-07
PB.143859.2	4	7.1e-07
PB.143862.1	2	3.6e-07
PB.143862.2	2	3.6e-07
PB.143862.3	2	3.6e-07
PB.143863.1	2	3.6e-07
PB.143863.2	7	1.2e-06
PB.143863.3	3	5.3e-07
PB.143863.4	3	5.3e-07
PB.143863.5	12	2.1e-06
PB.143863.6	2	3.6e-07
PB.143864.1	2	3.6e-07
PB.143865.1	2	3.6e-07
PB.143865.2	2	3.6e-07
PB.143866.1	3	5.3e-07
PB.143866.2	2	3.6e-07
PB.143866.3	2	3.6e-07
PB.143866.4	3	5.3e-07
PB.143866.5	7	1.2e-06
PB.143866.6	3	5.3e-07
PB.143868.1	2	3.6e-07
PB.143869.1	3	5.3e-07
PB.143871.1	2	3.6e-07
PB.143872.1	15	2.7e-06
PB.143873.2	4	7.1e-07
PB.143874.1	6	1.1e-06
PB.143875.1	2	3.6e-07
PB.143876.1	84	1.5e-05
PB.143876.2	3	5.3e-07
PB.143877.3	36	6.4e-06
PB.143878.1	2	3.6e-07
PB.143879.1	4	7.1e-07
PB.143879.2	2	3.6e-07
PB.143880.1	4	7.1e-07
PB.143882.1	4	7.1e-07
PB.143883.2	2	3.6e-07
PB.143883.3	2	3.6e-07
PB.143883.4	2	3.6e-07
PB.143883.5	4	7.1e-07
PB.143883.6	2	3.6e-07
PB.143883.7	201	3.6e-05
PB.143883.8	2	3.6e-07
PB.143883.9	12	2.1e-06
PB.143883.10	5	8.9e-07
PB.143883.11	3	5.3e-07
PB.143885.1	2	3.6e-07
PB.143885.2	2	3.6e-07
PB.143887.1	2	3.6e-07
PB.143888.1	4	7.1e-07
PB.143889.2	2	3.6e-07
PB.143890.1	3	5.3e-07
PB.143892.2	11	2e-06
PB.143894.1	2	3.6e-07
PB.143895.1	2	3.6e-07
PB.143896.1	2	3.6e-07
PB.143896.2	2	3.6e-07
PB.143897.1	4	7.1e-07
PB.143899.1	2	3.6e-07
PB.143900.1	2	3.6e-07
PB.143901.1	4	7.1e-07
PB.143901.2	13	2.3e-06
PB.143901.3	12	2.1e-06
PB.143901.4	7	1.2e-06
PB.143901.6	5	8.9e-07
PB.143901.7	2	3.6e-07
PB.143901.8	2	3.6e-07
PB.143901.9	2	3.6e-07
PB.143902.1	7	1.2e-06
PB.143905.1	2	3.6e-07
PB.143907.2	18	3.2e-06
PB.143907.3	5	8.9e-07
PB.143907.4	30	5.3e-06
PB.143907.5	2	3.6e-07
PB.143910.1	2	3.6e-07
PB.143910.3	2	3.6e-07
PB.143910.4	4	7.1e-07
PB.143910.5	2	3.6e-07
PB.143910.6	3	5.3e-07
PB.143911.1	2	3.6e-07
PB.143913.1	15	2.7e-06
PB.143914.1	3	5.3e-07
PB.143916.2	4	7.1e-07
PB.143916.3	2	3.6e-07
PB.143919.1	2	3.6e-07
PB.143919.2	2	3.6e-07
PB.143919.3	3	5.3e-07
PB.143921.1	6	1.1e-06
PB.143924.1	6	1.1e-06
PB.143925.1	15	2.7e-06
PB.143929.1	3	5.3e-07
PB.143930.2	2	3.6e-07
PB.143931.1	2	3.6e-07
PB.143931.2	5	8.9e-07
PB.143932.3	4	7.1e-07
PB.143933.1	5	8.9e-07
PB.143934.1	2	3.6e-07
PB.143935.1	4	7.1e-07
PB.143937.1	2	3.6e-07
PB.143938.1	3	5.3e-07
PB.143938.2	3	5.3e-07
PB.143938.3	2	3.6e-07
PB.143938.4	2	3.6e-07
PB.143940.1	7	1.2e-06
PB.143941.2	3	5.3e-07
PB.143942.1	3	5.3e-07
PB.150481.1	5	8.9e-07
PB.150482.1	6	1.1e-06
PB.150483.1	2	3.6e-07
PB.150485.3	2	3.6e-07
PB.150486.1	2	3.6e-07
PB.150487.1	4	7.1e-07
PB.150488.1	2	3.6e-07
PB.150490.1	2	3.6e-07
PB.150492.3	2	3.6e-07
PB.150492.4	3	5.3e-07
PB.150492.5	2	3.6e-07
PB.150492.6	5	8.9e-07
PB.150492.8	8	1.4e-06
PB.150492.9	7	1.2e-06
PB.150493.1	8	1.4e-06
PB.150495.1	2	3.6e-07
PB.150496.1	2	3.6e-07
PB.150496.2	2	3.6e-07
PB.150499.1	2	3.6e-07
PB.150501.1	7	1.2e-06
PB.150503.1	4	7.1e-07
PB.150503.2	3	5.3e-07
PB.150503.3	2	3.6e-07
PB.150503.4	4	7.1e-07
PB.150504.2	7	1.2e-06
PB.150505.1	70	1.2e-05
PB.150505.2	34	6.1e-06
PB.150505.3	2	3.6e-07
PB.150505.4	6	1.1e-06
PB.150505.5	3	5.3e-07
PB.150506.1	2	3.6e-07
PB.150507.1	3	5.3e-07
PB.150507.2	3	5.3e-07
PB.150510.1	18	3.2e-06
PB.150511.1	8	1.4e-06
PB.150514.1	2	3.6e-07
PB.150517.1	5	8.9e-07
PB.150518.1	78	1.4e-05
PB.150519.1	4	7.1e-07
PB.150519.3	3	5.3e-07
PB.150520.1	2	3.6e-07
PB.150522.2	50	8.9e-06
PB.150523.1	2	3.6e-07
PB.150525.1	2	3.6e-07
PB.150526.1	94	1.7e-05
PB.150527.1	8	1.4e-06
PB.150527.2	2	3.6e-07
PB.150528.1	2	3.6e-07
PB.150528.2	3	5.3e-07
PB.150530.2	25	4.5e-06
PB.150530.3	7	1.2e-06
PB.150530.4	2	3.6e-07
PB.150530.5	2	3.6e-07
PB.150530.6	4	7.1e-07
PB.150530.7	4	7.1e-07
PB.150530.8	2	3.6e-07
PB.150532.1	2	3.6e-07
PB.150533.1	2	3.6e-07
PB.150534.1	2	3.6e-07
PB.150534.3	6	1.1e-06
PB.150535.2	2	3.6e-07
PB.150536.1	2	3.6e-07
PB.150537.2	2	3.6e-07
PB.150537.3	2	3.6e-07
PB.150537.4	4	7.1e-07
PB.150537.5	2	3.6e-07
PB.150538.1	10	1.8e-06
PB.150539.1	2	3.6e-07
PB.150540.1	4	7.1e-07
PB.150541.1	5	8.9e-07
PB.150543.1	2	3.6e-07
PB.150543.2	2	3.6e-07
PB.150543.3	2	3.6e-07
PB.150543.4	2	3.6e-07
PB.150544.1	2	3.6e-07
PB.150545.2	2	3.6e-07
PB.150546.1	3	5.3e-07
PB.150546.2	3	5.3e-07
PB.150547.1	3	5.3e-07
PB.150548.1	9	1.6e-06
PB.150548.2	4	7.1e-07
PB.150548.3	5	8.9e-07
PB.150548.4	2	3.6e-07
PB.150548.5	7	1.2e-06
PB.150548.6	2	3.6e-07
PB.150549.2	3	5.3e-07
PB.150550.1	4	7.1e-07
PB.150551.1	2	3.6e-07
PB.150553.1	7	1.2e-06
PB.150554.1	7	1.2e-06
PB.150558.1	2	3.6e-07
PB.150558.2	3	5.3e-07
PB.150559.1	2	3.6e-07
PB.150560.1	3	5.3e-07
PB.150561.1	10	1.8e-06
PB.150561.2	4	7.1e-07
PB.150561.3	2	3.6e-07
PB.150561.4	4	7.1e-07
PB.150565.2	2	3.6e-07
PB.150566.1	5	8.9e-07
PB.150567.1	5	8.9e-07
PB.150567.2	5	8.9e-07
PB.150567.3	125	2.2e-05
PB.150567.4	6	1.1e-06
PB.150568.1	3	5.3e-07
PB.150569.1	2	3.6e-07
PB.150569.2	26	4.6e-06
PB.150569.3	2	3.6e-07
PB.150570.2	6	1.1e-06
PB.150571.1	6	1.1e-06
PB.150572.1	6	1.1e-06
PB.150578.1	5	8.9e-07
PB.150578.3	2	3.6e-07
PB.150578.4	4	7.1e-07
PB.150581.1	2	3.6e-07
PB.150582.1	4	7.1e-07
PB.150583.1	2	3.6e-07
PB.150583.2	6	1.1e-06
PB.150583.3	3	5.3e-07
PB.150583.4	2	3.6e-07
PB.150584.1	11	2e-06
PB.150585.1	4	7.1e-07
PB.150586.1	8	1.4e-06
PB.150586.2	7	1.2e-06
PB.150586.3	5	8.9e-07
PB.150586.4	54	9.6e-06
PB.150586.5	4	7.1e-07
PB.150586.6	212	3.8e-05
PB.150587.1	2	3.6e-07
PB.150588.1	3	5.3e-07
PB.150589.1	9	1.6e-06
PB.150589.3	16	2.9e-06
PB.150592.1	5	8.9e-07
PB.150592.3	2	3.6e-07
PB.150592.4	17	3e-06
PB.150592.5	39	6.9e-06
PB.150593.1	3	5.3e-07
PB.150594.1	2	3.6e-07
PB.150597.1	2	3.6e-07
PB.150599.1	2	3.6e-07
PB.150603.3	6	1.1e-06
PB.150604.1	5	8.9e-07
PB.150604.2	12	2.1e-06
PB.150604.3	6	1.1e-06
PB.150605.1	3	5.3e-07
PB.150606.1	3	5.3e-07
PB.150607.1	4	7.1e-07
PB.150608.1	2	3.6e-07
PB.150609.1	10	1.8e-06
PB.150609.2	9	1.6e-06
PB.150609.3	3	5.3e-07
PB.150609.4	2	3.6e-07
PB.150610.1	4	7.1e-07
PB.150615.2	2	3.6e-07
PB.150615.4	3	5.3e-07
PB.150617.1	7	1.2e-06
PB.150618.1	9	1.6e-06
PB.150620.1	13	2.3e-06
PB.150620.2	4	7.1e-07
PB.150620.3	222	4e-05
PB.150621.1	131	2.3e-05
PB.150622.1	5	8.9e-07
PB.150622.2	2	3.6e-07
PB.150622.3	5	8.9e-07
PB.150623.1	2	3.6e-07
PB.150624.1	2	3.6e-07
PB.150626.1	2	3.6e-07
PB.150627.1	3	5.3e-07
PB.150628.1	2	3.6e-07
PB.150628.2	2	3.6e-07
PB.150629.1	2	3.6e-07
PB.150631.1	4	7.1e-07
PB.150631.2	28	5e-06
PB.150632.2	17	3e-06
PB.150632.3	2	3.6e-07
PB.150632.4	2	3.6e-07
PB.150632.5	2	3.6e-07
PB.150632.6	3	5.3e-07
PB.150632.7	2	3.6e-07
PB.150633.1	9	1.6e-06
PB.150634.1	4	7.1e-07
PB.150635.1	2	3.6e-07
PB.150637.1	5	8.9e-07
PB.150637.2	20	3.6e-06
PB.150637.3	54	9.6e-06
PB.150637.5	2	3.6e-07
PB.150637.6	3	5.3e-07
PB.150638.1	2	3.6e-07
PB.157382.1	2	3.6e-07
PB.157383.1	2	3.6e-07
PB.157384.1	2	3.6e-07
PB.157385.1	16	2.9e-06
PB.157386.1	3	5.3e-07
PB.157388.1	2	3.6e-07
PB.157389.1	2	3.6e-07
PB.157392.1	2	3.6e-07
PB.157393.1	9	1.6e-06
PB.157393.2	9	1.6e-06
PB.157394.1	2	3.6e-07
PB.157395.1	25	4.5e-06
PB.157395.2	2	3.6e-07
PB.157395.3	4	7.1e-07
PB.157396.1	3	5.3e-07
PB.157396.2	25	4.5e-06
PB.157397.1	10	1.8e-06
PB.157398.1	245	4.4e-05
PB.157398.2	4	7.1e-07
PB.157398.3	2	3.6e-07
PB.157398.4	3	5.3e-07
PB.157398.5	9	1.6e-06
PB.157398.7	6	1.1e-06
PB.157399.1	6	1.1e-06
PB.157400.1	6	1.1e-06
PB.157401.1	35	6.2e-06
PB.157402.1	69	1.2e-05
PB.157403.1	2	3.6e-07
PB.157403.2	2	3.6e-07
PB.157403.3	2	3.6e-07
PB.157403.4	2	3.6e-07
PB.157404.1	10	1.8e-06
PB.157407.1	4	7.1e-07
PB.157409.1	3	5.3e-07
PB.157411.1	2	3.6e-07
PB.157414.1	2	3.6e-07
PB.157415.1	4	7.1e-07
PB.157416.2	6	1.1e-06
PB.157417.1	9	1.6e-06
PB.157418.1	3	5.3e-07
PB.157419.1	7	1.2e-06
PB.157420.1	6	1.1e-06
PB.157421.1	7	1.2e-06
PB.157421.2	37	6.6e-06
PB.157421.3	2	3.6e-07
PB.157421.4	2	3.6e-07
PB.157422.1	2	3.6e-07
PB.157423.1	11	2e-06
PB.157425.1	18	3.2e-06
PB.157425.2	3	5.3e-07
PB.157425.3	29	5.2e-06
PB.157425.4	3	5.3e-07
PB.157427.1	11	2e-06
PB.157427.3	5	8.9e-07
PB.157427.5	2	3.6e-07
PB.157427.6	2	3.6e-07
PB.157427.7	2	3.6e-07
PB.157428.1	2	3.6e-07
PB.157429.1	2	3.6e-07
PB.157430.1	9	1.6e-06
PB.157432.1	4	7.1e-07
PB.157433.1	3	5.3e-07
PB.157433.2	32	5.7e-06
PB.157434.1	4	7.1e-07
PB.157435.1	14	2.5e-06
PB.157436.1	2	3.6e-07
PB.157438.1	2	3.6e-07
PB.157439.1	4	7.1e-07
PB.157441.1	2	3.6e-07
PB.157441.2	23	4.1e-06
PB.157442.3	2	3.6e-07
PB.157442.4	2	3.6e-07
PB.157442.5	9	1.6e-06
PB.157443.1	15	2.7e-06
PB.157443.2	199	3.5e-05
PB.157443.3	2	3.6e-07
PB.157444.1	3	5.3e-07
PB.157445.1	4	7.1e-07
PB.157446.2	15	2.7e-06
PB.157447.1	68	1.2e-05
PB.157447.2	2	3.6e-07
PB.157447.3	2	3.6e-07
PB.157449.1	7	1.2e-06
PB.157450.1	28	5e-06
PB.157450.2	6	1.1e-06
PB.157450.3	4	7.1e-07
PB.157451.1	2	3.6e-07
PB.157451.2	4	7.1e-07
PB.157453.1	5	8.9e-07
PB.157454.1	5	8.9e-07
PB.157455.1	5	8.9e-07
PB.157456.1	2	3.6e-07
PB.157456.2	84	1.5e-05
PB.157457.1	36	6.4e-06
PB.157457.2	8	1.4e-06
PB.157457.3	2	3.6e-07
PB.157459.1	3	5.3e-07
PB.157460.1	6	1.1e-06
PB.157461.1	3	5.3e-07
PB.157461.2	2	3.6e-07
PB.157462.1	5	8.9e-07
PB.157465.1	7	1.2e-06
PB.157465.2	4	7.1e-07
PB.157465.3	12	2.1e-06
PB.157465.4	14	2.5e-06
PB.157465.5	34	6.1e-06
PB.157467.1	2	3.6e-07
PB.157468.1	2	3.6e-07
PB.157470.1	2	3.6e-07
PB.157471.1	3	5.3e-07
PB.157471.2	3	5.3e-07
PB.157472.1	3	5.3e-07
PB.157472.2	1217	0.00022
PB.157472.3	2	3.6e-07
PB.157473.2	16	2.9e-06
PB.157474.2	69	1.2e-05
PB.157476.1	4	7.1e-07
PB.157477.1	2	3.6e-07
PB.157478.1	19	3.4e-06
PB.157478.2	3	5.3e-07
PB.157478.3	13	2.3e-06
PB.157478.4	2	3.6e-07
PB.157479.1	203	3.6e-05
PB.157479.2	45	8e-06
PB.157479.3	2	3.6e-07
PB.157480.1	2	3.6e-07
PB.157480.2	17	3e-06
PB.157480.3	88	1.6e-05
PB.157480.4	7	1.2e-06
PB.157481.1	2	3.6e-07
PB.157482.1	5	8.9e-07
PB.157483.1	2	3.6e-07
PB.157484.1	92	1.6e-05
PB.157487.1	20	3.6e-06
PB.157489.1	2	3.6e-07
PB.157490.1	3	5.3e-07
PB.157491.1	3	5.3e-07
PB.157492.1	2	3.6e-07
PB.157493.1	2	3.6e-07
PB.157494.1	2	3.6e-07
PB.157495.1	16	2.9e-06
PB.157495.2	2	3.6e-07
PB.157495.3	2	3.6e-07
PB.157495.4	5	8.9e-07
PB.157495.5	2	3.6e-07
PB.157497.1	6	1.1e-06
PB.157498.1	2	3.6e-07
PB.157501.1	182	3.2e-05
PB.157502.1	9	1.6e-06
PB.157503.1	2	3.6e-07
PB.157504.1	1316	0.00023
PB.157504.2	2	3.6e-07
PB.157504.3	3	5.3e-07
PB.157504.4	11	2e-06
PB.157504.5	2	3.6e-07
PB.157505.1	4	7.1e-07
PB.157506.1	5	8.9e-07
PB.157508.1	20	3.6e-06
PB.157510.1	2	3.6e-07
PB.157511.1	5	8.9e-07
PB.157512.1	8	1.4e-06
PB.157512.2	7	1.2e-06
PB.157512.4	6	1.1e-06
PB.157513.1	8	1.4e-06
PB.157513.2	2	3.6e-07
PB.157515.1	2	3.6e-07
PB.157516.1	2	3.6e-07
PB.157517.1	7	1.2e-06
PB.157518.1	4	7.1e-07
PB.157519.1	3	5.3e-07
PB.157520.1	2	3.6e-07
PB.157520.3	2	3.6e-07
PB.157520.4	2	3.6e-07
PB.157521.1	5	8.9e-07
PB.157521.2	2	3.6e-07
PB.157522.1	7	1.2e-06
PB.157522.2	8	1.4e-06
PB.157522.3	5	8.9e-07
PB.157523.2	2	3.6e-07
PB.157524.1	3	5.3e-07
PB.157527.2	5	8.9e-07
PB.157528.1	3	5.3e-07
PB.157529.1	2	3.6e-07
PB.157530.1	20	3.6e-06
PB.157531.1	2	3.6e-07
PB.157532.1	57	1e-05
PB.157532.2	9	1.6e-06
PB.157532.4	4	7.1e-07
PB.157533.1	3	5.3e-07
PB.157535.1	91	1.6e-05
PB.157536.1	3	5.3e-07
PB.157537.1	2	3.6e-07
PB.157538.1	2	3.6e-07
PB.157540.1	2	3.6e-07
PB.157541.1	8	1.4e-06
PB.157541.2	3	5.3e-07
PB.157542.1	44	7.8e-06
PB.157542.2	2	3.6e-07
PB.157542.3	6	1.1e-06
PB.157542.5	6	1.1e-06
PB.157542.6	2	3.6e-07
PB.157543.1	2	3.6e-07
PB.157544.1	3	5.3e-07
PB.157544.2	3	5.3e-07
PB.157545.1	8	1.4e-06
PB.157546.1	4	7.1e-07
PB.157546.2	2	3.6e-07
PB.157546.3	2	3.6e-07
PB.157546.4	5	8.9e-07
PB.157546.5	2	3.6e-07
PB.157546.6	5	8.9e-07
PB.157546.8	2	3.6e-07
PB.157547.1	5	8.9e-07
PB.157547.2	2	3.6e-07
PB.164508.1	52	9.3e-06
PB.164508.2	5	8.9e-07
PB.164508.3	2	3.6e-07
PB.164510.1	4	7.1e-07
PB.164515.1	34	6.1e-06
PB.164516.1	3	5.3e-07
PB.164517.1	7	1.2e-06
PB.164518.1	3	5.3e-07
PB.164519.2	2	3.6e-07
PB.164520.1	47	8.4e-06
PB.164521.1	19	3.4e-06
PB.164521.2	4	7.1e-07
PB.164521.3	2	3.6e-07
PB.164521.4	4	7.1e-07
PB.164521.5	2	3.6e-07
PB.164522.1	5	8.9e-07
PB.164523.1	7	1.2e-06
PB.164523.2	76	1.4e-05
PB.164523.3	10	1.8e-06
PB.164523.4	7	1.2e-06
PB.164524.1	5	8.9e-07
PB.164525.1	3	5.3e-07
PB.164525.2	4	7.1e-07
PB.164526.1	2	3.6e-07
PB.164527.1	2	3.6e-07
PB.164527.2	2	3.6e-07
PB.164527.3	6	1.1e-06
PB.164527.4	8	1.4e-06
PB.164528.1	5	8.9e-07
PB.164529.1	488	8.7e-05
PB.164530.1	353	6.3e-05
PB.164532.1	2	3.6e-07
PB.164532.2	6	1.1e-06
PB.164534.1	4	7.1e-07
PB.164538.1	157	2.8e-05
PB.164539.1	2	3.6e-07
PB.164540.1	9	1.6e-06
PB.164541.1	2	3.6e-07
PB.164542.1	2	3.6e-07
PB.164543.1	3	5.3e-07
PB.164545.1	24	4.3e-06
PB.164546.1	4	7.1e-07
PB.164547.1	18	3.2e-06
PB.164547.2	4	7.1e-07
PB.164547.3	11	2e-06
PB.164547.4	24	4.3e-06
PB.164547.5	2	3.6e-07
PB.164547.6	5	8.9e-07
PB.164547.7	94	1.7e-05
PB.164547.8	55	9.8e-06
PB.164547.9	29	5.2e-06
PB.164547.10	13	2.3e-06
PB.164547.11	2	3.6e-07
PB.164549.1	40	7.1e-06
PB.164550.1	13	2.3e-06
PB.164551.1	4	7.1e-07
PB.164553.1	5	8.9e-07
PB.164553.2	5	8.9e-07
PB.164554.1	5	8.9e-07
PB.164554.2	113	2e-05
PB.164556.1	2	3.6e-07
PB.164557.1	3084	0.00055
PB.164557.2	2	3.6e-07
PB.164557.3	27	4.8e-06
PB.164557.5	4	7.1e-07
PB.164558.1	4	7.1e-07
PB.164558.2	8	1.4e-06
PB.164558.3	3	5.3e-07
PB.164558.4	5	8.9e-07
PB.164559.1	6	1.1e-06
PB.164559.2	170	3e-05
PB.164559.3	74	1.3e-05
PB.164559.4	7	1.2e-06
PB.164559.5	12	2.1e-06
PB.164560.1	4	7.1e-07
PB.164561.1	78	1.4e-05
PB.164562.1	8	1.4e-06
PB.164562.2	2	3.6e-07
PB.164563.1	2	3.6e-07
PB.164564.1	3	5.3e-07
PB.164564.2	4	7.1e-07
PB.164565.2	14	2.5e-06
PB.164566.2	4	7.1e-07
PB.164566.3	5	8.9e-07
PB.164567.1	3	5.3e-07
PB.164568.1	2	3.6e-07
PB.164569.1	2	3.6e-07
PB.164570.1	2	3.6e-07
PB.164571.1	13	2.3e-06
PB.164572.1	76	1.4e-05
PB.164573.1	8	1.4e-06
PB.164573.2	20	3.6e-06
PB.164574.1	31	5.5e-06
PB.164575.1	2	3.6e-07
PB.164576.1	3	5.3e-07
PB.164576.2	260	4.6e-05
PB.164577.1	2	3.6e-07
PB.164580.1	285	5.1e-05
PB.164580.2	3	5.3e-07
PB.164581.1	3	5.3e-07
PB.164581.2	3	5.3e-07
PB.164581.3	4	7.1e-07
PB.164581.4	17	3e-06
PB.164581.5	2	3.6e-07
PB.164585.1	3	5.3e-07
PB.164586.2	55	9.8e-06
PB.164587.1	2	3.6e-07
PB.164588.1	2	3.6e-07
PB.164589.1	2	3.6e-07
PB.164590.1	4	7.1e-07
PB.164592.1	2	3.6e-07
PB.164593.1	12	2.1e-06
PB.164594.1	3	5.3e-07
PB.164595.1	37	6.6e-06
PB.164596.1	3	5.3e-07
PB.164597.1	2	3.6e-07
PB.164598.1	3	5.3e-07
PB.164599.1	4	7.1e-07
PB.164601.1	5	8.9e-07
PB.164604.1	13	2.3e-06
PB.164606.1	2	3.6e-07
PB.164606.2	13	2.3e-06
PB.164607.1	5	8.9e-07
PB.164607.2	3	5.3e-07
PB.164608.1	3	5.3e-07
PB.164609.1	3	5.3e-07
PB.164611.1	6	1.1e-06
PB.164613.1	5	8.9e-07
PB.164614.2	619	0.00011
PB.164614.3	2	3.6e-07
PB.164615.1	2	3.6e-07
PB.164619.1	26	4.6e-06
PB.164620.1	3	5.3e-07
PB.164621.1	11	2e-06
PB.164622.1	3	5.3e-07
PB.164623.1	26	4.6e-06
PB.164624.1	2	3.6e-07
PB.164625.1	64	1.1e-05
PB.164625.3	2	3.6e-07
PB.164626.1	7	1.2e-06
PB.164627.1	2	3.6e-07
PB.164627.2	6	1.1e-06
PB.164628.2	46	8.2e-06
PB.164628.3	336	6e-05
PB.164629.1	7	1.2e-06
PB.164630.1	2	3.6e-07
PB.164631.1	6	1.1e-06
PB.164632.1	2	3.6e-07
PB.164632.2	10	1.8e-06
PB.164632.3	2	3.6e-07
PB.164635.1	19	3.4e-06
PB.164635.3	2	3.6e-07
PB.164636.1	6	1.1e-06
PB.164637.1	4	7.1e-07
PB.164638.1	2	3.6e-07
PB.164639.1	23	4.1e-06
PB.164641.1	7	1.2e-06
PB.164642.1	2	3.6e-07
PB.164643.1	2	3.6e-07
PB.164646.1	11	2e-06
PB.164647.1	3	5.3e-07
PB.164648.2	5	8.9e-07
PB.164650.1	234	4.2e-05
PB.164650.2	35	6.2e-06
PB.164650.3	2	3.6e-07
PB.164650.4	2	3.6e-07
PB.164651.1	2	3.6e-07
PB.164652.1	7	1.2e-06
PB.164653.1	87	1.5e-05
PB.164653.2	4	7.1e-07
PB.164653.3	296	5.3e-05
PB.164653.4	6	1.1e-06
PB.164653.5	28	5e-06
PB.164653.6	2	3.6e-07
PB.164653.7	4	7.1e-07
PB.164654.1	2	3.6e-07
PB.164655.1	35	6.2e-06
PB.164655.2	4	7.1e-07
PB.164655.3	2	3.6e-07
PB.164655.4	2	3.6e-07
PB.164655.5	16	2.9e-06
PB.164655.6	4	7.1e-07
PB.164655.7	2	3.6e-07
PB.164655.8	5	8.9e-07
PB.164655.9	2	3.6e-07
PB.164656.1	8	1.4e-06
PB.164657.1	8	1.4e-06
PB.164657.2	2	3.6e-07
PB.164658.1	4	7.1e-07
PB.164658.3	2	3.6e-07
PB.164658.4	2	3.6e-07
PB.164658.5	3	5.3e-07
PB.164658.6	3	5.3e-07
PB.164658.7	639	0.00011
PB.164659.1	2	3.6e-07
PB.164659.2	2	3.6e-07
PB.164660.1	13	2.3e-06
PB.164660.2	4	7.1e-07
